gene,rna_lfc,rna_p,prot_lfc,prot_p,mut_freq,concordant,transcriptomic,proteomic,genomic,score
ENSG00000181143,3.695677142857142,0.0001113380257053,1.1174655978825534,2.2074717876587477e-07,0.0571428571428571,True,3.695677142857142,1.1174655978825534,0.0571428571428571,0.978723404255319
ENSG00000001626,-2.437811428571427,4.8603174867854265e-06,-1.818866499875785,6.614986326918717e-17,0.0285714285714285,True,2.437811428571427,1.818866499875785,0.0285714285714285,0.9781028368794327
ENSG00000060718,2.4173542857142856,1.7791838240254923e-06,1.402464547362488,1.124085050842556e-15,0.0285714285714285,True,2.4173542857142856,1.402464547362488,0.0285714285714285,0.9734929078014184
ENSG00000170835,-6.34810380952381,4.338328754467562e-06,-2.5500158224920177,5.621178504770583e-13,0.019047619047619,True,6.34810380952381,2.5500158224920177,0.019047619047619,0.961968085106383
ENSG00000168702,-1.5612371428571432,1.893687182848988e-05,-1.0599805059736376,0.3757575757575758,0.0857142857142857,True,1.5612371428571432,1.0599805059736376,0.0857142857142857,0.9567375886524823
ENSG00000174672,-3.082678095238096,5.52512373796874e-07,-1.9553734296027196,8.086401182301124e-13,0.019047619047619,True,3.082678095238096,1.9553734296027196,0.019047619047619,0.9562943262411348
ENSG00000115361,-3.025181904761907,2.4266774777168282e-08,-1.982807936209035,2.605939737437246e-15,0.019047619047619,True,3.025181904761907,1.982807936209035,0.019047619047619,0.9562943262411345
ENSG00000089250,-2.2053057142857133,5.412400520805799e-07,-0.9775352786582624,0.0017584777027986,0.0285714285714285,True,2.2053057142857133,0.9775352786582624,0.0285714285714285,0.9550531914893616
ENSG00000158125,2.788458095238094,7.257346623806012e-09,0.8358933211388297,5.864749838449693e-10,0.0285714285714285,True,2.788458095238094,0.8358933211388297,0.0285714285714285,0.9515070921985815
ENSG00000171345,2.6875676190476216,6.035281880528251e-10,1.4329688825111262,7.850937506669517e-20,0.019047619047619,True,2.6875676190476216,1.4329688825111262,0.019047619047619,0.9495567375886524
ENSG00000106236,-1.9189942857142863,6.23930729144831e-08,-0.9440217467606152,7.933895089049691e-10,0.0285714285714285,True,1.9189942857142863,0.9440217467606152,0.0285714285714285,0.9483156028368793
ENSG00000050555,-1.6456885714285718,1.1034712697432064e-06,-0.9801961412341456,5.138034301250926e-10,0.0285714285714285,True,1.6456885714285718,0.9801961412341456,0.0285714285714285,0.9453014184397163
ENSG00000117983,2.41707523809524,1.2294409310364314e-05,1.2256497454659725,3.760149443735435e-09,0.019047619047619,True,2.41707523809524,1.2256497454659725,0.019047619047619,0.9419326241134751
ENSG00000198758,2.9938619047619035,9.686095035864557e-08,1.044207898982641,3.029716041246893e-12,0.019047619047619,True,2.9938619047619035,1.044207898982641,0.019047619047619,0.938386524822695
ENSG00000115414,1.728475238095239,6.645920610221698e-07,1.2416246879539052,2.0256674848995503e-16,0.019047619047619,True,1.728475238095239,1.2416246879539052,0.019047619047619,0.9321808510638296
ENSG00000215182,3.9745971428571383,0.0020232963073441,0.8816745410102307,5.475745196701596e-05,0.019047619047619,True,3.9745971428571383,0.8816745410102307,0.019047619047619,0.9309397163120567
ENSG00000141338,-1.5695790476190474,5.046801228247668e-06,-1.250676122271155,5.783166945260148e-15,0.019047619047619,True,1.5695790476190474,1.250676122271155,0.019047619047619,0.9286347517730495
ENSG00000197915,-1.2591514285714285,9.004736260389968e-06,0.8799553859220381,0.4121212121212121,0.0285714285714285,False,1.2591514285714285,0.8799553859220381,0.0285714285714285,0.9268617021276595
ENSG00000149294,-2.3231847619047645,1.5332156847809413e-08,-0.9564035898002884,3.291399567236996e-15,0.019047619047619,True,2.3231847619047645,0.9564035898002884,0.019047619047619,0.9266843971631205
ENSG00000113389,1.6879704761904772,1.4732715515108945e-05,1.1343467274181125,5.506062239247632e-13,0.019047619047619,True,1.6879704761904772,1.1343467274181125,0.019047619047619,0.9261524822695035
ENSG00000133110,1.4590371428571416,0.000204258112726,1.2679080731089698,2.3571602819054748e-15,0.019047619047619,True,1.4590371428571416,1.2679080731089698,0.019047619047619,0.9257978723404254
ENSG00000133116,-1.1727323809523795,2.165628035809589e-06,0.878866684522901,0.0060847851013732,0.0285714285714285,False,1.1727323809523795,0.878866684522901,0.0285714285714285,0.9236702127659575
ENSG00000160957,1.164653333333332,2.718189675395081e-07,-1.844259579384552,0.0038688196020523,0.019047619047619,False,1.164653333333332,1.844259579384552,0.019047619047619,0.9218971631205672
ENSG00000138759,-1.3203466666666657,5.936676442544318e-05,-1.2353263214364816,9.785794775474704e-15,0.019047619047619,True,1.3203466666666657,1.2353263214364816,0.019047619047619,0.9204787234042553
ENSG00000066032,-2.012422857142857,9.392786573631748e-07,-0.5955409789038804,6.323964802639985e-06,0.0380952380952381,True,2.012422857142857,0.5955409789038804,0.0380952380952381,0.9151595744680849
ENSG00000150893,-1.2877066666666668,0.0003504214373957,-1.139246514655884,7.02381471916399e-12,0.019047619047619,True,1.2877066666666668,1.139246514655884,0.019047619047619,0.9149822695035461
ENSG00000186472,-1.2058142857142862,4.768574591534274e-06,-1.129509811362272,0.0047331602310561,0.019047619047619,True,1.2058142857142862,1.129509811362272,0.019047619047619,0.9110815602836879
ENSG00000141068,-1.4410104761904758,6.098659268104263e-08,-0.9065082996457932,3.707683663120003e-13,0.019047619047619,True,1.4410104761904758,0.9065082996457932,0.019047619047619,0.9084219858156026
ENSG00000117724,2.3521380952380966,6.344940055071246e-10,0.7287976362156492,1.0898764285458372e-05,0.019047619047619,True,2.3521380952380966,0.7287976362156492,0.019047619047619,0.9073581560283688
ENSG00000067842,-0.8624247619047611,0.0019099742668474,-2.096797945439537,0.0484848484848484,0.019047619047619,True,0.8624247619047611,2.096797945439537,0.019047619047619,0.9031028368794325
ENSG00000198959,1.156362857142856,5.979862850381644e-06,0.9700109845718146,2.9492817260812896e-14,0.019047619047619,True,1.156362857142856,0.9700109845718146,0.019047619047619,0.9004432624113474
ENSG00000147889,1.205581904761905,0.0308988187801354,0.6009760633451791,0.0194854725747174,0.2285714285714285,True,1.205581904761905,0.6009760633451791,0.2285714285714285,0.8994680851063829
ENSG00000121361,-1.081256190476191,1.230541611958145e-07,-1.0135364535720193,3.6983103344659408e-06,0.019047619047619,True,1.081256190476191,1.0135364535720193,0.019047619047619,0.8992021276595745
ENSG00000130226,-1.912113333333334,1.0122190218010184e-07,0.7230633781038307,0.2044929486531266,0.019047619047619,False,1.912113333333334,0.7230633781038307,0.019047619047619,0.8990248226950355
ENSG00000070182,-2.0912266666666657,1.0327313848155497e-08,-0.6660008604970038,2.8203258862963574e-06,0.019047619047619,True,2.0912266666666657,0.6660008604970038,0.019047619047619,0.8960106382978723
ENSG00000172572,-1.2186895238095214,9.171414299424e-09,-0.5956983925866126,2.6123078813931184e-12,0.0285714285714285,True,1.2186895238095214,0.5956983925866126,0.0285714285714285,0.8898049645390071
ENSG00000277363,-0.9851028571428566,0.0002174749785665,-0.917693628380878,1.437699799030889e-12,0.019047619047619,True,0.9851028571428566,0.917693628380878,0.019047619047619,0.8882092198581559
ENSG00000075340,-1.3031952380952383,8.31790942528293e-07,-0.7311169559987114,1.0963992616114027e-11,0.019047619047619,True,1.3031952380952383,0.7311169559987114,0.019047619047619,0.8853723404255318
ENSG00000083857,0.9068533333333306,1.2155553480335916e-08,0.6699505059562263,2.0256674848995503e-16,0.0285714285714285,True,0.9068533333333306,0.6699505059562263,0.0285714285714285,0.8828900709219858
ENSG00000171724,-1.1334857142857144,1.1487210892982683e-06,-0.7448638254537769,6.696566671333458e-12,0.019047619047619,True,1.1334857142857144,0.7448638254537769,0.019047619047619,0.8804078014184396
ENSG00000130635,0.7073847619047626,0.0058951676138137,1.147201393082142,1.396890571273964e-13,0.019047619047619,True,0.7073847619047626,1.147201393082142,0.019047619047619,0.8754432624113475
ENSG00000082438,-0.65119619047619,0.0001187574825635,-1.2168129446023883,9.73782297533547e-17,0.019047619047619,True,0.65119619047619,1.2168129446023883,0.019047619047619,0.8718971631205672
ENSG00000085563,-1.1724780952380964,1.8501048496030976e-06,-0.5129528227297264,0.0008658612297371,0.0285714285714285,True,1.1724780952380964,0.5129528227297264,0.0285714285714285,0.8683510638297872
ENSG00000138347,-0.677231428571428,0.1972326311593544,-1.019710914611384,0.0001261631262561,0.019047619047619,True,0.677231428571428,1.019710914611384,0.019047619047619,0.8667553191489361
ENSG00000165113,-1.3240447619047622,3.5525329128669893e-09,-0.5857289800265733,0.0088045546062201,0.019047619047619,True,1.3240447619047622,0.5857289800265733,0.019047619047619,0.863918439716312
ENSG00000136011,-1.8188590476190496,3.4402091123520595e-05,-0.5228462015391351,0.0576881850254078,0.019047619047619,True,1.8188590476190496,0.5228462015391351,0.019047619047619,0.8624999999999998
ENSG00000198838,-1.212449523809525,3.0727621370968678e-06,-0.4663252984350912,0.0012199581354458,0.0380952380952381,True,1.212449523809525,0.4663252984350912,0.0380952380952381,0.8619680851063829
ENSG00000135074,0.9097723809523774,3.9419337169285305e-06,0.7176281678052696,1.333696458715704e-06,0.019047619047619,True,0.9097723809523774,0.7176281678052696,0.019047619047619,0.8601950354609929
ENSG00000184347,-1.641173333333331,4.337333159639645e-06,-0.5292644562574687,6.359187865228765e-09,0.019047619047619,True,1.641173333333331,0.5292644562574687,0.019047619047619,0.8594858156028367
ENSG00000018625,-2.047434285714285,1.8509414599320967e-06,-0.4820806677207763,9.572744988615487e-05,0.019047619047619,True,2.047434285714285,0.4820806677207763,0.019047619047619,0.8534574468085105
ENSG00000225614,0.394604761904759,0.1029560765566765,-1.1339962742437422,2.1873987124968577e-05,0.0380952380952381,False,0.394604761904759,1.1339962742437422,0.0380952380952381,0.8513297872340426
ENSG00000132970,-1.1488676190476186,1.5535584039075055e-09,-0.5611054540205984,0.0085256590674547,0.019047619047619,True,1.1488676190476186,0.5611054540205984,0.019047619047619,0.8497340425531914
ENSG00000108821,0.6176304761904756,0.0406298468918017,0.8570980528076149,2.496763764764342e-10,0.019047619047619,True,0.6176304761904756,0.8570980528076149,0.019047619047619,0.8488475177304964
ENSG00000187690,-1.1928323809523809,0.0001841219643076,0.4343889811569994,0.0693833387858868,0.0285714285714285,False,1.1928323809523809,0.4343889811569994,0.0285714285714285,0.8476063829787234
ENSG00000164659,-1.2804685714285728,1.402556262660384e-06,0.5161528402032864,0.0082332891574698,0.019047619047619,False,1.2804685714285728,0.5161528402032864,0.019047619047619,0.8453014184397163
ENSG00000180263,0.9616895238095252,3.813940535923454e-09,0.5787650636976629,1.9694817986712158e-13,0.019047619047619,True,0.9616895238095252,0.5787650636976629,0.019047619047619,0.84281914893617
ENSG00000146197,0.6966838095238099,0.0032403891346983,0.6608879310039875,6.395391057057992e-06,0.019047619047619,True,0.6966838095238099,0.6608879310039875,0.019047619047619,0.8357269503546099
ENSG00000133083,-1.536595238095238,2.294334439819583e-07,-0.4295196861163397,0.0002565213675381,0.019047619047619,True,1.536595238095238,0.4295196861163397,0.019047619047619,0.8293439716312057
ENSG00000163554,-0.5841000000000003,0.0438477554104545,-0.7253161463859144,3.89498008227162e-06,0.019047619047619,True,0.5841000000000003,0.7253161463859144,0.019047619047619,0.8286347517730497
ENSG00000196569,-0.7906647619047593,0.0003667070567288,-0.442011453358095,3.497895805038764e-05,0.0285714285714285,True,0.7906647619047593,0.442011453358095,0.0285714285714285,0.8234929078014184
ENSG00000112902,-0.4727057142857127,0.002105096865265,-0.5963343259296501,0.0102928089757866,0.0380952380952381,True,0.4727057142857127,0.5963343259296501,0.0380952380952381,0.8204787234042552
ENSG00000186185,0.6237790476190455,1.0625638451948476e-05,0.5965296569169283,0.0233412605281029,0.019047619047619,True,0.6237790476190455,0.5965296569169283,0.019047619047619,0.815868794326241
ENSG00000177409,0.7407676190476202,4.301652179413254e-05,0.540891284230554,7.433630509349058e-10,0.019047619047619,True,0.7407676190476202,0.540891284230554,0.019047619047619,0.8151595744680851
ENSG00000126246,-0.578260952380953,0.0002702601887915,0.6282667273851743,0.0121867281880432,0.019047619047619,False,0.578260952380953,0.6282667273851743,0.019047619047619,0.8151595744680851
ENSG00000157423,-1.491603809523812,1.6117942469852758e-06,0.2989754859167277,0.3736882481506253,0.0380952380952381,False,1.491603809523812,0.2989754859167277,0.0380952380952381,0.8137411347517731
ENSG00000105675,-2.2832647619047624,5.8628228285650646e-05,-0.3413518814224527,0.0523450632731632,0.019047619047619,True,2.2832647619047624,0.3413518814224527,0.019047619047619,0.813386524822695
ENSG00000226321,-0.373229523809524,0.0872243135213545,-1.1994005461835435,0.0019229055274802,0.019047619047619,True,0.373229523809524,1.1994005461835435,0.019047619047619,0.8119680851063829
ENSG00000163618,-1.7138361904761883,2.7176729251160216e-07,-0.360128236808162,0.0008522476988242,0.019047619047619,True,1.7138361904761883,0.360128236808162,0.019047619047619,0.811613475177305
ENSG00000133703,0.6853390476190491,9.466937449075705e-08,0.4144081036433782,3.1165471032598095e-07,0.961904761904762,True,0.6853390476190491,0.4144081036433782,0.961904761904762,0.8113475177304965
ENSG00000142449,-0.3844257142857143,0.1563434838995498,0.6413611464295812,5.356211493104849e-06,0.0571428571428571,False,0.3844257142857143,0.6413611464295812,0.0571428571428571,0.8083333333333332
ENSG00000142347,-0.5265695238095223,0.0006537824060929,0.6338528356128244,1.752261257598656e-09,0.019047619047619,False,0.5265695238095223,0.6338528356128244,0.019047619047619,0.8073581560283687
ENSG00000136111,-0.6618495238095221,5.691261059059737e-08,-0.5353986349790532,2.2801631887560364e-17,0.019047619047619,True,0.6618495238095221,0.5353986349790532,0.019047619047619,0.8062943262411346
ENSG00000140691,-0.3232542857142855,0.0021056621906274,1.6427036963414636,3.822501277531477e-08,0.019047619047619,False,0.3232542857142855,1.6427036963414636,0.019047619047619,0.8045212765957446
ENSG00000165124,-1.2835819047619026,2.250461517095427e-06,0.3014527923116183,0.0001788142831188,0.0285714285714285,False,1.2835819047619026,0.3014527923116183,0.0285714285714285,0.8025709219858156
ENSG00000204983,-6.273119999999999,1.4211533946141607e-05,-2.750904923697444,1.9983870782450064e-12,0.0095238095238095,True,6.273119999999999,2.750904923697444,0.0095238095238095,0.8023936170212764
ENSG00000129646,-0.7601352380952395,1.2749674921097056e-05,0.4880219103554495,0.3831547188740328,0.019047619047619,False,0.7601352380952395,0.4880219103554495,0.019047619047619,0.8023936170212764
ENSG00000091704,-6.942342857142856,5.869724937526171e-06,-2.528529728931229,1.1213924452214201e-13,0.0095238095238095,True,6.942342857142856,2.528529728931229,0.0095238095238095,0.8022163120567376
ENSG00000114204,-5.470186666666666,6.817411791621982e-06,-2.9716361647028826,2.605939737437246e-15,0.0095238095238095,True,5.470186666666666,2.9716361647028826,0.0095238095238095,0.8018617021276595
ENSG00000266200,-5.752883809523811,0.0001025972068149,-2.018625846117441,4.115219505407333e-05,0.0095238095238095,True,5.752883809523811,2.018625846117441,0.0095238095238095,0.8004432624113473
ENSG00000138161,-5.337852380952382,1.527469679020119e-05,-1.877221795054023,2.389512070585937e-12,0.0095238095238095,True,5.337852380952382,1.877221795054023,0.0095238095238095,0.7990248226950354
ENSG00000087510,0.7123038095238101,0.0578923950702199,-0.3974914644207565,0.1062937062937063,0.0285714285714285,False,0.7123038095238101,0.3974914644207565,0.0285714285714285,0.7981382978723404
ENSG00000102531,-0.3934980952380975,6.444820131946804e-06,-0.812401779560588,3.547608890178619e-13,0.019047619047619,True,0.3934980952380975,0.812401779560588,0.019047619047619,0.7972517730496453
ENSG00000130508,0.5565000000000051,0.0194395834485154,0.5576381194365787,2.2437484771795058e-11,0.019047619047619,True,0.5565000000000051,0.5576381194365787,0.019047619047619,0.7963652482269503
ENSG00000131746,4.766642857142855,1.7200147903040432e-08,1.4709914417761816,1.1148769390098013e-15,0.0095238095238095,True,4.766642857142855,1.4709914417761816,0.0095238095238095,0.7954787234042553
ENSG00000010438,-2.6342638095238087,0.0009631678128055,-2.514780026910888,1.3803584465654895e-11,0.0095238095238095,True,2.6342638095238087,2.514780026910888,0.0095238095238095,0.7949468085106381
ENSG00000151224,-2.763886666666666,4.1759060231588335e-06,-1.8748194960312183,4.854785421040191e-12,0.0095238095238095,True,2.763886666666666,1.8748194960312183,0.0095238095238095,0.7945921985815603
ENSG00000205420,6.345510476190475,1.8537767437778293e-07,1.285281645485064,8.695405182971932e-06,0.0095238095238095,True,6.345510476190475,1.285281645485064,0.0095238095238095,0.792996453900709
ENSG00000138356,-2.596626666666665,1.0087485818810554e-08,-1.8712099577908283,4.017606357653338e-18,0.0095238095238095,True,2.596626666666665,1.8712099577908283,0.0095238095238095,0.792996453900709
ENSG00000119922,0.5879247619047625,0.0094622383967557,0.5195232831173549,2.9417576394476825e-08,0.019047619047619,True,0.5879247619047625,0.5195232831173549,0.019047619047619,0.7928191489361702
ENSG00000175497,-3.167642857142857,1.6406208027575948e-05,-1.442013197264366,0.0030732958879411,0.0095238095238095,True,3.167642857142857,1.442013197264366,0.0095238095238095,0.7926418439716312
ENSG00000165238,-2.70870761904762,7.361353367401608e-07,-1.6350026571325351,1.1945967496161348e-17,0.0095238095238095,True,2.70870761904762,1.6350026571325351,0.0095238095238095,0.7924645390070921
ENSG00000167754,2.5537038095238094,0.0005607773702556,-1.7172024655424654,0.0002877019779971,0.0095238095238095,False,2.5537038095238094,1.7172024655424654,0.0095238095238095,0.791223404255319
ENSG00000151150,-0.5280314285714258,0.0014223256468198,-0.5547748358530349,2.8960642183070978e-11,0.019047619047619,True,0.5280314285714258,0.5547748358530349,0.019047619047619,0.7906914893617021
ENSG00000169862,-3.245077142857141,3.3345633161377893e-08,-1.3560858084205591,8.833520864585938e-11,0.0095238095238095,True,3.245077142857141,1.3560858084205591,0.0095238095238095,0.7906914893617021
ENSG00000116299,-2.2913847619047605,3.083904300349248e-07,-2.0317693797533742,1.3767696692642282e-15,0.0095238095238095,True,2.2913847619047605,2.0317693797533742,0.0095238095238095,0.7901595744680849
ENSG00000087116,0.3489438095238117,0.1347023885897867,0.8934101286116345,2.313384846705088e-11,0.019047619047619,True,0.3489438095238117,0.8934101286116345,0.019047619047619,0.7898049645390071
ENSG00000169035,5.396733333333333,4.682102364612147e-07,1.207564176847864,6.90718312827256e-08,0.0095238095238095,True,5.396733333333333,1.207564176847864,0.0095238095238095,0.7892730496453899
ENSG00000189334,2.695697142857142,3.072369169345392e-09,1.4079726100839096,1.575509849179583e-15,0.0095238095238095,True,2.695697142857142,1.4079726100839096,0.0095238095238095,0.788918439716312
ENSG00000130294,-2.895009523809522,4.67071730645688e-08,-1.3054716132807087,5.067127689316021e-15,0.0095238095238095,True,2.895009523809522,1.3054716132807087,0.0095238095238095,0.788918439716312
ENSG00000148053,-2.6763628571428573,9.010193806587554e-10,-1.3151392698043765,9.794296921576273e-08,0.0095238095238095,True,2.6763628571428573,1.3151392698043765,0.0095238095238095,0.7873226950354608
ENSG00000146038,-2.331299047619048,2.208323695478672e-06,-1.491985544153863,6.364183019982577e-14,0.0095238095238095,True,2.331299047619048,1.491985544153863,0.0095238095238095,0.7867907801418439
ENSG00000055955,-2.35163238095238,0.0001150164750085,0.2736466408745386,5.8771766863564834e-05,0.019047619047619,False,2.35163238095238,0.2736466408745386,0.019047619047619,0.7864361702127659
ENSG00000172915,-0.9861723809523806,3.8978376921186785e-08,-0.3598550769097492,4.745011812935625e-10,0.019047619047619,True,0.9861723809523806,0.3598550769097492,0.019047619047619,0.7843085106382979
ENSG00000110436,-2.870572380952381,7.624757313478919e-06,-1.15242814067269,6.04571661496739e-05,0.0095238095238095,True,2.870572380952381,1.15242814067269,0.0095238095238095,0.7839539007092198
ENSG00000086548,3.4710238095238086,3.8028725200979213e-07,1.1246744016215438,1.992164564911407e-09,0.0095238095238095,True,3.4710238095238086,1.1246744016215438,0.0095238095238095,0.7835992907801419
ENSG00000123165,0.4442657142857142,0.054835873288495,0.6015844747190222,0.0006232171885677,0.019047619047619,True,0.4442657142857142,0.6015844747190222,0.019047619047619,0.7832446808510638
ENSG00000167755,5.794837142857142,1.3343249063488167e-08,1.0510358864684832,1.91863424646602e-08,0.0095238095238095,True,5.794837142857142,1.0510358864684832,0.0095238095238095,0.7832446808510638
ENSG00000113319,0.4246580952380956,0.0584119437283111,0.6249503687161564,2.4158798906750447e-06,0.019047619047619,True,0.4246580952380956,0.6249503687161564,0.019047619047619,0.7820035460992907
ENSG00000197444,-2.197874285714285,8.875970991022838e-08,-1.288018745239782,4.09039671677123e-17,0.0095238095238095,True,2.197874285714285,1.288018745239782,0.0095238095238095,0.7809397163120566
ENSG00000012223,-0.3981171428571439,0.6339935811510786,0.651890609356899,0.2388703084355258,0.019047619047619,False,0.3981171428571439,0.651890609356899,0.019047619047619,0.7800531914893616
ENSG00000168079,-3.014993333333333,1.0432519376503542e-05,-1.073647113160927,0.0019980019980019,0.0095238095238095,True,3.014993333333333,1.073647113160927,0.0095238095238095,0.7798758865248228
ENSG00000166535,3.558428571428571,7.259856225984032e-05,1.039220289385014,9.28723867698676e-05,0.0095238095238095,True,3.558428571428571,1.039220289385014,0.0095238095238095,0.7798758865248225
ENSG00000182022,0.2746819047619038,0.0239684982379888,0.793056742427158,0.0076872021952113,0.0285714285714285,True,0.2746819047619038,0.793056742427158,0.0285714285714285,0.7791666666666666
ENSG00000128294,-1.9464152380952375,1.611551515178601e-05,-1.3623573657010617,1.1941341292650992e-13,0.0095238095238095,True,1.9464152380952375,1.3623573657010617,0.0095238095238095,0.7786347517730496
ENSG00000169436,0.7098371428571397,0.0638993974496415,0.4198791896817724,0.0285114004634203,0.019047619047619,True,0.7098371428571397,0.4198791896817724,0.019047619047619,0.7784574468085106
ENSG00000105388,5.581319999999999,4.492454773386655e-07,0.9724876682128852,2.7079656153774638e-06,0.0095238095238095,True,5.581319999999999,0.9724876682128852,0.0095238095238095,0.7782801418439715
ENSG00000092853,1.1543485714285715,1.4637474538220853e-08,-0.3169214326818448,0.6611721611721613,0.019047619047619,False,1.1543485714285715,0.3169214326818448,0.019047619047619,0.7779255319148937
ENSG00000141401,-1.54284,0.0002462972394562,-2.278838716771688,1.9090893598024769e-13,0.0095238095238095,True,1.54284,2.278838716771688,0.0095238095238095,0.7775709219858156
ENSG00000112769,0.5714019047619043,0.0005248531451788,0.3860928459156412,8.34916568807155e-09,0.0285714285714285,True,0.5714019047619043,0.3860928459156412,0.0285714285714285,0.7773936170212766
ENSG00000164756,-2.49023333333333,1.4732211956719424e-05,-1.0805339059219108,8.223599136029355e-05,0.0095238095238095,True,2.49023333333333,1.0805339059219108,0.0095238095238095,0.7763297872340424
ENSG00000160949,0.974531428571428,4.7765536104165746e-08,0.3400735964230925,0.0043422288194683,0.019047619047619,True,0.974531428571428,0.3400735964230925,0.019047619047619,0.7757978723404255
ENSG00000122641,1.602222857142861,3.018700051562353e-07,1.553961975665647,1.37980241741513e-17,0.0095238095238095,True,1.602222857142861,1.553961975665647,0.0095238095238095,0.7745567375886524
ENSG00000145113,3.9034590476190463,1.31377139029896e-07,0.9354255614831288,2.751783522327714e-06,0.0095238095238095,True,3.9034590476190463,0.9354255614831288,0.0095238095238095,0.7743794326241134
ENSG00000135253,1.781735238095238,1.0181938315118233e-06,-1.2619968524856515,9.55738698272393e-06,0.0095238095238095,False,1.781735238095238,1.2619968524856515,0.0095238095238095,0.7742021276595743
ENSG00000162849,1.0738295238095237,0.0001829274437403,0.3169183664132582,0.0108641772414895,0.019047619047619,True,1.0738295238095237,0.3169183664132582,0.019047619047619,0.7736702127659574
ENSG00000187908,2.5614838095238124,0.0007031993899201,1.0023678944794696,1.2345515282026393e-05,0.0095238095238095,True,2.5614838095238124,1.0023678944794696,0.0095238095238095,0.7731382978723405
ENSG00000137573,1.5117961904761916,4.881019205034325e-07,1.5467515570929071,1.487042497922845e-18,0.0095238095238095,True,1.5117961904761916,1.5467515570929071,0.0095238095238095,0.7724290780141843
ENSG00000261150,2.180914285714284,2.1639086024184376e-08,1.074765093644256,3.5945812119685663e-19,0.0095238095238095,True,2.180914285714284,1.074765093644256,0.0095238095238095,0.7720744680851064
ENSG00000166123,-1.356004761904762,0.0020231139291383,-1.7648435991375635,1.4955459438392387e-14,0.0095238095238095,True,1.356004761904762,1.7648435991375635,0.0095238095238095,0.7701241134751773
ENSG00000171431,1.7481733333333342,0.0383440256770959,0.2556066871392275,0.5148942056044817,0.019047619047619,True,1.7481733333333342,0.2556066871392275,0.019047619047619,0.7694148936170213
ENSG00000115641,1.33126857142857,2.6562072171306332e-08,1.747209051116407,1.1082102382963453e-19,0.0095238095238095,True,1.33126857142857,1.747209051116407,0.0095238095238095,0.7685283687943261
ENSG00000103888,2.5412952380952394,1.2439406117856456e-08,0.9290065987289786,9.442697857034982e-09,0.0095238095238095,True,2.5412952380952394,0.9290065987289786,0.0095238095238095,0.7683510638297872
ENSG00000130589,0.9227323809523824,1.3738035869803923e-06,0.2672430946179425,1.5210251089670442e-05,0.0285714285714285,True,0.9227323809523824,0.2672430946179425,0.0285714285714285,0.7672872340425532
ENSG00000091583,-2.555762857142857,1.1954989809601251e-06,0.8932628292046303,2.308439754580678e-11,0.0095238095238095,False,2.555762857142857,0.8932628292046303,0.0095238095238095,0.766578014184397
ENSG00000173175,-1.8221228571428585,1.6814083782019186e-08,-1.0549002563967953,1.2508990837164211e-05,0.0095238095238095,True,1.8221228571428585,1.0549002563967953,0.0095238095238095,0.7662234042553191
ENSG00000077782,-1.0983380952381,1.4285269238233016e-08,-0.2981905496432873,0.0007388552193241,0.019047619047619,True,1.0983380952381,0.2981905496432873,0.019047619047619,0.7656914893617021
ENSG00000079308,-0.7647495238095257,2.1653644519725124e-06,0.3598197773230573,3.234904342366112e-08,0.019047619047619,False,0.7647495238095257,0.3598197773230573,0.019047619047619,0.7653368794326241
ENSG00000167880,1.7981695238095234,1.1069533973874808e-08,1.0456219924583363,1.7242981848886837e-18,0.0095238095238095,True,1.7981695238095234,1.0456219924583363,0.0095238095238095,0.7653368794326241
ENSG00000198910,0.3883276190476197,0.5624074711343363,-0.592973068419461,1.3937950593796508e-07,0.019047619047619,False,0.3883276190476197,0.592973068419461,0.019047619047619,0.764982269503546
ENSG00000168386,-0.3586076190476213,0.0124307797444008,0.6414471690726771,6.713427071483593e-11,0.019047619047619,False,0.3586076190476213,0.6414471690726771,0.019047619047619,0.7646276595744681
ENSG00000075426,0.2523295238095269,0.0481643748242568,1.1408123827768542,7.975802406885734e-14,0.019047619047619,True,0.2523295238095269,1.1408123827768542,0.019047619047619,0.7646276595744681
ENSG00000077522,-1.28545238095238,1.1043135265861049e-07,1.467243881917316,1.4247001691724668e-10,0.0095238095238095,False,1.28545238095238,1.467243881917316,0.0095238095238095,0.764450354609929
ENSG00000073417,-0.4941076190476199,9.158447286369738e-06,-0.4884427785679541,8.023292090152804e-05,0.019047619047619,True,0.4941076190476199,0.4884427785679541,0.019047619047619,0.76427304964539
ENSG00000105989,2.0770838095238098,5.2225144049404215e-08,0.9566701441725912,2.9590057616789275e-10,0.0095238095238095,True,2.0770838095238098,0.9566701441725912,0.0095238095238095,0.7637411347517731
ENSG00000101187,2.342750476190475,8.765942917682235e-09,0.8776400068212595,0.0097465134797923,0.0095238095238095,True,2.342750476190475,0.8776400068212595,0.0095238095238095,0.762677304964539
ENSG00000124507,-1.2724866666666663,0.0002873891867055,-1.41243583589252,1.7914931481124632e-10,0.0095238095238095,True,1.2724866666666663,1.41243583589252,0.0095238095238095,0.7621453900709219
ENSG00000143819,-1.1982190476190482,3.7293497664173256e-08,-1.4582012803089557,8.607811087796476e-13,0.0095238095238095,True,1.1982190476190482,1.4582012803089557,0.0095238095238095,0.7607269503546099
ENSG00000172346,-1.94795904761905,5.968615054524613e-08,-0.8941769114759559,0.0014700783579502,0.0095238095238095,True,1.94795904761905,0.8941769114759559,0.0095238095238095,0.7587765957446808
ENSG00000198901,1.7611114285714289,5.186134326152201e-10,0.9557337014488104,2.078275532390133e-06,0.0095238095238095,True,1.7611114285714289,0.9557337014488104,0.0095238095238095,0.7584219858156027
ENSG00000215421,-0.3829666666666647,9.444713957436552e-08,-0.5735616398168304,0.0004247491629331,0.019047619047619,True,0.3829666666666647,0.5735616398168304,0.019047619047619,0.7577127659574467
ENSG00000187867,-1.2219752380952382,0.0003780164907373,-1.2203420376116263,1.2019619156004651e-14,0.0095238095238095,True,1.2219752380952382,1.2203420376116263,0.0095238095238095,0.7562943262411346
ENSG00000116031,-0.4648238095238088,0.1509246819759602,0.476392202075413,0.068580187835922,0.019047619047619,False,0.4648238095238088,0.476392202075413,0.019047619047619,0.7557624113475176
ENSG00000178882,2.794921904761905,6.0085761957143954e-09,0.7510541539178313,9.813183817514574e-08,0.0095238095238095,True,2.794921904761905,0.7510541539178313,0.0095238095238095,0.7557624113475176
ENSG00000124126,-0.5896514285714272,0.0002041592009834,0.3879502838067452,3.25695717858146e-07,0.019047619047619,False,0.5896514285714272,0.3879502838067452,0.019047619047619,0.7538120567375886
ENSG00000160282,-1.633938095238094,1.7310915278620248e-05,-0.9234765333445444,0.0007173976920527,0.0095238095238095,True,1.633938095238094,0.9234765333445444,0.0095238095238095,0.7538120567375886
ENSG00000243509,2.521358095238094,2.605294689721829e-07,0.7402490447851591,9.487163614067026e-07,0.0095238095238095,True,2.521358095238094,0.7402490447851591,0.0095238095238095,0.7515070921985814
ENSG00000134516,-0.3170019047619057,0.006261467559015,0.4956635537342571,3.1165471032598095e-07,0.0666666666666666,False,0.3170019047619057,0.4956635537342571,0.0666666666666666,0.7511524822695035
ENSG00000178597,1.8430876190476195,0.0007031993899201,0.8285303197415317,0.0346207830667688,0.0095238095238095,True,1.8430876190476195,0.8285303197415317,0.0095238095238095,0.7509751773049644
ENSG00000186340,0.9778428571428606,0.0001043086013812,1.6482073915490396,1.1522689870511138e-17,0.0095238095238095,True,0.9778428571428606,1.6482073915490396,0.0095238095238095,0.7507978723404254
ENSG00000197142,1.88945142857143,2.7899449417838262e-09,0.8150009762716088,8.9895275192236e-09,0.0095238095238095,True,1.88945142857143,0.8150009762716088,0.0095238095238095,0.7504432624113475
ENSG00000126838,-0.8253895238095232,0.0040718529710692,-0.3069819642938078,0.036525457614403,0.019047619047619,True,0.8253895238095232,0.3069819642938078,0.019047619047619,0.7502659574468085
ENSG00000168961,0.457041904761903,0.0055455970514024,0.4505640658159748,6.531935446420411e-05,0.019047619047619,True,0.457041904761903,0.4505640658159748,0.019047619047619,0.7488475177304964
ENSG00000114270,1.7816228571428585,1.0596659443583385e-06,0.81369040404876,3.760149443735435e-09,0.0095238095238095,True,1.7816228571428585,0.81369040404876,0.0095238095238095,0.7486702127659575
ENSG00000146950,-0.5448133333333338,0.0090357749298655,-0.3951046043821726,4.995817438950379e-09,0.019047619047619,True,0.5448133333333338,0.3951046043821726,0.019047619047619,0.7484929078014184
ENSG00000116127,-0.4199809523809499,7.601997039397854e-08,-0.4902851696249115,1.450971151887962e-06,0.019047619047619,True,0.4199809523809499,0.4902851696249115,0.019047619047619,0.7483156028368794
ENSG00000175426,-2.028002857142857,8.683036149148989e-08,-0.7759738497610122,2.1052046972500037e-08,0.0095238095238095,True,2.028002857142857,0.7759738497610122,0.0095238095238095,0.7481382978723403
ENSG00000142627,1.969826666666668,6.343214365779389e-10,0.7787035918456411,1.3730186378437742e-11,0.0095238095238095,True,1.969826666666668,0.7787035918456411,0.0095238095238095,0.7477836879432624
ENSG00000090621,-0.9664333333333328,5.183448377933107e-07,-1.432682542176643,3.470258530543528e-18,0.0095238095238095,True,0.9664333333333328,1.432682542176643,0.0095238095238095,0.7470744680851062
ENSG00000151388,1.0870657142857176,9.689930396623808e-06,1.1419663724246334,1.7242981848886837e-18,0.0095238095238095,True,1.0870657142857176,1.1419663724246334,0.0095238095238095,0.7468971631205672
ENSG00000006453,1.323608571428572,4.406065454184718e-09,0.9485635263092184,9.17409313392292e-19,0.0095238095238095,True,1.323608571428572,0.9485635263092184,0.0095238095238095,0.7463652482269503
ENSG00000131620,1.109613333333332,6.642370116075201e-07,1.1268994700811596,3.759843200817178e-15,0.0095238095238095,True,1.109613333333332,1.1268994700811596,0.0095238095238095,0.7463652482269503
ENSG00000178209,1.1132504761904798,3.648868790223937e-08,1.095309567202868,4.40638060630186e-20,0.0095238095238095,True,1.1132504761904798,1.095309567202868,0.0095238095238095,0.7451241134751772
ENSG00000147852,-1.2717857142857143,1.3652433605027357e-08,-0.9583766614780664,1.768739457608036e-12,0.0095238095238095,True,1.2717857142857143,0.9583766614780664,0.0095238095238095,0.7445921985815602
ENSG00000136378,1.0327190476190484,1.893687182848988e-05,1.142090905174907,1.4030766757118136e-12,0.0095238095238095,True,1.0327190476190484,1.142090905174907,0.0095238095238095,0.7437056737588652
ENSG00000135480,1.157150476190477,0.0001888007301817,1.0146925994110276,1.8505172936349773e-13,0.0095238095238095,True,1.157150476190477,1.0146925994110276,0.0095238095238095,0.7437056737588652
ENSG00000160688,0.5099942857142867,6.245481027928944e-07,0.4032587506866534,9.218104299996282e-12,0.019047619047619,True,0.5099942857142867,0.4032587506866534,0.019047619047619,0.7437056737588652
ENSG00000173376,2.1157152380952384,2.0821793520003204e-06,0.7237602964456613,0.0003822000745219,0.0095238095238095,True,2.1157152380952384,0.7237602964456613,0.0095238095238095,0.7424645390070921
ENSG00000077279,-1.606066666666667,7.346526589516105e-06,-0.7939402497995012,0.0004987587920215,0.0095238095238095,True,1.606066666666667,0.7939402497995012,0.0095238095238095,0.7419326241134752
ENSG00000138449,0.3151685714285701,0.0178522538376069,0.6048092002503207,0.2818181818181818,0.019047619047619,True,0.3151685714285701,0.6048092002503207,0.019047619047619,0.7419326241134752
ENSG00000128591,0.3126400000000018,0.1276139633183167,0.6053077192618268,2.151161136235689e-09,0.019047619047619,True,0.3126400000000018,0.6053077192618268,0.019047619047619,0.7419326241134752
ENSG00000105426,-1.5562085714285718,6.002773284326944e-09,-0.7916605751355448,1.1153404301644677e-14,0.0095238095238095,True,1.5562085714285718,0.7916605751355448,0.0095238095238095,0.740514184397163
ENSG00000006071,-2.373954285714285,3.9433023891323016e-06,-0.177805763867898,0.4727233102519144,0.019047619047619,True,2.373954285714285,0.177805763867898,0.019047619047619,0.740336879432624
ENSG00000103657,-0.4651209523809516,2.4652127358717788e-09,-0.4222299919960193,8.255932472228272e-10,0.019047619047619,True,0.4651209523809516,0.4222299919960193,0.019047619047619,0.7401595744680851
ENSG00000101825,0.9270714285714288,5.645271856948417e-05,1.2703403084809004,1.9264205595396932e-18,0.0095238095238095,True,0.9270714285714288,1.2703403084809004,0.0095238095238095,0.739627659574468
ENSG00000079102,-0.3220504761904763,0.6283453873386333,0.5829217380101834,0.606993006993007,0.019047619047619,False,0.3220504761904763,0.5829217380101834,0.019047619047619,0.7392730496453901
ENSG00000171401,3.684572380952381,1.472415689765015e-05,0.6148851433279923,0.1053089191619146,0.0095238095238095,True,3.684572380952381,0.6148851433279923,0.0095238095238095,0.7392730496453901
ENSG00000131187,1.6261238095238086,6.250792043259345e-07,0.7541397123442941,6.691419297986112e-10,0.0095238095238095,True,1.6261238095238086,0.7541397123442941,0.0095238095238095,0.7387411347517729
ENSG00000075618,1.3099780952380922,1.2947244446084907e-06,0.8417213038232987,2.978248722266664e-15,0.0095238095238095,True,1.3099780952380922,0.8417213038232987,0.0095238095238095,0.7387411347517729
ENSG00000175093,-2.1604447619047606,3.046628076327997e-05,0.6777625347494602,0.0262931143254658,0.0095238095238095,False,2.1604447619047606,0.6777625347494602,0.0095238095238095,0.7387411347517729
ENSG00000137872,-1.6081485714285702,2.4124454192039484e-09,-0.7572024371391741,0.0666666666666666,0.0095238095238095,True,1.6081485714285702,0.7572024371391741,0.0095238095238095,0.7385638297872339
ENSG00000180921,1.28056952380952,1.0562779256423388e-07,0.2138761643651534,0.0048764044925646,0.019047619047619,True,1.28056952380952,0.2138761643651534,0.019047619047619,0.736436170212766
ENSG00000164694,1.0314285714285705,0.0007447819117292,1.0082100939326928,4.4735028891155054e-14,0.0095238095238095,True,1.0314285714285705,1.0082100939326928,0.0095238095238095,0.736436170212766
ENSG00000005884,1.883178095238096,6.0071250018522805e-09,0.6899364410928257,1.0963992616114027e-11,0.0095238095238095,True,1.883178095238096,0.6899364410928257,0.0095238095238095,0.7362588652482269
ENSG00000123131,-0.9259723809523788,5.641412978260954e-05,-1.1642874757620838,1.1941341292650992e-13,0.0095238095238095,True,0.9259723809523788,1.1642874757620838,0.0095238095238095,0.7359042553191488
ENSG00000104177,-1.0330295238095246,6.92372665734791e-07,-0.9888646630041932,1.2384582178727529e-17,0.0095238095238095,True,1.0330295238095246,0.9888646630041932,0.0095238095238095,0.7359042553191488
ENSG00000084674,-1.028801904761905,0.0078538125074821,0.2326105022078479,0.0326140304861682,0.019047619047619,False,1.028801904761905,0.2326105022078479,0.019047619047619,0.7339539007092197
ENSG00000105227,-0.7759714285714292,5.192862545764771e-07,-1.6028420713691889,8.911090933758688e-07,0.0095238095238095,True,0.7759714285714292,1.6028420713691889,0.0095238095238095,0.7335992907801419
ENSG00000165443,-1.524850476190477,1.583457404375123e-05,-0.7329623641579772,1.6147827067942198e-08,0.0095238095238095,True,1.524850476190477,0.7329623641579772,0.0095238095238095,0.7330673758865247
ENSG00000162493,0.8552266666666686,0.0001187510044106,1.2284612265889017,0.0202003878474466,0.0095238095238095,True,0.8552266666666686,1.2284612265889017,0.0095238095238095,0.7328900709219857
ENSG00000182836,-1.7799076190476182,5.087377887024909e-07,-0.6723060951205042,7.00872905935482e-09,0.0095238095238095,True,1.7799076190476182,0.6723060951205042,0.0095238095238095,0.7321808510638297
ENSG00000164176,1.3377704761904765,2.1819315576245917e-05,0.7670784192137177,1.8380492751743138e-11,0.0095238095238095,True,1.3377704761904765,0.7670784192137177,0.0095238095238095,0.7318262411347516
ENSG00000257743,-1.0405180952380952,0.0172858200770096,0.1721241814070033,0.4849043132219158,0.0285714285714285,False,1.0405180952380952,0.1721241814070033,0.0285714285714285,0.7309397163120567
ENSG00000163814,1.4288628571428568,1.1869035699854506e-08,0.7323781056284631,1.7732862843548742e-12,0.0095238095238095,True,1.4288628571428568,0.7323781056284631,0.0095238095238095,0.7307624113475177
ENSG00000117707,-2.160262857142856,1.4323256295392985e-07,-0.6191977932691302,0.0009280627615406,0.0095238095238095,True,2.160262857142856,0.6191977932691302,0.0095238095238095,0.7296985815602837
ENSG00000203485,1.146134285714286,1.6423340297100525e-08,0.8162659862128514,5.998895477435896e-20,0.0095238095238095,True,1.146134285714286,0.8162659862128514,0.0095238095238095,0.7288120567375886
ENSG00000162599,-1.0851809523809504,1.8889552983669964e-09,-0.8322874421891733,6.805432751911731e-19,0.0095238095238095,True,1.0851809523809504,0.8322874421891733,0.0095238095238095,0.7279255319148936
ENSG00000150054,-1.002965714285713,4.451530477442964e-05,-0.8998904484294208,3.7724805434888444e-16,0.0095238095238095,True,1.002965714285713,0.8998904484294208,0.0095238095238095,0.7279255319148936
ENSG00000089472,1.1766838095238104,1.8501048496030976e-06,0.780725443235557,2.8559239923796704e-14,0.0095238095238095,True,1.1766838095238104,0.780725443235557,0.0095238095238095,0.7266843971631205
ENSG00000136574,-0.7585399999999982,0.0160250499313277,-1.300766597458452,0.0017220451514743,0.0095238095238095,True,0.7585399999999982,1.300766597458452,0.0095238095238095,0.7261524822695034
ENSG00000138615,-1.2059476190476204,0.0039703719532376,0.7519731120430002,7.752913669860309e-07,0.0095238095238095,False,1.2059476190476204,0.7519731120430002,0.0095238095238095,0.7256205673758864
ENSG00000164306,-0.310117142857143,0.0015447180322204,-0.5402447813004478,0.0003532470231635,0.019047619047619,True,0.310117142857143,0.5402447813004478,0.019047619047619,0.7254432624113474
ENSG00000156453,1.532727619047618,1.2747178731485143e-09,0.6645853602725147,1.4955459438392387e-14,0.0095238095238095,True,1.532727619047618,0.6645853602725147,0.0095238095238095,0.7252659574468086
ENSG00000169994,1.9039609523809515,0.000231456696409,0.6140437512732788,2.2949557484672663e-05,0.0095238095238095,True,1.9039609523809515,0.6140437512732788,0.0095238095238095,0.7249113475177305
ENSG00000177169,-0.6605619047619058,0.002310368902847,-0.2883648393921838,0.1223789776870146,0.019047619047619,True,0.6605619047619058,0.2883648393921838,0.019047619047619,0.7249113475177305
ENSG00000128918,-1.0172542857142846,0.0012743712287693,-0.8378024640387878,1.5661675939588736e-09,0.0095238095238095,True,1.0172542857142846,0.8378024640387878,0.0095238095238095,0.7240248226950354
ENSG00000204498,-0.2099876190476202,0.0103748973458931,-0.8096871492226185,4.221086500177817e-05,0.019047619047619,True,0.2099876190476202,0.8096871492226185,0.019047619047619,0.7238475177304964
ENSG00000174951,-0.7146199999999991,0.003775352373443,-1.3731655120349249,0.0004770820331461,0.0095238095238095,True,0.7146199999999991,1.3731655120349249,0.0095238095238095,0.7236702127659573
ENSG00000164877,1.031626666666666,4.5637334864783814e-08,0.8177590923930573,2.996659730796624e-18,0.0095238095238095,True,1.031626666666666,0.8177590923930573,0.0095238095238095,0.7233156028368795
ENSG00000148773,2.334125714285712,6.34062662303764e-10,0.5805133583240547,5.0608454273900304e-08,0.0095238095238095,True,2.334125714285712,0.5805133583240547,0.0095238095238095,0.7229609929078014
ENSG00000003989,-2.068312380952378,1.7596820320203853e-08,-0.5920220232036684,0.0010686517806897,0.0095238095238095,True,2.068312380952378,0.5920220232036684,0.0095238095238095,0.7222517730496454
ENSG00000180879,-0.7889304761904743,3.2076296665081846e-05,-1.0915634623966106,3.1207235095271453e-12,0.0095238095238095,True,0.7889304761904743,1.0915634623966106,0.0095238095238095,0.7222517730496454
ENSG00000198721,-0.7611095238095231,1.4729694371606352e-05,-1.1475465024462324,2.326959976120838e-16,0.0095238095238095,True,0.7611095238095231,1.1475465024462324,0.0095238095238095,0.7217198581560282
ENSG00000133019,-0.712780952380955,0.0260252975395166,-1.240674109589726,0.0020324103214656,0.0095238095238095,True,0.712780952380955,1.240674109589726,0.0095238095238095,0.7206560283687942
ENSG00000076356,-0.770743809523811,0.0032817945541509,-1.11231046446931,2.1853834377624038e-12,0.0095238095238095,True,0.770743809523811,1.11231046446931,0.0095238095238095,0.7203014184397163
ENSG00000171812,0.9675600000000006,0.0004946075287403,0.8306039629024724,0.0109890109890109,0.0095238095238095,True,0.9675600000000006,0.8306039629024724,0.0095238095238095,0.7201241134751772
ENSG00000145198,-2.150916190476188,1.195753417386151e-06,-0.5792987129853522,1.6445687207098483e-05,0.0095238095238095,True,2.150916190476188,0.5792987129853522,0.0095238095238095,0.7195921985815601
ENSG00000140279,0.9198495238095248,0.0271076886612322,0.8686712151353788,4.88248422700298e-07,0.0095238095238095,True,0.9198495238095248,0.8686712151353788,0.0095238095238095,0.7183510638297872
ENSG00000074276,2.3903171428571426,1.8599231185843797e-05,0.555086889774163,0.0022740294836941,0.0095238095238095,True,2.3903171428571426,0.555086889774163,0.0095238095238095,0.7181737588652481
ENSG00000125414,-0.1930657142857144,0.369890386524807,-0.8361060956075352,0.7538699690402476,0.019047619047619,True,0.1930657142857144,0.8361060956075352,0.019047619047619,0.7179964539007091
ENSG00000141905,-1.0370066666666666,3.14809562975117e-07,-0.7668564817683787,6.001639317685596e-18,0.0095238095238095,True,1.0370066666666666,0.7668564817683787,0.0095238095238095,0.7179964539007091
ENSG00000206384,-1.2138371428571435,3.4490311752016066e-06,-0.6865001686749395,2.137081751731872e-07,0.0095238095238095,True,1.2138371428571435,0.6865001686749395,0.0095238095238095,0.7176418439716312
ENSG00000160883,0.7614028571428575,0.0132945040630287,1.0300260848746667,3.24773580863498e-14,0.0095238095238095,True,0.7614028571428575,1.0300260848746667,0.0095238095238095,0.715868794326241
ENSG00000105141,1.0356085714285717,0.208872941798575,0.7390480550167133,0.02067585158844,0.0095238095238095,True,1.0356085714285717,0.7390480550167133,0.0095238095238095,0.715336879432624
ENSG00000276043,1.5048580952380952,1.4787812915659512e-09,0.6091730254208692,3.082788688869378e-08,0.0095238095238095,True,1.5048580952380952,0.6091730254208692,0.0095238095238095,0.715159574468085
ENSG00000088926,-3.160945714285712,6.818914967157496e-06,0.5177260832832857,1.0674952951496852e-08,0.0095238095238095,False,3.160945714285712,0.5177260832832857,0.0095238095238095,0.715159574468085
ENSG00000127249,-1.6486819047619043,1.7630999749007883e-05,-0.5919819117278546,0.0014652014652014,0.0095238095238095,True,1.6486819047619043,0.5919819117278546,0.0095238095238095,0.7149822695035459
ENSG00000143674,-0.8065285714285704,0.0001716923341691,-0.9328738897638332,3.2414474405700675e-05,0.0095238095238095,True,0.8065285714285704,0.9328738897638332,0.0095238095238095,0.714450354609929
ENSG00000154734,-1.0752276190476202,0.0003348302347035,0.1914321226130617,0.2566450312893328,0.019047619047619,False,1.0752276190476202,0.1914321226130617,0.019047619047619,0.71427304964539
ENSG00000248746,-1.0098342857142852,0.0014255839500841,0.7457278154429225,7.276898250577567e-12,0.0095238095238095,False,1.0098342857142852,0.7457278154429225,0.0095238095238095,0.7140957446808509
ENSG00000116260,0.7735304761904747,4.0162582887510536e-05,0.9682509072077714,5.501486839738048e-16,0.0095238095238095,True,0.7735304761904747,0.9682509072077714,0.0095238095238095,0.713741134751773
ENSG00000149300,-0.6643304761904751,0.0004137091453215,-1.1543644216022209,2.813028756196206e-12,0.0095238095238095,True,0.6643304761904751,1.1543644216022209,0.0095238095238095,0.712677304964539
ENSG00000077942,-0.7398771428571429,0.0244710762652206,1.0042610245587973,7.778415285606451e-15,0.0095238095238095,False,0.7398771428571429,1.0042610245587973,0.0095238095238095,0.7114361702127658
ENSG00000140937,0.8406838095238118,0.0022798142994058,0.8455652860164733,9.716336642430768e-13,0.0095238095238095,True,0.8406838095238118,0.8455652860164733,0.0095238095238095,0.7114361702127658
ENSG00000169876,4.836289523809524,6.569139291220214e-06,0.4953273008282188,0.3104401319504294,0.0095238095238095,True,4.836289523809524,0.4953273008282188,0.0095238095238095,0.7105496453900708
ENSG00000131941,1.398579999999999,1.0567065465988821e-07,0.597964763572417,9.716336642430768e-13,0.0095238095238095,True,1.398579999999999,0.597964763572417,0.0095238095238095,0.7103723404255318
ENSG00000072274,0.7926085714285733,1.2518111786651251e-05,0.8712000605170083,6.1776489247232375e-15,0.0095238095238095,True,0.7926085714285733,0.8712000605170083,0.0095238095238095,0.7100177304964539
ENSG00000151651,1.95704761904762,1.6300071474856066e-09,0.5461471896270922,0.0015121032252822,0.0095238095238095,True,1.95704761904762,0.5461471896270922,0.0095238095238095,0.7098404255319148
ENSG00000186994,-0.9491428571428582,3.209758805990849e-05,-0.7479445609481274,4.6111834539423895e-15,0.0095238095238095,True,0.9491428571428582,0.7479445609481274,0.0095238095238095,0.7098404255319148
ENSG00000178385,-0.5675495238095252,5.957942278491227e-08,-0.2841415176624462,0.0195804195804195,0.019047619047619,True,0.5675495238095252,0.2841415176624462,0.019047619047619,0.7098404255319148
ENSG00000074755,-0.7713828571428554,3.21910335698433e-09,-0.1726219627805285,6.531935446420411e-05,0.0285714285714285,True,0.7713828571428554,0.1726219627805285,0.0285714285714285,0.7096631205673759
ENSG00000102048,-1.2574847619047622,5.87038079788993e-06,-0.6235029451974938,4.201880420443828e-11,0.0095238095238095,True,1.2574847619047622,0.6235029451974938,0.0095238095238095,0.7091312056737586
ENSG00000108244,1.4308714285714288,0.0030779532815857,0.5885422153039492,0.002283026254711,0.0095238095238095,True,1.4308714285714288,0.5885422153039492,0.0095238095238095,0.7089539007092198
ENSG00000105523,2.593478095238094,4.367605120660504e-08,0.5056337282348764,0.001929846871955,0.0095238095238095,True,2.593478095238094,0.5056337282348764,0.0095238095238095,0.7087765957446808
ENSG00000140678,-0.2502771428571435,0.0894745162309403,0.4656942032928732,8.338268119008762e-05,0.0285714285714285,False,0.2502771428571435,0.4656942032928732,0.0285714285714285,0.7080673758865248
ENSG00000177380,-0.3156619047619058,0.0972254684086844,0.4679040697610901,0.0108378280788469,0.019047619047619,False,0.3156619047619058,0.4679040697610901,0.019047619047619,0.7078900709219857
ENSG00000185070,-2.320312380952382,1.0446053606445538e-09,-0.5137196197752623,1.3982163070916248e-06,0.0095238095238095,True,2.320312380952382,0.5137196197752623,0.0095238095238095,0.7071808510638298
ENSG00000134121,-1.129261904761906,0.0004874918103741,-0.6405332532492167,2.674455150498899e-08,0.0095238095238095,True,1.129261904761906,0.6405332532492167,0.0095238095238095,0.7062943262411348
ENSG00000077063,-1.6902019047619037,9.187650012530676e-09,-0.5503000313302273,0.0897435897435897,0.0095238095238095,True,1.6902019047619037,0.5503000313302273,0.0095238095238095,0.7059397163120567
ENSG00000172766,-0.5870771428571437,0.0003348062561338,-1.2310948889901,7.73853659901077e-16,0.0095238095238095,True,0.5870771428571437,1.2310948889901,0.0095238095238095,0.7046985815602835
ENSG00000181982,-0.5898590476190488,1.1528283895418105e-07,-1.1895009476204343,8.275951229136833e-14,0.0095238095238095,True,0.5898590476190488,1.1895009476204343,0.0095238095238095,0.7039893617021276
ENSG00000090402,-0.8119952380952378,0.1840253529972352,-0.206304269753236,0.2203911516866215,0.019047619047619,True,0.8119952380952378,0.206304269753236,0.019047619047619,0.7038120567375885
ENSG00000011523,-0.754865714285712,7.520660053829608e-10,-0.8452507243191221,9.07909563577777e-18,0.0095238095238095,True,0.754865714285712,0.8452507243191221,0.0095238095238095,0.7027482269503547
ENSG00000125730,-1.1590523809523798,2.5807459378986624e-06,0.6066138190567472,2.564963486312211e-10,0.0095238095238095,False,1.1590523809523798,0.6066138190567472,0.0095238095238095,0.7027482269503544
ENSG00000139329,0.1610466666666674,0.4924598924699164,0.8549501799206816,6.347939671162313e-10,0.019047619047619,True,0.1610466666666674,0.8549501799206816,0.019047619047619,0.7022163120567375
ENSG00000074964,-0.7756123809523796,4.58776652954827e-06,-0.8089915650668864,3.725808036636507e-12,0.0095238095238095,True,0.7756123809523796,0.8089915650668864,0.0095238095238095,0.7015070921985815
ENSG00000111344,1.6198266666666656,1.9251592302586643e-06,0.5390790085804369,1.8665922353746963e-08,0.0095238095238095,True,1.6198266666666656,0.5390790085804369,0.0095238095238095,0.7011524822695034
ENSG00000049323,0.5784219047619086,0.0009631481366801,1.150523506463049,3.4615857050647273e-19,0.0095238095238095,True,0.5784219047619086,1.150523506463049,0.0095238095238095,0.7007978723404253
ENSG00000149090,-0.6799933333333321,0.0009496747025458,0.9026639982080128,4.314583826436205e-10,0.0095238095238095,False,0.6799933333333321,0.9026639982080128,0.0095238095238095,0.7004432624113475
ENSG00000180190,-1.0825209523809516,7.611535869343973e-09,-0.1663053607570965,0.0818022632885257,0.019047619047619,True,1.0825209523809516,0.1663053607570965,0.019047619047619,0.6999113475177305
ENSG00000164161,1.1684085714285717,1.3706081288512944e-05,-0.5935294743782773,0.2666666666666666,0.0095238095238095,False,1.1684085714285717,0.5935294743782773,0.0095238095238095,0.6997340425531915
ENSG00000138640,-0.5403466666666699,0.0001487371032742,-1.2997075027735292,1.0652069070837486e-15,0.0095238095238095,True,0.5403466666666699,1.2997075027735292,0.0095238095238095,0.6993794326241134
ENSG00000143801,-0.5100647619047614,0.000607981667196,-1.8675476141469431,3.273950118104693e-07,0.0095238095238095,True,0.5100647619047614,1.8675476141469431,0.0095238095238095,0.6992021276595743
ENSG00000187122,-1.3470114285714292,7.986359130346531e-07,-0.557890712070332,0.0002425580054838,0.0095238095238095,True,1.3470114285714292,0.557890712070332,0.0095238095238095,0.6986702127659574
ENSG00000124006,-0.8624657142857135,1.457215515198943e-06,-0.1907148468219368,0.0008522476988242,0.019047619047619,True,0.8624657142857135,0.1907148468219368,0.019047619047619,0.6984929078014184
ENSG00000107864,-0.9657600000000012,8.363571888978598e-09,-0.6513686756285217,4.5040427772672417e-05,0.0095238095238095,True,0.9657600000000012,0.6513686756285217,0.0095238095238095,0.6983156028368793
ENSG00000147647,-1.8916133333333331,2.246550319362699e-06,0.0799344233370185,0.0442235960025122,0.0285714285714285,False,1.8916133333333331,0.0799344233370185,0.0285714285714285,0.6979609929078014
ENSG00000089169,-1.3686704761904762,6.230690009854679e-05,-0.5471529834006681,9.91724820370463e-05,0.0095238095238095,True,1.3686704761904762,0.5471529834006681,0.0095238095238095,0.6979609929078012
ENSG00000104783,3.2690704761904783,5.181149379064901e-10,0.4473278683442956,0.0350993462920978,0.0095238095238095,True,3.2690704761904783,0.4473278683442956,0.0095238095238095,0.6970744680851064
ENSG00000001617,0.6297123809523821,0.0003451531752761,0.9646585717326984,0.016010076879642,0.0095238095238095,True,0.6297123809523821,0.9646585717326984,0.0095238095238095,0.6970744680851062
ENSG00000176046,-0.4940752380952382,0.0097938820194801,-2.601374994980389,4.5878156179643324e-14,0.0095238095238095,True,0.4940752380952382,2.601374994980389,0.0095238095238095,0.6967198581560283
ENSG00000113083,0.3905504761904783,0.0513972421376771,0.346894591740174,3.3731994039604515e-05,0.019047619047619,True,0.3905504761904783,0.346894591740174,0.019047619047619,0.6967198581560283
ENSG00000120071,-0.3805152380952368,0.0027034090893454,-0.2768405161281499,0.0030410398443936,0.0380952380952381,True,0.3805152380952368,0.2768405161281499,0.0380952380952381,0.6967198581560283
ENSG00000112139,-0.4910857142857132,0.0094643471139338,-2.6611409650556723,0.0054003066065137,0.0095238095238095,True,0.4910857142857132,2.6611409650556723,0.0095238095238095,0.6961879432624112
ENSG00000109586,0.5888342857142845,0.0003450465190259,1.0267958958525796,2.449126941226278e-17,0.0095238095238095,True,0.5888342857142845,1.0267958958525796,0.0095238095238095,0.6960106382978724
ENSG00000145990,-0.3749076190476206,0.0188304276067962,0.3657527029892407,0.0038752856686773,0.019047619047619,False,0.3749076190476206,0.3657527029892407,0.019047619047619,0.6958333333333333
ENSG00000090776,1.3170104761904753,3.5627082087382524e-08,0.5544104343318104,8.34916568807155e-09,0.0095238095238095,True,1.3170104761904753,0.5544104343318104,0.0095238095238095,0.6958333333333333
ENSG00000080618,-0.7525038095238097,0.0113598937393993,0.7831858656877273,6.90241870584668e-11,0.0095238095238095,False,0.7525038095238097,0.7831858656877273,0.0095238095238095,0.6954787234042552
ENSG00000016391,-0.9317885714285749,4.526934806341273e-05,-0.64805221361215,3.8349051517887016e-10,0.0095238095238095,True,0.9317885714285749,0.64805221361215,0.0095238095238095,0.6947695035460992
ENSG00000130300,-0.798997142857143,2.771983084903159e-07,-0.7262108060651897,1.3120212365606938e-13,0.0095238095238095,True,0.798997142857143,0.7262108060651897,0.0095238095238095,0.6945921985815602
ENSG00000103742,-0.5048285714285718,0.0956355300025024,0.276201454110673,0.0400012756727275,0.019047619047619,False,0.5048285714285718,0.276201454110673,0.019047619047619,0.6944148936170212
ENSG00000137807,1.9961095238095223,6.035281880528251e-10,0.4834404027430814,7.4956870312587696e-06,0.0095238095238095,True,1.9961095238095223,0.4834404027430814,0.0095238095238095,0.6937056737588652
ENSG00000118257,0.8934142857142877,9.004736260389968e-06,0.6626057224332307,4.714410398983432e-12,0.0095238095238095,True,0.8934142857142877,0.6626057224332307,0.0095238095238095,0.6937056737588652
ENSG00000182795,1.1829866666666664,3.3819369770657797e-06,0.5662143179331949,2.461623650124359e-12,0.0095238095238095,True,1.1829866666666664,0.5662143179331949,0.0095238095238095,0.693173758865248
ENSG00000089199,-1.692012380952379,0.0025330678526842,-0.4982248461090925,0.0042249267492923,0.0095238095238095,True,1.692012380952379,0.4982248461090925,0.0095238095238095,0.692464539007092
ENSG00000008441,-0.5880666666666681,0.0004802867017412,-0.2321865273784311,0.0007443644930447,0.019047619047619,True,0.5880666666666681,0.2321865273784311,0.019047619047619,0.6917553191489361
ENSG00000062725,-0.2822076190476199,0.0036791890940455,-0.4485068128747258,0.002054567490556,0.019047619047619,True,0.2822076190476199,0.4485068128747258,0.019047619047619,0.6910460992907801
ENSG00000116106,1.2790714285714273,1.2288851328769406e-05,0.5363460702361884,0.0060037630979699,0.0095238095238095,True,1.2790714285714273,0.5363460702361884,0.0095238095238095,0.6901595744680851
ENSG00000109265,0.9567828571428584,9.300744362418772e-05,0.604484486000171,2.564963486312211e-10,0.0095238095238095,True,0.9567828571428584,0.604484486000171,0.0095238095238095,0.689982269503546
ENSG00000011201,0.71022761904762,0.0006634544639986,0.7488467585713892,1.3569051260029505e-07,0.0095238095238095,True,0.71022761904762,0.7488467585713892,0.0095238095238095,0.688918439716312
ENSG00000173801,1.395951428571431,1.5529529409262501e-09,0.5089715060646434,1.6486580258156522e-14,0.0095238095238095,True,1.395951428571431,0.5089715060646434,0.0095238095238095,0.6885638297872341
ENSG00000120332,0.1690619047619055,0.3614805551483351,0.6800313341649193,1.5857373337593853e-08,0.019047619047619,True,0.1690619047619055,0.6800313341649193,0.019047619047619,0.687677304964539
ENSG00000154262,-0.8577999999999992,0.0008002014323933,-0.6409639260865703,0.0002287157506507,0.0095238095238095,True,0.8577999999999992,0.6409639260865703,0.0095238095238095,0.6876773049645388
ENSG00000139718,-0.3799180952380965,0.0033243925682004,-0.3293628199602025,8.770942496033933e-09,0.019047619047619,True,0.3799180952380965,0.3293628199602025,0.019047619047619,0.6871453900709219
ENSG00000111247,1.5378723809523809,2.7904721450316886e-09,-0.4937148538428495,0.3811473550603986,0.0095238095238095,False,1.5378723809523809,0.4937148538428495,0.0095238095238095,0.6869680851063829
ENSG00000102699,0.6264123809523809,2.3417819154558885e-07,0.8282188905108683,6.9966068023553e-20,0.0095238095238095,True,0.6264123809523809,0.8282188905108683,0.0095238095238095,0.6867907801418438
ENSG00000139618,0.8151361904761885,9.003123715961251e-06,-0.1730121218743114,0.4435402317190745,0.019047619047619,False,0.8151361904761885,0.1730121218743114,0.019047619047619,0.686613475177305
ENSG00000133026,-0.2787923809523782,0.1256358169426322,0.44067679859889,1.332007243709466e-07,0.019047619047619,False,0.2787923809523782,0.44067679859889,0.019047619047619,0.6859042553191489
ENSG00000158220,-0.8468990476190497,0.0007134105314,-0.6350211147077367,2.5492398107818584e-08,0.0095238095238095,True,0.8468990476190497,0.6350211147077367,0.0095238095238095,0.6859042553191488
ENSG00000198286,1.3757571428571396,1.6294888067231477e-07,0.5009052243829402,1.332007243709466e-07,0.0095238095238095,True,1.3757571428571396,0.5009052243829402,0.0095238095238095,0.6857269503546097
ENSG00000171951,-1.162114285714285,0.0008719649605097,-0.5351713920678556,0.000960140279552,0.0095238095238095,True,1.162114285714285,0.5351713920678556,0.0095238095238095,0.6853723404255319
ENSG00000105290,-1.7467980952380966,4.30983336185753e-07,-0.4670053061635961,0.1682533168062098,0.0095238095238095,True,1.7467980952380966,0.4670053061635961,0.0095238095238095,0.6853723404255319
ENSG00000120318,0.3990647619047625,0.0024351792468367,0.3083080811111536,0.0002783671696601,0.019047619047619,True,0.3990647619047625,0.3083080811111536,0.019047619047619,0.6851950354609928
ENSG00000171435,-1.1699419047619042,9.771854591236212e-05,0.5313633039464101,0.0001695456758516,0.0095238095238095,False,1.1699419047619042,0.5313633039464101,0.0095238095238095,0.6851950354609928
ENSG00000116147,-1.628447619047618,1.4733722673257004e-05,-0.1063269283444281,0.496969696969697,0.019047619047619,True,1.628447619047618,0.1063269283444281,0.019047619047619,0.6850177304964539
ENSG00000181409,-0.4922657142857147,0.0213797165896142,-1.2202394667302805,4.057129396255143e-05,0.0095238095238095,True,0.4922657142857147,1.2202394667302805,0.0095238095238095,0.6850177304964538
ENSG00000006327,0.8822676190476173,1.7310332851525122e-05,0.6132091184676014,3.729392351340924e-06,0.0095238095238095,True,0.8822676190476173,0.6132091184676014,0.0095238095238095,0.6848404255319147
ENSG00000008516,-0.7311999999999976,0.002848475568925,0.7112281449824529,0.0021963124431545,0.0095238095238095,False,0.7311999999999976,0.7112281449824529,0.0095238095238095,0.6844858156028368
ENSG00000174485,-0.6311990476190452,7.428400727330032e-09,-0.7954361459121309,8.569744875473356e-16,0.0095238095238095,True,0.6311990476190452,0.7954361459121309,0.0095238095238095,0.6841312056737587
ENSG00000089820,-0.2501333333333324,0.1378369017812469,0.3872747414669248,1.0593763807945637e-05,0.0285714285714285,False,0.2501333333333324,0.3872747414669248,0.0285714285714285,0.6834219858156028
ENSG00000204381,0.4500257142857133,0.0081347631307854,1.532145286698185,4.4851947972720464e-08,0.0095238095238095,True,0.4500257142857133,1.532145286698185,0.0095238095238095,0.6834219858156028
ENSG00000163644,-0.4506361904761888,0.000452167958329,-1.4477144605729748,3.3783501381242692e-18,0.0095238095238095,True,0.4506361904761888,1.4477144605729748,0.0095238095238095,0.6830673758865249
ENSG00000088882,-0.898490476190478,0.0017929591125588,0.5990353711161802,3.3919140830351274e-08,0.0095238095238095,False,0.898490476190478,0.5990353711161802,0.0095238095238095,0.6827127659574468
ENSG00000107731,0.7076380952380958,0.0003007230728504,0.7128577065326027,4.9980760307550787e-08,0.0095238095238095,True,0.7076380952380958,0.7128577065326027,0.0095238095238095,0.6823581560283687
ENSG00000275395,-0.7651057142857152,0.0843628637831964,0.6504524710351554,0.0010805677947216,0.0095238095238095,False,0.7651057142857152,0.6504524710351554,0.0095238095238095,0.6814716312056737
ENSG00000167914,-0.374480952380952,0.0130019327175751,-0.3219285252409385,0.0124680640680535,0.019047619047619,True,0.374480952380952,0.3219285252409385,0.019047619047619,0.6809397163120567
ENSG00000145934,-0.4858647619047618,0.0468371273873367,0.1959602893068179,0.5269382891864538,0.0285714285714285,False,0.4858647619047618,0.1959602893068179,0.0285714285714285,0.6800531914893617
ENSG00000167977,0.674120000000002,4.365964009072847e-08,0.722414771617192,1.0511679067355936e-08,0.0095238095238095,True,0.674120000000002,0.722414771617192,0.0095238095238095,0.6798758865248227
ENSG00000104213,-0.5470952380952383,0.0273848174889062,0.8635648482698173,1.1344062110837854e-10,0.0095238095238095,False,0.5470952380952383,0.8635648482698173,0.0095238095238095,0.6795212765957446
ENSG00000174175,-1.3385361904761908,1.4733219087288063e-05,-0.4859193931167773,0.000342599839696,0.0095238095238095,True,1.3385361904761908,0.4859193931167773,0.0095238095238095,0.6791666666666667
ENSG00000100934,0.559594285714283,6.901397983222709e-05,0.8392384035030389,4.6500122130346025e-18,0.0095238095238095,True,0.559594285714283,0.8392384035030389,0.0095238095238095,0.6789893617021276
ENSG00000186115,1.0660571428571433,0.145525072789912,0.5262466673914865,0.0338837289301685,0.0095238095238095,True,1.0660571428571433,0.5262466673914865,0.0095238095238095,0.6786347517730495
ENSG00000260314,0.2055952380952348,0.3231759181352278,0.5328470007215032,4.425526845602829e-07,0.019047619047619,True,0.2055952380952348,0.5328470007215032,0.019047619047619,0.6779255319148936
ENSG00000174885,-0.4829799999999999,0.0538228782972439,-0.249038773853087,0.173489355810235,0.019047619047619,True,0.4829799999999999,0.249038773853087,0.019047619047619,0.6779255319148936
ENSG00000132330,-0.6185209523809512,0.000174484015718,-0.7449369477352299,1.0638547903069844e-12,0.0095238095238095,True,0.6185209523809512,0.7449369477352299,0.0095238095238095,0.6775709219858155
ENSG00000129422,-0.5099780952380932,0.0007030334797675,-0.9567200722719208,3.77297597817798e-13,0.0095238095238095,True,0.5099780952380932,0.9567200722719208,0.0095238095238095,0.6770390070921986
ENSG00000172349,-0.3479180952380947,0.0486109017904605,0.3296001041782546,0.0024003113033354,0.019047619047619,False,0.3479180952380947,0.3296001041782546,0.019047619047619,0.6768617021276595
ENSG00000167984,-0.4972161904761893,0.0006260104394036,1.0037689495394062,0.0106809683363101,0.0095238095238095,False,0.4972161904761893,1.0037689495394062,0.0095238095238095,0.6761524822695035
ENSG00000044459,-0.3062219047619052,0.0028478487418948,-0.3749631693777893,0.1876323299948843,0.019047619047619,True,0.3062219047619052,0.3749631693777893,0.019047619047619,0.6756205673758865
ENSG00000138439,-0.5611295238095266,9.000023584221101e-05,0.8098733284867627,0.0047326035377584,0.0095238095238095,False,0.5611295238095266,0.8098733284867627,0.0095238095238095,0.6756205673758864
ENSG00000163207,2.1522533333333334,0.0002812013831451,0.4139227013736288,0.4436033300583542,0.0095238095238095,True,2.1522533333333334,0.4139227013736288,0.0095238095238095,0.6754432624113473
ENSG00000112787,-0.6543714285714266,0.0003199131362769,0.6826853207553611,0.2785190155504998,0.0095238095238095,False,0.6543714285714266,0.6826853207553611,0.0095238095238095,0.6750886524822695
ENSG00000107518,-1.975854285714284,1.776148631289329e-07,-0.4173310975829842,0.0364514226743328,0.0095238095238095,True,1.975854285714284,0.4173310975829842,0.0095238095238095,0.6749113475177304
ENSG00000076662,-0.1455219047619014,0.2894385064905299,0.6885171686347462,3.649990769641679e-06,0.019047619047619,False,0.1455219047619014,0.6885171686347462,0.019047619047619,0.6747340425531915
ENSG00000162804,-0.6434380952380963,8.150161314459078e-05,0.7049715785043631,1.4304301410183791e-08,0.0095238095238095,False,0.6434380952380963,0.7049715785043631,0.0095238095238095,0.6747340425531914
ENSG00000028528,-0.3455695238095231,1.4196429461491012e-05,0.324906977219122,2.208722004827e-08,0.019047619047619,False,0.3455695238095231,0.324906977219122,0.019047619047619,0.6742021276595744
ENSG00000156218,-1.8053904761904764,4.9674239280011095e-09,-0.0400568347146439,0.404094485077194,0.0476190476190476,True,1.8053904761904764,0.0400568347146439,0.0476190476190476,0.6740248226950354
ENSG00000161217,0.1813857142857138,0.0020485122951528,0.5684355966631855,1.8045080778444243e-10,0.019047619047619,True,0.1813857142857138,0.5684355966631855,0.019047619047619,0.6734929078014184
ENSG00000104722,-0.9690952380952385,0.0069760504236757,-0.5281817508250697,0.009215885383559,0.0095238095238095,True,0.9690952380952385,0.5281817508250697,0.0095238095238095,0.6729609929078013
ENSG00000166825,-2.514287619047618,4.684952865392387e-05,-0.3901153893368843,7.38302596431354e-05,0.0095238095238095,True,2.514287619047618,0.3901153893368843,0.0095238095238095,0.6726063829787234
ENSG00000145861,-0.8808695238095225,0.0009101642602804,0.5631025104772291,0.4126984126984127,0.0095238095238095,False,0.8808695238095225,0.5631025104772291,0.0095238095238095,0.6724290780141844
ENSG00000165887,-0.6369866666666653,0.0074909202901505,-0.6851353471636124,0.0006538084341288,0.0095238095238095,True,0.6369866666666653,0.6851353471636124,0.0095238095238095,0.6722517730496453
ENSG00000155961,-1.4980704761904755,8.765942917682235e-09,0.4401044654742634,0.0636363636363636,0.0095238095238095,False,1.4980704761904755,0.4401044654742634,0.0095238095238095,0.6718971631205672
ENSG00000129353,0.2012761904761912,0.0276595244914699,0.5140584340807948,1.7238978810825313e-06,0.019047619047619,True,0.2012761904761912,0.5140584340807948,0.019047619047619,0.6717198581560284
ENSG00000173064,-0.39281238095238,1.8257544840226105e-05,-0.2869508542682837,7.342600197806745e-08,0.019047619047619,True,0.39281238095238,0.2869508542682837,0.019047619047619,0.6715425531914894
ENSG00000153246,1.2560304761904746,3.8016374219078825e-07,0.1045198469229298,0.3426229955821877,0.019047619047619,True,1.2560304761904746,0.1045198469229298,0.019047619047619,0.6713652482269503
ENSG00000008311,-0.5002838095238094,0.0005813226198102,-0.902236269982584,2.232708748445685e-18,0.0095238095238095,True,0.5002838095238094,0.902236269982584,0.0095238095238095,0.6708333333333334
ENSG00000165757,-0.9155523809523842,2.1498140911260026e-07,-0.5414060130248224,2.6778436021575423e-14,0.0095238095238095,True,0.9155523809523842,0.5414060130248224,0.0095238095238095,0.6708333333333332
ENSG00000167165,4.044567619047619,1.9304778124624128e-08,0.3603308851434654,0.1527926788763309,0.0095238095238095,True,4.044567619047619,0.3603308851434654,0.0095238095238095,0.6701241134751772
ENSG00000151208,0.422939047619046,0.0002742014202696,0.2594595048116801,7.474733963171575e-07,0.019047619047619,True,0.422939047619046,0.2594595048116801,0.019047619047619,0.6692375886524822
ENSG00000066230,0.7739504761904765,0.0679862041226741,-0.5811120007271224,0.1482517482517482,0.0095238095238095,False,0.7739504761904765,0.5811120007271224,0.0095238095238095,0.6690602836879431
ENSG00000189057,2.1693933333333337,2.1886548602969918e-09,0.3915034111892197,0.2374751893044208,0.0095238095238095,True,2.1693933333333337,0.3915034111892197,0.0095238095238095,0.6685283687943262
ENSG00000109072,-2.4748180952380947,1.0182377155740073e-06,0.3773656068497004,0.0021483175999448,0.0095238095238095,False,2.4748180952380947,0.3773656068497004,0.0095238095238095,0.6683510638297872
ENSG00000137411,-0.170046666666666,0.089478410635997,-0.5686914282928051,1.332007243709466e-07,0.019047619047619,True,0.170046666666666,0.5686914282928051,0.019047619047619,0.6667553191489362
ENSG00000095713,-1.366668571428571,9.772127386995207e-05,0.431530933027723,9.080910264180866e-06,0.0095238095238095,False,1.366668571428571,0.431530933027723,0.0095238095238095,0.6665780141843971
ENSG00000177238,-0.2246276190476193,0.0227620393587517,0.4506498730535995,0.2857142857142857,0.019047619047619,False,0.2246276190476193,0.4506498730535995,0.019047619047619,0.6656914893617021
ENSG00000100505,-1.060953333333333,9.772127386995207e-05,-0.4825825372119929,0.4002579979360166,0.0095238095238095,True,1.060953333333333,0.4825825372119929,0.0095238095238095,0.665514184397163
ENSG00000166508,0.6535457142857144,2.2922619945993165e-06,0.6182742411301163,1.0737724352450619e-10,0.0095238095238095,True,0.6535457142857144,0.6182742411301163,0.0095238095238095,0.664627659574468
ENSG00000069431,-0.6127361904761912,4.490189799179732e-07,-0.6518693743395616,0.0337522229559557,0.0095238095238095,True,0.6127361904761912,0.6518693743395616,0.0095238095238095,0.6642730496453899
ENSG00000013293,-0.9384590476190472,2.6031157146554408e-05,-0.5049093253249186,0.1263736263736263,0.0095238095238095,True,0.9384590476190472,0.5049093253249186,0.0095238095238095,0.663918439716312
ENSG00000196950,0.5482333333333376,1.582329135363928e-05,0.1902780387870315,0.0095773492104638,0.019047619047619,True,0.5482333333333376,0.1902780387870315,0.019047619047619,0.663918439716312
ENSG00000011347,-1.4001495238095227,2.9563342218950296e-06,-0.4221709055874107,0.0286187265327971,0.0095238095238095,True,1.4001495238095227,0.4221709055874107,0.0095238095238095,0.663741134751773
ENSG00000155660,0.4696228571428591,0.0007029429946473,-0.8901935359759499,4.2956626405280014e-11,0.0095238095238095,False,0.4696228571428591,0.8901935359759499,0.0095238095238095,0.6635638297872339
ENSG00000081913,-0.8973657142857139,1.6296493271097494e-07,-0.517746072836573,0.1827341378557638,0.0095238095238095,True,0.8973657142857139,0.517746072836573,0.0095238095238095,0.6633865248226949
ENSG00000054219,1.3369123809523824,7.250411579157263e-09,0.4272421956672403,0.0024871690751636,0.0095238095238095,True,1.3369123809523824,0.4272421956672403,0.0095238095238095,0.663031914893617
ENSG00000198113,0.9133533333333332,3.6526495647143463e-06,0.5108673005816264,4.8067890243163256e-08,0.0095238095238095,True,0.9133533333333332,0.5108673005816264,0.0095238095238095,0.6623226950354608
ENSG00000120756,1.5323390476190486,7.609091152993917e-08,0.4085261094383199,2.8203258862963574e-06,0.0095238095238095,True,1.5323390476190486,0.4085261094383199,0.0095238095238095,0.6623226950354608
ENSG00000169122,-0.6342095238095249,5.939309412033619e-05,-0.6209830949511073,0.0100840336134453,0.0095238095238095,True,0.6342095238095249,0.6209830949511073,0.0095238095238095,0.662145390070922
ENSG00000225830,-0.3511457142857139,5.129333383128367e-06,-0.2935950161519614,0.0051824019328776,0.019047619047619,True,0.3511457142857139,0.2935950161519614,0.019047619047619,0.6619680851063829
ENSG00000136068,0.7486590476190482,0.0001611550590694,0.569832600012866,4.196560836554493e-14,0.0095238095238095,True,0.7486590476190482,0.569832600012866,0.0095238095238095,0.6619680851063829
ENSG00000092421,-1.4625780952380971,4.0811821448563815e-08,0.4106462979445062,0.1111111111111111,0.0095238095238095,False,1.4625780952380971,0.4106462979445062,0.0095238095238095,0.6610815602836879
ENSG00000141510,-0.0459285714285719,0.9272879027746976,0.8033429764218241,1.0191567053120718e-06,0.8285714285714286,False,0.0459285714285719,0.8033429764218241,0.8285714285714286,0.6609929078014184
ENSG00000101162,-0.5286923809523811,0.0063390555944402,0.1916347259880524,0.0537631164595889,0.019047619047619,False,0.5286923809523811,0.1916347259880524,0.019047619047619,0.6605496453900709
ENSG00000133063,-0.7013514285714306,0.3212457123521942,0.5805847059927522,0.0002007438432394,0.0095238095238095,False,0.7013514285714306,0.5805847059927522,0.0095238095238095,0.6601950354609929
ENSG00000131018,-1.031704761904761,4.4564351380140264e-10,-0.0541832424057027,0.4135365083216978,0.0666666666666666,True,1.031704761904761,0.0541832424057027,0.0666666666666666,0.6598404255319148
ENSG00000090006,-0.1243161904761898,0.7150953188617313,0.6765073220577733,3.231559180388467e-09,0.019047619047619,False,0.1243161904761898,0.6765073220577733,0.019047619047619,0.6594858156028369
ENSG00000204252,-0.6772238095238095,0.0003835723621653,-0.5843275632573359,0.0498683260080033,0.0095238095238095,True,0.6772238095238095,0.5843275632573359,0.0095238095238095,0.6591312056737588
ENSG00000196422,0.051524761904762,0.96835035327843,-1.4106719660084366,0.0015082202488499,0.019047619047619,False,0.051524761904762,1.4106719660084366,0.019047619047619,0.6585992907801419
ENSG00000150630,0.376862857142858,0.0176622522971499,1.323509273660644,5.887180046226559e-08,0.0095238095238095,True,0.376862857142858,1.323509273660644,0.0095238095238095,0.6582446808510638
ENSG00000065060,-0.4893238095238086,9.182829443199212e-07,-0.7878623402770337,1.0447601178743282e-14,0.0095238095238095,True,0.4893238095238086,0.7878623402770337,0.0095238095238095,0.6573581560283688
ENSG00000166866,1.766577142857142,0.0004137187352518,0.3749484389166753,0.0631691605516639,0.0095238095238095,True,1.766577142857142,0.3749484389166753,0.0095238095238095,0.6573581560283688
ENSG00000183049,-0.94419523809524,2.4764298274178217e-08,-0.4806748176386861,8.240903001262842e-08,0.0095238095238095,True,0.94419523809524,0.4806748176386861,0.0095238095238095,0.6568262411347516
ENSG00000113296,-1.3649209523809542,1.8931820668072485e-05,0.4019329815238173,0.0013254768849651,0.0095238095238095,False,1.3649209523809542,0.4019329815238173,0.0095238095238095,0.6555851063829787
ENSG00000197859,-0.4550666666666689,0.0685836361230329,0.8298559007381279,5.556548481826914e-08,0.0095238095238095,False,0.4550666666666689,0.8298559007381279,0.0095238095238095,0.6555851063829785
ENSG00000026297,0.6379704761904748,0.000137322833427,0.5879698176711088,3.7338873195641524e-10,0.0095238095238095,True,0.6379704761904748,0.5879698176711088,0.0095238095238095,0.6554078014184397
ENSG00000148848,0.4680704761904763,0.0894761852623526,0.8008892505023759,0.005618882148839,0.0095238095238095,True,0.4680704761904763,0.8008892505023759,0.0095238095238095,0.6550531914893616
ENSG00000168268,0.4430304761904757,0.0218296215332763,0.8518604958550888,9.04874407342836e-16,0.0095238095238095,True,0.4430304761904757,0.8518604958550888,0.0095238095238095,0.6550531914893616
ENSG00000090924,0.4235390476190481,0.0070582534433895,0.2271662006803474,0.001770325810015,0.019047619047619,True,0.4235390476190481,0.2271662006803474,0.019047619047619,0.6543439716312056
ENSG00000117713,-0.3697180952380972,0.0013645512187112,-0.1928877668029756,8.19499251730903e-05,0.0571428571428571,True,0.3697180952380972,0.1928877668029756,0.0571428571428571,0.6540780141843971
ENSG00000002746,0.8476380952380937,0.0027041949192825,-0.4978440683972955,0.5208065412399778,0.0095238095238095,False,0.8476380952380937,0.4978440683972955,0.0095238095238095,0.6538120567375885
ENSG00000172831,0.3912571428571407,0.0621971567983057,0.2418573686672545,0.2331833558708524,0.019047619047619,True,0.3912571428571407,0.2418573686672545,0.019047619047619,0.6531028368794326
ENSG00000123572,-0.8236685714285716,0.0232395202817388,0.49522238162319,0.0292960775585067,0.0095238095238095,False,0.8236685714285716,0.49522238162319,0.0095238095238095,0.6509751773049646
ENSG00000078177,-0.6114371428571399,1.101534979741552e-06,-0.58438812943443,1.7090419451712026e-10,0.0095238095238095,True,0.6114371428571399,0.58438812943443,0.0095238095238095,0.6509751773049646
ENSG00000164692,0.4501819047619051,0.111603072184971,0.7917382441770648,1.5731130790037209e-12,0.0095238095238095,True,0.4501819047619051,0.7917382441770648,0.0095238095238095,0.6506205673758865
ENSG00000118473,1.0186904761904767,5.444009457452673e-06,0.4329404162228734,0.0002050173173311,0.0095238095238095,True,1.0186904761904767,0.4329404162228734,0.0095238095238095,0.6504432624113474
ENSG00000057019,1.0225257142857131,0.0002462849851999,0.4320390130266034,0.0002049942520255,0.0095238095238095,True,1.0225257142857131,0.4320390130266034,0.0095238095238095,0.6502659574468084
ENSG00000115677,-0.3783838095238092,0.0069747743557096,-1.0429470915169148,1.3538025361011805e-13,0.0095238095238095,True,0.3783838095238092,1.0429470915169148,0.0095238095238095,0.6484929078014183
ENSG00000078053,-0.6903323809523814,0.0011087699640457,-0.0898088677823132,0.2606839530554053,0.0285714285714285,True,0.6903323809523814,0.0898088677823132,0.0285714285714285,0.6476063829787234
ENSG00000000971,0.0774657142857186,0.617125330348525,0.8138926256369388,2.1853834377624038e-12,0.019047619047619,True,0.0774657142857186,0.8138926256369388,0.019047619047619,0.6474290780141844
ENSG00000196549,0.9298333333333328,0.0108582191196462,0.4471522370735918,0.0027532723100752,0.0095238095238095,True,0.9298333333333328,0.4471522370735918,0.0095238095238095,0.6472517730496452
ENSG00000107614,-0.5136219047619051,5.869724937526171e-06,-0.6389169183356529,0.0004695813925186,0.0095238095238095,True,0.5136219047619051,0.6389169183356529,0.0095238095238095,0.6465425531914892
ENSG00000137713,-0.5651619047619043,3.6461306495496535e-06,-0.5931871946677632,1.2206429665548774e-09,0.0095238095238095,True,0.5651619047619043,0.5931871946677632,0.0095238095238095,0.6465425531914892
ENSG00000103995,0.1656199999999987,0.098024825730877,-0.4960738308924348,0.006472410646612,0.019047619047619,False,0.1656199999999987,0.4960738308924348,0.019047619047619,0.6458333333333333
ENSG00000124813,0.864690476190475,3.94676299174621e-05,0.4611786888727884,4.724819946728099e-05,0.0095238095238095,True,0.864690476190475,0.4611786888727884,0.0095238095238095,0.6456560283687942
ENSG00000102226,-0.2403514285714294,0.0134331185184674,0.3667306698335792,1.0175220139259742e-09,0.019047619047619,False,0.2403514285714294,0.3667306698335792,0.019047619047619,0.6456560283687942
ENSG00000052795,-0.1393647619047584,0.1661313124270433,-0.5551119864031122,3.425170602299035e-05,0.019047619047619,True,0.1393647619047584,0.5551119864031122,0.019047619047619,0.6453014184397163
ENSG00000139044,0.7385371428571439,0.0002387032099932,0.5023562526902836,0.1802197802197802,0.0095238095238095,True,0.7385371428571439,0.5023562526902836,0.0095238095238095,0.6447695035460992
ENSG00000101049,-0.3307038095238095,0.2202016703059364,-1.3817779607639693,7.346667528187962e-09,0.0095238095238095,True,0.3307038095238095,1.3817779607639693,0.0095238095238095,0.6442375886524823
ENSG00000102554,2.200754285714284,5.737253137105863e-10,0.3134803292921937,0.000937917267534,0.0095238095238095,True,2.200754285714284,0.3134803292921937,0.0095238095238095,0.6422872340425532
ENSG00000157765,-0.9115504761904738,0.0073161387947176,-0.0925576397948084,0.2290132097574744,0.019047619047619,True,0.9115504761904738,0.0925576397948084,0.019047619047619,0.6415780141843972
ENSG00000204525,0.5162028571428561,0.0016986815481504,0.6039004160107382,3.817655077963534e-06,0.0095238095238095,True,0.5162028571428561,0.6039004160107382,0.0095238095238095,0.6412234042553191
ENSG00000163359,0.1249495238095264,0.5624054355545369,0.4673988034268745,1.016435895491854e-08,0.0285714285714285,True,0.1249495238095264,0.4673988034268745,0.0285714285714285,0.6412234042553191
ENSG00000135750,1.916702857142857,2.527901419734386e-09,0.3175518625159412,0.1008163020000606,0.0095238095238095,True,1.916702857142857,0.3175518625159412,0.0095238095238095,0.6406914893617022
ENSG00000065675,-1.0370866666666672,1.5188678029073483e-06,-0.4018895778021054,0.0002909766259814,0.0095238095238095,True,1.0370866666666672,0.4018895778021054,0.0095238095238095,0.6405141843971631
ENSG00000149311,-0.3366514285714252,0.0003721508989542,-0.1970153883451892,3.9696981776121617e-05,0.0285714285714285,True,0.3366514285714252,0.1970153883451892,0.0285714285714285,0.6403368794326241
ENSG00000144118,0.6195390476190461,9.387852911352924e-09,0.5315264031418252,5.562762843404845e-10,0.0095238095238095,True,0.6195390476190461,0.5315264031418252,0.0095238095238095,0.640159574468085
ENSG00000167548,-0.3599333333333323,0.0057526211366702,-0.1708481862461752,0.000434258089221,0.0571428571428571,True,0.3599333333333323,0.1708481862461752,0.0571428571428571,0.6395390070921985
ENSG00000175600,1.084865714285714,4.861237943017151e-06,-0.3890217165463561,0.0052647497387939,0.0095238095238095,False,1.084865714285714,0.3890217165463561,0.0095238095238095,0.639095744680851
ENSG00000137563,0.8017495238095247,4.019937696551955e-06,0.4457279197275205,1.0674952951496852e-08,0.0095238095238095,True,0.8017495238095247,0.4457279197275205,0.0095238095238095,0.637677304964539
ENSG00000196924,0.3940990476190453,0.0242196452293361,0.8105636049880793,1.575509849179583e-15,0.0095238095238095,True,0.3940990476190453,0.8105636049880793,0.0095238095238095,0.6375
ENSG00000079263,0.3237514285714278,0.2515305181766181,0.25863240005323,0.3184745870654641,0.019047619047619,True,0.3237514285714278,0.25863240005323,0.019047619047619,0.6371453900709219
ENSG00000156650,-0.639366666666664,2.518472770709467e-09,-0.5108755527994333,0.0120531758945961,0.0095238095238095,True,0.639366666666664,0.5108755527994333,0.0095238095238095,0.636968085106383
ENSG00000278540,0.3093076190476189,0.0006077550924858,0.2732878978550452,4.1583439987793754e-09,0.019047619047619,True,0.3093076190476189,0.2732878978550452,0.019047619047619,0.636790780141844
ENSG00000198610,1.5086485714285716,0.0009907691411761,-0.3298273530140712,0.0167312938154578,0.0095238095238095,False,1.5086485714285716,0.3298273530140712,0.0095238095238095,0.6362588652482268
ENSG00000001084,-0.1779666666666681,0.0627450085168315,-0.4299191376632763,1.0638547903069844e-12,0.019047619047619,True,0.1779666666666681,0.4299191376632763,0.019047619047619,0.6353723404255318
ENSG00000112655,0.4309361904761921,0.0058239284922722,0.7036300631760959,3.0456393359101553e-14,0.0095238095238095,True,0.4309361904761921,0.7036300631760959,0.0095238095238095,0.6350177304964539
ENSG00000003147,0.1184628571428607,0.4629111280819211,-0.5692011018249374,5.138034301250926e-10,0.019047619047619,False,0.1184628571428607,0.5692011018249374,0.019047619047619,0.6343085106382977
ENSG00000178149,-0.3170933333333341,0.0027041024614814,-1.2140603055035122,0.0032051282051282,0.0095238095238095,True,0.3170933333333341,1.2140603055035122,0.0095238095238095,0.6337765957446808
ENSG00000113657,0.3963419047619059,0.0387172359867982,0.7596134642085559,3.410131297394616e-12,0.0095238095238095,True,0.3963419047619059,0.7596134642085559,0.0095238095238095,0.6337765957446808
ENSG00000065717,-1.1308828571428575,5.7090162041702075e-08,-0.0599118275399739,0.3970613340067476,0.019047619047619,True,1.1308828571428575,0.0599118275399739,0.019047619047619,0.6332446808510638
ENSG00000146350,-0.1066685714285711,0.2042104736740461,-0.5880885209128071,0.0095775360279331,0.019047619047619,True,0.1066685714285711,0.5880885209128071,0.019047619047619,0.6327127659574467
ENSG00000163739,0.5782942857142874,0.0644716933307405,0.52294800717603,0.0110230910347087,0.0095238095238095,True,0.5782942857142874,0.52294800717603,0.0095238095238095,0.6325354609929077
ENSG00000188070,-0.6158638095238089,5.338461986230455e-08,0.5048710948780979,0.0459114824108709,0.0095238095238095,False,0.6158638095238089,0.5048710948780979,0.0095238095238095,0.6323581560283688
ENSG00000158528,-0.6761266666666668,0.0003450793338187,-0.4781128437892157,9.191768510709684e-07,0.0095238095238095,True,0.6761266666666668,0.4781128437892157,0.0095238095238095,0.6320035460992908
ENSG00000106123,-0.771625714285717,0.011233709610892,-0.0935282369495631,0.5327811755505878,0.019047619047619,True,0.771625714285717,0.0935282369495631,0.019047619047619,0.6314716312056736
ENSG00000121005,-0.3215247619047616,0.3614797215128232,-1.1221010291453268,0.0035785953177257,0.0095238095238095,True,0.3215247619047616,1.1221010291453268,0.0095238095238095,0.6312943262411348
ENSG00000110987,-0.3494523809523819,0.0035883844601206,-0.9041179348526036,1.9810893854526266e-12,0.0095238095238095,True,0.3494523809523819,0.9041179348526036,0.0095238095238095,0.6312943262411347
ENSG00000070614,-0.7492809523809534,9.176823384238646e-09,-0.446966974197533,5.481983650482757e-05,0.0095238095238095,True,0.7492809523809534,0.446966974197533,0.0095238095238095,0.6312943262411347
ENSG00000180353,-0.5442428571428604,0.000389086586414,0.5396202838302919,0.0001439368038023,0.0095238095238095,False,0.5442428571428604,0.5396202838302919,0.0095238095238095,0.6309397163120567
ENSG00000101096,-1.1204161904761882,1.4948639939686057e-07,-0.3585569279077525,1.1291622766025983e-09,0.0095238095238095,True,1.1204161904761882,0.3585569279077525,0.0095238095238095,0.6309397163120567
ENSG00000137216,0.781938095238095,9.894006513326957e-08,0.4296169936721732,7.250375301606184e-05,0.0095238095238095,True,0.781938095238095,0.4296169936721732,0.0095238095238095,0.6305851063829786
ENSG00000123989,0.1782590476190471,0.2056208934967273,0.4165714561383389,5.93707996707693e-07,0.019047619047619,True,0.1782590476190471,0.4165714561383389,0.019047619047619,0.6302304964539007
ENSG00000160323,-0.5757638095238091,0.0015030737404579,-0.5169691334586819,0.1572500789959627,0.0095238095238095,True,0.5757638095238091,0.5169691334586819,0.0095238095238095,0.6300531914893617
ENSG00000114054,-0.3495619047619041,0.0001077023637256,-0.8884359536130368,4.0409661860649197e-16,0.0095238095238095,True,0.3495619047619041,0.8884359536130368,0.0095238095238095,0.6298758865248226
ENSG00000064419,0.2189266666666682,0.000155975648076,0.3464965661041539,1.164650639256564e-12,0.019047619047619,True,0.2189266666666682,0.3464965661041539,0.019047619047619,0.6288120567375886
ENSG00000169291,-0.9455380952380974,2.718189675395081e-07,-0.386807993811221,0.0012876451407029,0.0095238095238095,True,0.9455380952380974,0.386807993811221,0.0095238095238095,0.6286347517730496
ENSG00000100596,0.5164466666666634,8.673828492306072e-06,0.5471521403873751,2.6778436021575423e-14,0.0095238095238095,True,0.5164466666666634,0.5471521403873751,0.0095238095238095,0.6282801418439716
ENSG00000007866,0.5984085714285712,2.040664549857309e-06,0.4979952362659254,4.3301343964209806e-07,0.0095238095238095,True,0.5984085714285712,0.4979952362659254,0.0095238095238095,0.6277482269503546
ENSG00000163736,0.440573333333333,0.6625205835400574,-0.6337884996876397,6.306371015416039e-05,0.0095238095238095,False,0.440573333333333,0.6337884996876397,0.0095238095238095,0.6275709219858157
ENSG00000117115,-0.9944819047619032,0.0034104866296997,0.3697690917406078,7.334295736001575e-06,0.0095238095238095,False,0.9944819047619032,0.3697690917406078,0.0095238095238095,0.6275709219858154
ENSG00000141034,-0.6069076190476181,1.532777087545098e-08,-0.4936886453521651,8.345112991327709e-05,0.0095238095238095,True,0.6069076190476181,0.4936886453521651,0.0095238095238095,0.6272163120567376
ENSG00000145147,-0.7583571428571414,0.0001977817362596,-0.0534132836748142,0.3209738767894274,0.0285714285714285,True,0.7583571428571414,0.0534132836748142,0.0285714285714285,0.6270390070921985
ENSG00000111271,-0.4158895238095219,6.565076076840149e-05,-0.6613625243911834,3.152246692686417e-11,0.0095238095238095,True,0.4158895238095219,0.6613625243911834,0.0095238095238095,0.6268617021276596
ENSG00000127947,0.7593371428571452,1.3708875811792526e-07,0.4256009401929503,1.1001812552374266e-09,0.0095238095238095,True,0.7593371428571452,0.4256009401929503,0.0095238095238095,0.6254432624113475
ENSG00000124212,-0.3684047619047614,0.1786178945962253,0.2058858661816103,0.0296860564053221,0.019047619047619,False,0.3684047619047614,0.2058858661816103,0.019047619047619,0.6252659574468085
ENSG00000168542,0.3083666666666644,0.2418192919675204,1.081746192852993,8.994777442699214e-14,0.0095238095238095,True,0.3083666666666644,1.081746192852993,0.0095238095238095,0.6252659574468085
ENSG00000105254,0.3385838095238114,0.0016079569672033,0.8537397690848181,9.716336642430768e-13,0.0095238095238095,True,0.3385838095238114,0.8537397690848181,0.0095238095238095,0.6249113475177304
ENSG00000115540,0.4841504761904769,3.435248287879304e-05,0.5775466145487869,0.0727272727272727,0.0095238095238095,True,0.4841504761904769,0.5775466145487869,0.0095238095238095,0.6247340425531915
ENSG00000156345,-0.5400761904761895,2.6959123068009285e-05,-0.5162279047038183,0.0022114108801415,0.0095238095238095,True,0.5400761904761895,0.5162279047038183,0.0095238095238095,0.6245567375886525
ENSG00000158089,0.489206666666667,0.1072129462898174,-0.570048039248551,0.1973684210526316,0.0095238095238095,False,0.489206666666667,0.570048039248551,0.0095238095238095,0.6242021276595744
ENSG00000035928,-0.4075590476190491,4.013904371866809e-05,-0.6598817713429845,9.73782297533547e-17,0.0095238095238095,True,0.4075590476190491,0.6598817713429845,0.0095238095238095,0.6238475177304964
ENSG00000019991,-0.5929457142857117,0.0031981901062067,0.4856254719932593,8.631950963235408e-05,0.0095238095238095,False,0.5929457142857117,0.4856254719932593,0.0095238095238095,0.6234929078014184
ENSG00000167642,1.011449523809528,2.2455462632231838e-07,0.3520374935340378,0.0038525476813689,0.0095238095238095,True,1.011449523809528,0.3520374935340378,0.0095238095238095,0.6233156028368794
ENSG00000181588,0.5248904761904747,0.0003150376962838,-0.5198318246870137,0.5649367593414428,0.0095238095238095,False,0.5248904761904747,0.5198318246870137,0.0095238095238095,0.6231382978723403
ENSG00000152818,-0.5470380952380971,4.881068226035148e-08,-0.505473498751762,7.229069553108219e-16,0.0095238095238095,True,0.5470380952380971,0.505473498751762,0.0095238095238095,0.6231382978723403
ENSG00000135541,-0.4745047619047646,1.0996486699691328e-06,-0.5779485611740931,0.0268261150614091,0.0095238095238095,True,0.4745047619047646,0.5779485611740931,0.0095238095238095,0.6231382978723403
ENSG00000142798,0.1720171428571397,0.4391095622350265,0.4043620388962452,1.2856027567217266e-09,0.019047619047619,True,0.1720171428571397,0.4043620388962452,0.019047619047619,0.6229609929078013
ENSG00000111249,-1.6483371428571427,1.0013581560595408e-05,-0.2904865974690018,0.4377842422527143,0.0095238095238095,True,1.6483371428571427,0.2904865974690018,0.0095238095238095,0.6227836879432624
ENSG00000108797,-0.6489504761904783,5.0155917803285415e-05,0.1000328729273043,0.4751230334595511,0.019047619047619,False,0.6489504761904783,0.1000328729273043,0.019047619047619,0.6220744680851064
ENSG00000184675,-0.400249523809526,9.93088053267436e-05,-0.6587028515293873,0.0058528697384096,0.0095238095238095,True,0.400249523809526,0.6587028515293873,0.0095238095238095,0.6220744680851062
ENSG00000147381,0.6210304761904762,0.0599233869748886,-0.4646026262977578,0.1121826731459854,0.0095238095238095,False,0.6210304761904762,0.4646026262977578,0.0095238095238095,0.6218971631205674
ENSG00000118004,-1.1524914285714305,0.0008120040209104,-0.3250571985149868,0.0037022884168965,0.0095238095238095,True,1.1524914285714305,0.3250571985149868,0.0095238095238095,0.6210106382978723
ENSG00000211658,0.295549523809524,0.9841724748012964,1.085065438218951,8.479085936263019e-05,0.0095238095238095,True,0.295549523809524,1.085065438218951,0.0095238095238095,0.6210106382978722
ENSG00000153827,0.2055428571428557,3.044305899157725e-05,0.3428173633309264,1.0111371046728673e-14,0.019047619047619,True,0.2055428571428557,0.3428173633309264,0.019047619047619,0.6206560283687943
ENSG00000167772,0.4326152380952361,0.3329932726784173,0.6026377685965016,0.0031848657249687,0.0095238095238095,True,0.4326152380952361,0.6026377685965016,0.0095238095238095,0.6204787234042553
ENSG00000177697,0.3788952380952395,0.0089305449590028,0.712326654202176,2.3656359781157687e-10,0.0095238095238095,True,0.3788952380952395,0.712326654202176,0.0095238095238095,0.6204787234042553
ENSG00000142784,-0.5985314285714285,3.145875011519806e-07,-0.467538515880527,2.6745938854062075e-10,0.0095238095238095,True,0.5985314285714285,0.467538515880527,0.0095238095238095,0.6203014184397162
ENSG00000007237,-0.6522466666666649,5.097271937375805e-05,0.4412712415379793,1.1007997445031751e-05,0.0095238095238095,False,0.6522466666666649,0.4412712415379793,0.0095238095238095,0.6203014184397162
ENSG00000123104,-0.6490200000000037,6.963662061586703e-08,-0.4436700585120192,3.556304957784095e-08,0.0095238095238095,True,0.6490200000000037,0.4436700585120192,0.0095238095238095,0.6201241134751773
ENSG00000159339,-0.7632771428571417,0.001108747820021,0.4050444508455868,0.045556277833782,0.0095238095238095,False,0.7632771428571417,0.4050444508455868,0.0095238095238095,0.6197695035460993
ENSG00000080573,0.5777657142857162,0.0155103098408399,0.4787589553464535,0.0010378131002596,0.0095238095238095,True,0.5777657142857162,0.4787589553464535,0.0095238095238095,0.6190602836879433
ENSG00000169435,0.7460114285714319,0.0028848477470563,0.4111457327919581,0.0002421981495736,0.0095238095238095,True,0.7460114285714319,0.4111457327919581,0.0095238095238095,0.6187056737588652
ENSG00000113916,-0.2389961904761879,0.017464647170786,0.2993504442317132,0.0597076819043291,0.019047619047619,False,0.2389961904761879,0.2993504442317132,0.019047619047619,0.6181737588652483
ENSG00000165841,1.4113647619047611,8.290025161863475e-05,-0.2920104593593677,0.2975576195390437,0.0095238095238095,False,1.4113647619047611,0.2920104593593677,0.0095238095238095,0.6174645390070922
ENSG00000064651,0.5863171428571423,0.0114913604217559,0.4651527763206573,2.053055275219289e-05,0.0095238095238095,True,0.5863171428571423,0.4651527763206573,0.0095238095238095,0.6169326241134752
ENSG00000144619,-0.5015209523809521,0.0019960963072604,0.1310521234984918,0.5355521155830754,0.019047619047619,False,0.5015209523809521,0.1310521234984918,0.019047619047619,0.6169326241134752
ENSG00000077616,-0.8826895238095211,2.557823257922398e-05,-0.3634300892768323,0.0968008255933952,0.0095238095238095,True,0.8826895238095211,0.3634300892768323,0.0095238095238095,0.6165780141843971
ENSG00000123360,-0.4950180952380965,0.005754564236816,0.131445362042303,0.1895017325457239,0.019047619047619,False,0.4950180952380965,0.131445362042303,0.019047619047619,0.6160460992907801
ENSG00000122224,-0.6095571428571436,0.0222931071811436,0.4454230894186217,0.1939393939393939,0.0095238095238095,False,0.6095571428571436,0.4454230894186217,0.0095238095238095,0.6158687943262411
ENSG00000104765,0.3698876190476223,0.0055475672513969,0.700731199253255,0.0018743451872594,0.0095238095238095,True,0.3698876190476223,0.700731199253255,0.0095238095238095,0.6149822695035461
ENSG00000166311,-0.4386238095238077,9.300222046774438e-05,0.5771300010799898,9.21340458873791e-09,0.0095238095238095,False,0.4386238095238077,0.5771300010799898,0.0095238095238095,0.6149822695035461
ENSG00000112299,0.5044704761904786,0.1080782500046363,0.5120317837907464,0.0068771943303083,0.0095238095238095,True,0.5044704761904786,0.5120317837907464,0.0095238095238095,0.614804964539007
ENSG00000109436,-0.433724761904763,4.248715905900656e-06,-0.1032067685203124,0.1785377533979443,0.0285714285714285,True,0.433724761904763,0.1032067685203124,0.0285714285714285,0.613918439716312
ENSG00000128731,-0.3784399999999994,2.556334260944628e-05,-0.1235868352902684,0.027862167377626,0.0380952380952381,True,0.3784399999999994,0.1235868352902684,0.0380952380952381,0.6137411347517729
ENSG00000100578,-0.1005019047619057,0.1565971039898921,-0.5299810715457731,0.1103520187004498,0.019047619047619,True,0.1005019047619057,0.5299810715457731,0.019047619047619,0.613563829787234
ENSG00000129993,-1.9161866666666687,1.1043135265861049e-07,0.2572323930704545,0.301125362425672,0.0095238095238095,False,1.9161866666666687,0.2572323930704545,0.0095238095238095,0.613209219858156
ENSG00000163082,1.3443828571428575,1.6801648595326583e-08,-0.2892859461693717,0.5788736547250479,0.0095238095238095,False,1.3443828571428575,0.2892859461693717,0.0095238095238095,0.613209219858156
ENSG00000109606,0.289164761904761,2.8894574921287357e-05,0.2344977507571677,1.5326825075997742e-10,0.019047619047619,True,0.289164761904761,0.2344977507571677,0.019047619047619,0.613031914893617
ENSG00000095066,-0.366220952380953,0.0122948266784468,-0.6814999810113918,1.8271117947024693e-12,0.0095238095238095,True,0.366220952380953,0.6814999810113918,0.0095238095238095,0.6124999999999999
ENSG00000275342,0.3767866666666659,0.0293894645692817,0.6596875487279981,7.053006822159898e-10,0.0095238095238095,True,0.3767866666666659,0.6596875487279981,0.0095238095238095,0.6124999999999999
ENSG00000118523,-0.3342542857142856,0.349085544546351,0.7490585726928352,1.266305544475628e-11,0.0095238095238095,False,0.3342542857142856,0.7490585726928352,0.0095238095238095,0.612145390070922
ENSG00000162896,0.265174285714286,0.2099265253515789,1.1439380896329467,4.745011812935625e-10,0.0095238095238095,True,0.265174285714286,1.1439380896329467,0.0095238095238095,0.6119680851063829
ENSG00000055609,-0.3872238095238067,7.974792894672664e-07,-0.1239682894762133,0.0400250798174355,0.0285714285714285,True,0.3872238095238067,0.1239682894762133,0.0285714285714285,0.611436170212766
ENSG00000165632,-0.379957142857144,1.1485739631741233e-06,-0.6379594050437625,2.270643091602321e-09,0.0095238095238095,True,0.379957142857144,0.6379594050437625,0.0095238095238095,0.611436170212766
ENSG00000164919,0.39066857142857,4.765680793944785e-06,0.6137483955995009,3.635218221577573e-07,0.0095238095238095,True,0.39066857142857,0.6137483955995009,0.0095238095238095,0.6112588652482269
ENSG00000169991,-0.6799980952380942,0.0001287425336284,-0.4048094494490151,0.0067602443913261,0.0095238095238095,True,0.6799980952380942,0.4048094494490151,0.0095238095238095,0.6112588652482269
ENSG00000159063,0.2792209523809532,0.0002174419868703,-1.015364018986613,1.8624073325624567e-05,0.0095238095238095,False,0.2792209523809532,1.015364018986613,0.0095238095238095,0.610549645390071
ENSG00000166169,-0.439919999999999,2.993738851215769e-05,-0.5500654994738525,0.000274163311189,0.0095238095238095,True,0.439919999999999,0.5500654994738525,0.0095238095238095,0.6098404255319149
ENSG00000070476,-0.5083247619047615,1.016965723917059e-06,-0.493095698478232,0.8314167772372107,0.0095238095238095,True,0.5083247619047615,0.493095698478232,0.0095238095238095,0.6094858156028369
ENSG00000174358,-0.6511523809523805,0.1798957569123096,-0.0803279775147238,0.3549452338753058,0.019047619047619,True,0.6511523809523805,0.0803279775147238,0.019047619047619,0.6089539007092198
ENSG00000169174,0.8285876190476191,0.0192382040378906,0.351213856954633,0.0132757272032249,0.0095238095238095,True,0.8285876190476191,0.351213856954633,0.0095238095238095,0.6089539007092197
ENSG00000099889,-0.8393133333333314,4.017373677837969e-05,-0.3498032095577734,1.3294529425111674e-06,0.0095238095238095,True,0.8393133333333314,0.3498032095577734,0.0095238095238095,0.6087765957446808
ENSG00000187498,0.4333419047619031,0.0402403587029123,0.1409076582228721,0.1517003560238161,0.019047619047619,True,0.4333419047619031,0.1409076582228721,0.019047619047619,0.6087765957446808
ENSG00000132436,0.4954819047619061,3.439777513570594e-05,-0.4988183521668219,0.0361586106713543,0.0095238095238095,False,0.4954819047619061,0.4988183521668219,0.0095238095238095,0.6085992907801419
ENSG00000154330,-1.309246666666665,1.5188678029073483e-06,-0.2834505598985757,0.0017900585987259,0.0095238095238095,True,1.309246666666665,0.2834505598985757,0.0095238095238095,0.6080673758865247
ENSG00000149782,0.8667238095238083,8.750410658184706e-09,0.3417004965610495,1.5266403986863036e-12,0.0095238095238095,True,0.8667238095238083,0.3417004965610495,0.0095238095238095,0.6078900709219858
ENSG00000111602,0.3523923809523808,0.0041748280597672,-0.6689154057338591,0.0004406914534811,0.0095238095238095,False,0.3523923809523808,0.6689154057338591,0.0095238095238095,0.6078900709219858
ENSG00000120137,0.3361152380952337,0.0024990481606898,0.7156867498728054,0.0030721348852605,0.0095238095238095,True,0.3361152380952337,0.7156867498728054,0.0095238095238095,0.6078900709219858
ENSG00000175707,-0.0373838095238108,0.1464617391332887,-0.7246547724127268,4.936832145268952e-06,0.019047619047619,True,0.0373838095238108,0.7246547724127268,0.019047619047619,0.6077127659574468
ENSG00000104447,0.2099085714285706,0.0940579118967216,0.2278563070978201,0.0260764131113681,0.0380952380952381,True,0.2099085714285706,0.2278563070978201,0.0380952380952381,0.6066489361702128
ENSG00000141646,-0.727172380952382,2.019074193541077e-08,-0.0166699367121871,0.1729424003064442,0.1904761904761904,True,0.727172380952382,0.0166699367121871,0.1904761904761904,0.6065602836879432
ENSG00000087460,-0.383895238095242,6.241376698074424e-05,-0.1030667593771426,0.0172040941270529,0.0571428571428571,True,0.383895238095242,0.1030667593771426,0.0571428571428571,0.6063829787234042
ENSG00000113088,-0.6519647619047628,0.0578923950702199,0.4025082371333965,0.0161849379608746,0.0095238095238095,False,0.6519647619047628,0.4025082371333965,0.0095238095238095,0.6061170212765956
ENSG00000137767,0.5641114285714295,7.0725789881239856e-06,0.4317186076265464,1.1771993988818734e-08,0.0095238095238095,True,0.5641114285714295,0.4317186076265464,0.0095238095238095,0.6048758865248227
ENSG00000110442,-0.3347342857142834,7.754898407914796e-05,0.6884453679744915,6.517472269444931e-10,0.0095238095238095,False,0.3347342857142834,0.6884453679744915,0.0095238095238095,0.6048758865248227
ENSG00000127831,0.4016942857142833,0.0836497960872163,0.1465657034654377,0.1920452823268567,0.019047619047619,True,0.4016942857142833,0.1465657034654377,0.019047619047619,0.6048758865248227
ENSG00000125304,0.35459142857143,0.0001329710859928,-0.6426829296783225,1.7078643351348306e-07,0.0095238095238095,False,0.35459142857143,0.6426829296783225,0.0095238095238095,0.6046985815602837
ENSG00000267467,-0.5142714285714283,0.0308704144765409,0.459434178818519,0.0136066894509261,0.0095238095238095,False,0.5142714285714283,0.459434178818519,0.0095238095238095,0.6045212765957446
ENSG00000174738,-0.2628914285714305,0.0902273520069354,-1.0041931494127745,5.473764041919457e-05,0.0095238095238095,True,0.2628914285714305,1.0041931494127745,0.0095238095238095,0.6038120567375886
ENSG00000169297,-1.677848571428572,0.000642226977887,-0.2461698544491568,0.3543245465442262,0.0095238095238095,True,1.677848571428572,0.2461698544491568,0.0095238095238095,0.6036347517730496
ENSG00000068650,0.1316857142857177,0.2717473277215771,0.336623848635508,1.5795024653608748e-05,0.0285714285714285,True,0.1316857142857177,0.336623848635508,0.0285714285714285,0.6032801418439716
ENSG00000181873,-0.6035142857142866,6.64562467434903e-07,-0.409240796283207,7.240879351057162e-10,0.0095238095238095,True,0.6035142857142866,0.409240796283207,0.0095238095238095,0.6032801418439716
ENSG00000116584,0.4370561904761914,3.55301675902195e-05,0.5221057366347033,8.038164938208734e-15,0.0095238095238095,True,0.4370561904761914,0.5221057366347033,0.0095238095238095,0.6027482269503546
ENSG00000130822,2.7075571428571434,2.3845470713148705e-06,0.2107651307778404,0.8006181461559035,0.0095238095238095,True,2.7075571428571434,0.2107651307778404,0.0095238095238095,0.6023936170212766
ENSG00000107897,0.3331685714285743,6.0288077997278506e-05,0.6811223102751711,1.353848694533478e-12,0.0095238095238095,True,0.3331685714285743,0.6811223102751711,0.0095238095238095,0.6023936170212766
ENSG00000196159,-0.4473933333333342,0.0347874044232132,0.0706609908481503,0.3076367672846762,0.0571428571428571,False,0.4473933333333342,0.0706609908481503,0.0571428571428571,0.602127659574468
ENSG00000198844,-0.950504761904762,3.9656544899189513e-07,-0.3079513053275704,0.0158530710931928,0.0095238095238095,True,0.950504761904762,0.3079513053275704,0.0095238095238095,0.6016843971631205
ENSG00000213903,-0.2602419047619033,0.0050300732610384,0.9844019895383128,0.1362637362637362,0.0095238095238095,False,0.2602419047619033,0.9844019895383128,0.0095238095238095,0.6011524822695036
ENSG00000175216,0.4051952380952368,1.7738019614941858e-07,0.1389692344174733,3.329433161290121e-07,0.019047619047619,True,0.4051952380952368,0.1389692344174733,0.019047619047619,0.6011524822695035
ENSG00000124942,0.1572304761904774,0.1256404137414874,0.3580515565583688,6.196373392783023e-05,0.019047619047619,True,0.1572304761904774,0.3580515565583688,0.019047619047619,0.6000886524822695
ENSG00000138035,0.1504819047619037,0.0225018104057251,-0.3745657968263671,5.673098635095552e-05,0.019047619047619,False,0.1504819047619037,0.3745657968263671,0.019047619047619,0.6000886524822695
ENSG00000196700,-0.5026495238095237,1.7313827648687708e-05,-0.4517292609978227,3.0960030404015684e-10,0.0095238095238095,True,0.5026495238095237,0.4517292609978227,0.0095238095238095,0.5984929078014184
ENSG00000144712,-1.3515552380952371,5.210240064303949e-09,-0.2528968572340986,0.002105077859215,0.0095238095238095,True,1.3515552380952371,0.2528968572340986,0.0095238095238095,0.5981382978723404
ENSG00000154310,0.6319580952380957,9.684416170851616e-06,0.3838439226232424,3.8349051517887016e-10,0.0095238095238095,True,0.6319580952380957,0.3838439226232424,0.0095238095238095,0.5979609929078014
ENSG00000205268,-0.5387647619047637,0.000100808488723,-0.4246929299905631,0.0259259640303685,0.0095238095238095,True,0.5387647619047637,0.4246929299905631,0.0095238095238095,0.5977836879432623
ENSG00000176208,0.6252199999999988,1.762981557147265e-05,0.3843417705433367,0.245126813363298,0.0095238095238095,True,0.6252199999999988,0.3843417705433367,0.0095238095238095,0.5976063829787234
ENSG00000183779,0.5509657142857147,0.0031582195585567,0.4152883513541638,6.257386869172666e-07,0.0095238095238095,True,0.5509657142857147,0.4152883513541638,0.0095238095238095,0.5972517730496454
ENSG00000107104,-0.937188571428571,4.839372804357327e-09,-0.3042534600476045,1.3193342921378701e-09,0.0095238095238095,True,0.937188571428571,0.3042534600476045,0.0095238095238095,0.5972517730496454
ENSG00000149418,0.860399999999995,5.9787512082795466e-06,-0.0370670760467923,0.2710485251980028,0.019047619047619,False,0.860399999999995,0.0370670760467923,0.019047619047619,0.5956560283687943
ENSG00000154678,-1.234514285714286,9.020434519066862e-07,0.2580290899379633,0.6715191510574354,0.0095238095238095,False,1.234514285714286,0.2580290899379633,0.0095238095238095,0.5954787234042553
ENSG00000129009,0.247974285714287,0.4160049723174308,0.9756657101786708,2.2437484771795058e-11,0.0095238095238095,True,0.247974285714287,0.9756657101786708,0.0095238095238095,0.5945921985815603
ENSG00000187609,-0.2938685714285709,0.0279450494609877,-0.7363735796231197,0.0009325543010834,0.0095238095238095,True,0.2938685714285709,0.7363735796231197,0.0095238095238095,0.5942375886524822
ENSG00000158859,-0.0946657142857159,0.411469770671104,0.3785461447603637,0.0002403727481239,0.0285714285714285,False,0.0946657142857159,0.3785461447603637,0.0285714285714285,0.5938829787234042
ENSG00000154258,-0.9332723809523812,9.139954074942948e-05,-0.2953715793396085,0.6149407114624506,0.0095238095238095,True,0.9332723809523812,0.2953715793396085,0.0095238095238095,0.5938829787234042
ENSG00000122952,1.7022571428571425,9.466617141523676e-10,0.2219993241307527,0.440934065934066,0.0095238095238095,True,1.7022571428571425,0.2219993241307527,0.0095238095238095,0.5937056737588652
ENSG00000179954,0.000414285714287,0.8739019323724383,0.5986528941067206,1.36256240254292e-07,0.0285714285714285,True,0.000414285714287,0.5986528941067206,0.0285714285714285,0.5931737588652483
ENSG00000204469,-0.1394657142857163,0.046827580807988,-0.3699028466600715,1.1983826019651095e-10,0.019047619047619,True,0.1394657142857163,0.3699028466600715,0.019047619047619,0.5926418439716312
ENSG00000147234,-0.8130247619047619,0.0034104866296997,0.3097076616145422,0.4274889995990473,0.0095238095238095,False,0.8130247619047619,0.3097076616145422,0.0095238095238095,0.5921099290780141
ENSG00000157240,0.2559199999999979,0.1625165761791087,0.8649072993372009,7.357217653803049e-11,0.0095238095238095,True,0.2559199999999979,0.8649072993372009,0.0095238095238095,0.5906914893617021
ENSG00000151655,-0.2571247619047616,0.5359516940351985,0.8486991902827299,1.7359734552467427e-11,0.0095238095238095,False,0.2571247619047616,0.8486991902827299,0.0095238095238095,0.590336879432624
ENSG00000103222,0.2365800000000018,0.028787401413319,0.2360790615418473,0.0013842167729265,0.019047619047619,True,0.2365800000000018,0.2360790615418473,0.019047619047619,0.589982269503546
ENSG00000099341,0.5104438095238102,3.350870165137508e-07,0.4170302823143288,9.357127731003616e-11,0.0095238095238095,True,0.5104438095238102,0.4170302823143288,0.0095238095238095,0.5898049645390071
ENSG00000091879,0.691044761904763,1.274481469697896e-05,0.3394371702057057,0.0609464477780813,0.0095238095238095,True,0.691044761904763,0.3394371702057057,0.0095238095238095,0.5898049645390071
ENSG00000168140,-0.279440952380952,0.0909880750348173,0.1526373092145689,0.1015359311519205,0.0285714285714285,False,0.279440952380952,0.1526373092145689,0.0285714285714285,0.589627659574468
ENSG00000139648,0.2216409523809523,0.1624428955620255,1.1082553765573486,1.932613291979372e-09,0.0095238095238095,True,0.2216409523809523,1.1082553765573486,0.0095238095238095,0.5892730496453901
ENSG00000132549,-0.0919761904761902,0.1336482784354927,-0.3504971609967704,1.3802839403804536e-05,0.0380952380952381,True,0.0919761904761902,0.3504971609967704,0.0380952380952381,0.5889184397163121
ENSG00000158258,-0.9699723809523776,0.0006928412058814,0.2761847652264571,0.2305443235633592,0.0095238095238095,False,0.9699723809523776,0.2761847652264571,0.0095238095238095,0.588741134751773
ENSG00000173706,-0.4344295238095288,0.0003198055658043,0.4749825201968107,0.0005937298258125,0.0095238095238095,False,0.4344295238095288,0.4749825201968107,0.0095238095238095,0.588563829787234
ENSG00000139211,1.5004876190476182,7.606331648550353e-08,0.2213464564330607,0.8999385905096587,0.0095238095238095,True,1.5004876190476182,0.2213464564330607,0.0095238095238095,0.587854609929078
ENSG00000149823,-0.7044495238095259,1.3676385900159264e-05,-0.3272906563408249,2.2437484771795058e-11,0.0095238095238095,True,0.7044495238095259,0.3272906563408249,0.0095238095238095,0.587854609929078
ENSG00000113758,0.2788419047619026,0.07482256456566,0.7403712439273704,2.604657737750619e-13,0.0095238095238095,True,0.2788419047619026,0.7403712439273704,0.0095238095238095,0.587854609929078
ENSG00000104626,0.4873104761904745,2.3834952440604852e-05,0.4296487543242229,3.6665528054831846e-09,0.0095238095238095,True,0.4873104761904745,0.4296487543242229,0.0095238095238095,0.587677304964539
ENSG00000121380,1.3809123809523802,3.440101208678174e-05,0.2266817028316481,0.3515328924381943,0.0095238095238095,True,1.3809123809523802,0.2266817028316481,0.0095238095238095,0.587322695035461
ENSG00000185222,0.3780104761904788,0.0025986105425697,0.5302693322071477,0.0205148431987649,0.0095238095238095,True,0.3780104761904788,0.5302693322071477,0.0095238095238095,0.586968085106383
ENSG00000204628,-0.2637161904761882,0.0014422811765775,-0.782894582137029,3.890873445823729e-13,0.0095238095238095,True,0.2637161904761882,0.782894582137029,0.0095238095238095,0.5867907801418439
ENSG00000068976,-0.9639114285714268,0.0001858710550107,-0.2726182445679264,0.001612812427501,0.0095238095238095,True,0.9639114285714268,0.2726182445679264,0.0095238095238095,0.5866134751773049
ENSG00000102302,-0.5567495238095237,0.0001267412211166,0.066212586257766,0.7070575494207576,0.019047619047619,False,0.5567495238095237,0.066212586257766,0.019047619047619,0.5866134751773049
ENSG00000204542,3.3852342857142856,5.044455786976377e-06,-0.1768725833901427,0.6690334185623694,0.0095238095238095,False,3.3852342857142856,0.1768725833901427,0.0095238095238095,0.5862588652482269
ENSG00000137812,1.6365533333333353,5.734117030509394e-10,0.2106369238740875,0.2622284484138231,0.0095238095238095,True,1.6365533333333353,0.2106369238740875,0.0095238095238095,0.586081560283688
ENSG00000213203,-0.8689247619047613,3.1934561199341437e-06,0.288796165017974,0.0019207951233781,0.0095238095238095,False,0.8689247619047613,0.288796165017974,0.0095238095238095,0.5853723404255318
ENSG00000134317,0.9309714285714286,0.0002174639809268,0.2780931284167849,0.5144937497256616,0.0095238095238095,True,0.9309714285714286,0.2780931284167849,0.0095238095238095,0.5851950354609928
ENSG00000123191,0.2053761904761906,0.5894762259971869,-1.170717884233266,1.5875099085598228e-10,0.0095238095238095,False,0.2053761904761906,1.170717884233266,0.0095238095238095,0.5846631205673758
ENSG00000130844,-0.3281647619047625,0.0481639861881524,-0.5878050535339163,0.0487314543042097,0.0095238095238095,True,0.3281647619047625,0.5878050535339163,0.0095238095238095,0.5843085106382979
ENSG00000168724,0.0424933333333328,0.8613836370440995,-0.5578354336856641,3.0644807476871736e-11,0.019047619047619,False,0.0424933333333328,0.5578354336856641,0.019047619047619,0.5839539007092198
ENSG00000164414,0.4356942857142858,2.6939179090346927e-05,-0.4522686175345392,0.0001109773868916,0.0095238095238095,False,0.4356942857142858,0.4522686175345392,0.0095238095238095,0.5839539007092198
ENSG00000123338,-0.3890838095238091,0.0050910335524219,0.5040566185423536,1.021813720170906e-06,0.0095238095238095,False,0.3890838095238091,0.5040566185423536,0.0095238095238095,0.5837765957446808
ENSG00000099331,0.0658857142857165,0.8056805437536941,0.4004800686767318,3.575225570283597e-09,0.0285714285714285,True,0.0658857142857165,0.4004800686767318,0.0285714285714285,0.5834219858156029
ENSG00000137414,-0.3533352380952372,0.0004589060665853,-0.5463498151250512,2.336491120223744e-07,0.0095238095238095,True,0.3533352380952372,0.5463498151250512,0.0095238095238095,0.5834219858156028
ENSG00000096060,-0.9329809523809516,0.0038228148394105,-0.2711040677539422,3.829069387873512e-05,0.0095238095238095,True,0.9329809523809516,0.2711040677539422,0.0095238095238095,0.5832446808510638
ENSG00000122574,-1.2571847619047611,1.2581429963321368e-07,-0.2287256533438793,0.016429530823399,0.0095238095238095,True,1.2571847619047611,0.2287256533438793,0.0095238095238095,0.5828900709219857
ENSG00000198198,-0.3878257142857162,7.192907413000791e-06,-0.5015929995515656,5.681296596059213e-11,0.0095238095238095,True,0.3878257142857162,0.5015929995515656,0.0095238095238095,0.5825354609929078
ENSG00000141367,0.1971476190476213,0.0064131795512322,0.2625281536761008,1.8446391458549286e-09,0.019047619047619,True,0.1971476190476213,0.2625281536761008,0.019047619047619,0.5825354609929078
ENSG00000140326,-0.4480523809523813,8.67881809345242e-06,0.4369869884906769,0.0864597009127938,0.0095238095238095,False,0.4480523809523813,0.4369869884906769,0.0095238095238095,0.5823581560283688
ENSG00000172403,-0.1613447619047594,0.9778428983182976,0.3065170795913268,0.0017649135583626,0.019047619047619,False,0.1613447619047594,0.3065170795913268,0.019047619047619,0.5818262411347517
ENSG00000115993,-0.4070952380952395,5.7026910582524956e-08,-0.4752618692138952,0.0193056048858831,0.0095238095238095,True,0.4070952380952395,0.4752618692138952,0.0095238095238095,0.5818262411347517
ENSG00000196576,0.2458428571428594,0.0902239992540981,0.1545479844022921,4.501488193403292e-05,0.0380952380952381,True,0.2458428571428594,0.1545479844022921,0.0380952380952381,0.5818262411347517
ENSG00000213316,-0.9687238095238112,0.0003452106153455,-0.2578397857207086,0.0596773982989165,0.0095238095238095,True,0.9687238095238112,0.2578397857207086,0.0095238095238095,0.5812943262411348
ENSG00000196208,-0.5122923809523829,2.8393452732385683e-05,-0.3893646633839722,0.0193744164332399,0.0095238095238095,True,0.5122923809523829,0.3893646633839722,0.0095238095238095,0.5809397163120567
ENSG00000139174,-0.3656333333333315,0.0691887716025408,0.5230585861436872,0.0098216629537205,0.0095238095238095,False,0.3656333333333315,0.5230585861436872,0.0095238095238095,0.5807624113475176
ENSG00000144029,0.3267695238095243,2.162291278902164e-06,-0.572932069187825,4.5433119782059696e-11,0.0095238095238095,False,0.3267695238095243,0.572932069187825,0.0095238095238095,0.5795212765957447
ENSG00000115266,-0.3250666666666664,0.045966014080437,-0.5759382893106633,0.0020831118044509,0.0095238095238095,True,0.3250666666666664,0.5759382893106633,0.0095238095238095,0.5795212765957447
ENSG00000213949,0.3728095238095239,0.0209319199449921,0.5118629407541135,1.2856027567217266e-09,0.0095238095238095,True,0.3728095238095239,0.5118629407541135,0.0095238095238095,0.5791666666666666
ENSG00000100473,-0.8154590476190471,0.0142074308691861,0.2838546451759818,0.1587994149210021,0.0095238095238095,False,0.8154590476190471,0.2838546451759818,0.0095238095238095,0.5788120567375885
ENSG00000139178,-0.285525714285713,0.0069721244545513,0.6453179320892772,2.181465956824901e-10,0.0095238095238095,False,0.285525714285713,0.6453179320892772,0.0095238095238095,0.5781028368794325
ENSG00000160211,0.2615276190476194,0.0909897587470844,0.7138204499842935,2.0959514422543837e-13,0.0095238095238095,True,0.2615276190476194,0.7138204499842935,0.0095238095238095,0.5770390070921985
ENSG00000143341,0.2414552380952379,0.2386416075962719,0.7915277975828836,5.787233285740871e-12,0.0095238095238095,True,0.2414552380952379,0.7915277975828836,0.0095238095238095,0.5766843971631206
ENSG00000187164,-0.324661904761907,0.0007767751031856,-0.5632417314165217,4.2666984606590614e-13,0.0095238095238095,True,0.324661904761907,0.5632417314165217,0.0095238095238095,0.5766843971631206
ENSG00000159217,4.098827619047618,4.73070760692885e-09,0.16085657868107,1.0,0.0095238095238095,True,4.098827619047618,0.16085657868107,0.0095238095238095,0.5765070921985815
ENSG00000136802,0.9510466666666666,9.672764288787799e-08,0.2494384099164257,0.0086278246501871,0.0095238095238095,True,0.9510466666666666,0.2494384099164257,0.0095238095238095,0.5761524822695034
ENSG00000167767,0.5243885714285703,0.1296141843707728,0.3647681250762851,0.0001215810293036,0.0095238095238095,True,0.5243885714285703,0.3647681250762851,0.0095238095238095,0.5761524822695034
ENSG00000162337,0.4779542857142811,0.0104908461645015,-0.4032872704227337,0.0933356119406159,0.0095238095238095,False,0.4779542857142811,0.4032872704227337,0.0095238095238095,0.5759751773049645
ENSG00000110811,-0.2518476190476182,0.1420949329124275,0.7362014018888381,2.1853834377624038e-12,0.0095238095238095,False,0.2518476190476182,0.7362014018888381,0.0095238095238095,0.5756205673758865
ENSG00000108582,0.6461104761904775,4.174143379935947e-06,-0.037634067108371,0.2728644523956315,0.019047619047619,False,0.6461104761904775,0.037634067108371,0.019047619047619,0.5750886524822694
ENSG00000154814,-0.2490942857142872,0.0032389978941793,-0.7386890280548286,1.822126503893958e-08,0.0095238095238095,True,0.2490942857142872,0.7386890280548286,0.0095238095238095,0.5747340425531915
ENSG00000139220,0.2965285714285741,0.1421004715838613,0.5957230781839371,9.492136887605128e-06,0.0095238095238095,True,0.2965285714285741,0.5957230781839371,0.0095238095238095,0.5745567375886524
ENSG00000168036,0.3332409523809527,5.45571308199932e-05,0.134851542588656,0.0130578819240899,0.019047619047619,True,0.3332409523809527,0.134851542588656,0.019047619047619,0.5743794326241134
ENSG00000065802,-0.2017457142857157,0.0046684305688629,0.992175286022878,7.373705824169344e-07,0.0095238095238095,False,0.2017457142857157,0.992175286022878,0.0095238095238095,0.5742021276595743
ENSG00000130402,0.7083019047619032,5.4577718527584745e-08,0.2964784870418242,9.102622505143746e-11,0.0095238095238095,True,0.7083019047619032,0.2964784870418242,0.0095238095238095,0.5742021276595743
ENSG00000106012,0.3448123809523817,0.0016979236649966,0.5193621123861689,0.1164262468610294,0.0095238095238095,True,0.3448123809523817,0.5193621123861689,0.0095238095238095,0.5738475177304965
ENSG00000004139,-0.8713295238095231,4.1749467864153844e-08,-0.0034630093083514,0.6102242668264857,0.019047619047619,True,0.8713295238095231,0.0034630093083514,0.019047619047619,0.5736702127659574
ENSG00000099834,1.353019047619048,0.0004263161641034,0.2016138059701866,0.4319596013689029,0.0095238095238095,True,1.353019047619048,0.2016138059701866,0.0095238095238095,0.5731382978723404
ENSG00000144381,0.523258095238095,4.50387339302172e-06,-0.3507650082586906,8.404185383975579e-06,0.0095238095238095,False,0.523258095238095,0.3507650082586906,0.0095238095238095,0.5717198581560283
ENSG00000168439,0.6002800000000015,9.38708500991926e-07,0.3168246445502696,8.05312466790629e-08,0.0095238095238095,True,0.6002800000000015,0.3168246445502696,0.0095238095238095,0.5717198581560283
ENSG00000179163,0.151985714285713,0.2614905541593025,0.2947818110423199,0.0001788142831188,0.019047619047619,True,0.151985714285713,0.2947818110423199,0.019047619047619,0.5710106382978724
ENSG00000156299,-0.4306561904761903,0.0122913531985478,0.4185534327145674,0.0179059425096625,0.0095238095238095,False,0.4306561904761903,0.4185534327145674,0.0095238095238095,0.5710106382978724
ENSG00000140853,0.3501342857142848,0.0533145324992265,0.5022801869133247,0.098297213622291,0.0095238095238095,True,0.3501342857142848,0.5022801869133247,0.0095238095238095,0.5710106382978724
ENSG00000124098,-0.0894561904761896,0.4701811478350535,-0.4005590822835145,0.0005132345897638,0.019047619047619,True,0.0894561904761896,0.4005590822835145,0.019047619047619,0.5694148936170212
ENSG00000157131,0.2410380952380948,0.4621864379942039,0.726803625132046,1.6394550701916036e-11,0.0095238095238095,True,0.2410380952380948,0.726803625132046,0.0095238095238095,0.5694148936170212
ENSG00000249437,-0.6546238095238106,4.302506059672197e-07,0.296793902633059,0.0010187081212217,0.0095238095238095,False,0.6546238095238106,0.296793902633059,0.0095238095238095,0.5694148936170212
ENSG00000111913,-0.2273561904761933,0.160156822156755,-0.7876312234292264,0.0678880382280145,0.0095238095238095,True,0.2273561904761933,0.7876312234292264,0.0095238095238095,0.5692375886524823
ENSG00000127603,0.1266599999999993,0.1346962956174031,0.3231553394078972,1.7591955130369096e-14,0.019047619047619,True,0.1266599999999993,0.3231553394078972,0.019047619047619,0.5688829787234042
ENSG00000129566,0.3644390476190473,0.0002462175947309,0.4876323133123001,2.4480762077827416e-13,0.0095238095238095,True,0.3644390476190473,0.4876323133123001,0.0095238095238095,0.5687056737588652
ENSG00000102805,-0.2167857142857148,0.0024653154433603,0.8158929641982375,1.8676798764378668e-10,0.0095238095238095,False,0.2167857142857148,0.8158929641982375,0.0095238095238095,0.5687056737588652
ENSG00000172830,0.6004542857142869,2.207339882139925e-06,0.3082520103095767,2.6114044552860263e-08,0.0095238095238095,True,0.6004542857142869,0.3082520103095767,0.0095238095238095,0.5679964539007092
ENSG00000115896,-0.5208361904761922,0.0002042633195827,-0.0138936297050129,0.4936292800577128,0.0285714285714285,True,0.5208361904761922,0.0138936297050129,0.0285714285714285,0.5678191489361702
ENSG00000048740,-0.7624390476190488,8.013208602744599e-05,0.2679149512172856,0.0014453490857525,0.0095238095238095,False,0.7624390476190488,0.2679149512172856,0.0095238095238095,0.5678191489361701
ENSG00000101104,-0.1856447619047632,0.1722990326245436,-1.007047104164613,8.038164938208734e-15,0.0095238095238095,True,0.1856447619047632,1.007047104164613,0.0095238095238095,0.5674645390070922
ENSG00000145337,-0.196382857142856,0.0044944843989937,0.9336957533793288,9.691924413567798e-07,0.0095238095238095,False,0.196382857142856,0.9336957533793288,0.0095238095238095,0.5672872340425532
ENSG00000165102,-0.3423199999999973,5.3621651643046205e-05,0.498547148346244,0.002484986669804,0.0095238095238095,False,0.3423199999999973,0.498547148346244,0.0095238095238095,0.5672872340425532
ENSG00000154743,-0.2736619047619051,0.0064929165370806,-0.6062093718923869,0.0018687209947688,0.0095238095238095,True,0.2736619047619051,0.6062093718923869,0.0095238095238095,0.5669326241134751
ENSG00000009830,-0.2678590476190461,0.0018171097376507,-0.6146417885478037,0.0012692793217046,0.0095238095238095,True,0.2678590476190461,0.6146417885478037,0.0095238095238095,0.566578014184397
ENSG00000105967,-0.0849342857142865,0.4581169439895155,0.3109041701179595,0.3543245465442262,0.0285714285714285,False,0.0849342857142865,0.3109041701179595,0.0285714285714285,0.5649822695035461
ENSG00000187231,0.5044619047619037,1.76120605205886e-05,0.3469353342742423,7.920127153912821e-07,0.0095238095238095,True,0.5044619047619037,0.3469353342742423,0.0095238095238095,0.5646276595744681
ENSG00000257335,-0.2925352380952395,0.2216999937648763,0.5663743481930901,0.0065610451157816,0.0095238095238095,False,0.2925352380952395,0.5663743481930901,0.0095238095238095,0.56427304964539
ENSG00000145982,-0.2502504761904767,0.0007133494546199,-0.653791766547748,2.9791078602153084e-11,0.0095238095238095,True,0.2502504761904767,0.653791766547748,0.0095238095238095,0.56427304964539
ENSG00000075643,0.7894019047619043,3.964737280557554e-07,0.2505715602576046,0.147697775550624,0.0095238095238095,True,0.7894019047619043,0.2505715602576046,0.0095238095238095,0.564095744680851
ENSG00000148498,-0.2381342857142847,0.0095711545821554,-0.1841434853748147,0.0005317275283536,0.019047619047619,True,0.2381342857142847,0.1841434853748147,0.019047619047619,0.563918439716312
ENSG00000119777,-0.1540923809523811,0.1142782490634864,-1.413839121816487,4.943781822735318e-08,0.0095238095238095,True,0.1540923809523811,1.413839121816487,0.0095238095238095,0.5628546099290779
ENSG00000175416,1.0827609523809514,2.77369416776204e-07,0.2047018821723334,0.0009459937872479,0.0095238095238095,True,1.0827609523809514,0.2047018821723334,0.0095238095238095,0.5628546099290779
ENSG00000128709,1.082484761904762,0.0001373559547814,0.2051286469892552,0.1071336044624628,0.0095238095238095,True,1.082484761904762,0.2051286469892552,0.0095238095238095,0.5628546099290779
ENSG00000106245,0.4041276190476193,3.12854864645917e-06,0.4125257869736281,9.58980854080934e-07,0.0095238095238095,True,0.4041276190476193,0.4125257869736281,0.0095238095238095,0.562677304964539
ENSG00000184232,-0.9477980952380972,7.438644358764767e-08,0.2192915226913392,0.0230294978868472,0.0095238095238095,False,0.9477980952380972,0.2192915226913392,0.0095238095238095,0.5621453900709219
ENSG00000172264,0.5437838095238074,0.185109919934807,-0.3138334270584479,2.079767174680373e-05,0.0095238095238095,False,0.5437838095238074,0.3138334270584479,0.0095238095238095,0.5614361702127659
ENSG00000179981,-0.6351904761904752,1.775279183075689e-07,0.2881892711155913,0.4754185962966653,0.0095238095238095,False,0.6351904761904752,0.2881892711155913,0.0095238095238095,0.5612588652482269
ENSG00000162298,-0.3383828571428608,0.0161993205678882,-0.4730480055420898,8.054046004968839e-05,0.0095238095238095,True,0.3383828571428608,0.4730480055420898,0.0095238095238095,0.5598404255319149
ENSG00000164253,-0.0961371428571418,0.2966463123065902,-0.3540724609169068,1.0175220139259742e-09,0.019047619047619,True,0.0961371428571418,0.3540724609169068,0.019047619047619,0.5598404255319149
ENSG00000156508,-0.4438304761904774,2.659581082266336e-07,-0.3705058313883427,1.0367572203834761e-07,0.0095238095238095,True,0.4438304761904774,0.3705058313883427,0.0095238095238095,0.5589539007092199
ENSG00000066056,-0.5139352380952396,0.0018172099108184,0.3172549852439239,0.1463046310894079,0.0095238095238095,False,0.5139352380952396,0.3172549852439239,0.0095238095238095,0.5577127659574468
ENSG00000007384,0.5998304761904745,1.2287569004757909e-05,0.2885380902430441,0.0022398266556136,0.0095238095238095,True,0.5998304761904745,0.2885380902430441,0.0095238095238095,0.5577127659574468
ENSG00000090539,-0.9316276190476184,1.6119282280710573e-06,0.2139425611033125,0.0106868902328816,0.0095238095238095,False,0.9316276190476184,0.2139425611033125,0.0095238095238095,0.5573581560283687
ENSG00000118271,-2.697392380952381,0.000524923701564,0.1343228139285273,0.1059546385742911,0.0095238095238095,False,2.697392380952381,0.1343228139285273,0.0095238095238095,0.5573581560283687
ENSG00000111859,0.2040009523809516,0.3116526628496935,0.777395119881902,1.6181035793753995e-09,0.0095238095238095,True,0.2040009523809516,0.777395119881902,0.0095238095238095,0.5571808510638298
ENSG00000164056,-0.3332847619047641,0.1554689930976984,0.4708141464550799,0.0040658779598808,0.0095238095238095,False,0.3332847619047641,0.4708141464550799,0.0095238095238095,0.5570035460992908
ENSG00000141258,-0.5729342857142861,9.455820048653573e-08,-0.2956441929056055,0.0043674297025302,0.0095238095238095,True,0.5729342857142861,0.2956441929056055,0.0095238095238095,0.5570035460992908
ENSG00000166833,-0.4537142857142839,0.0053456328506329,-0.3534160848727765,0.0014217719384232,0.0095238095238095,True,0.4537142857142839,0.3534160848727765,0.0095238095238095,0.5568262411347518
ENSG00000197892,0.4376485714285731,0.0008003697395843,0.3687877844716425,9.357127731003616e-11,0.0095238095238095,True,0.4376485714285731,0.3687877844716425,0.0095238095238095,0.5568262411347518
ENSG00000154447,0.3900714285714297,0.0028847015842859,-0.0795245995321458,0.0339927365740894,0.019047619047619,False,0.3900714285714297,0.0795245995321458,0.019047619047619,0.5561170212765958
ENSG00000189001,1.4874619047619049,0.0001223589120524,0.1668683312376515,0.3710933695226975,0.0095238095238095,True,1.4874619047619049,0.1668683312376515,0.0095238095238095,0.5561170212765957
ENSG00000181789,0.3523933333333335,5.862951219583698e-06,-0.4403579590100399,5.138034301250926e-10,0.0095238095238095,False,0.3523933333333335,0.4403579590100399,0.0095238095238095,0.5555851063829786
ENSG00000047056,-0.4675200000000004,1.9725129953635396e-08,-0.3430960910656893,8.9895275192236e-09,0.0095238095238095,True,0.4675200000000004,0.3430960910656893,0.0095238095238095,0.5552304964539008
ENSG00000198542,0.1514923809523818,0.4899612589235754,1.178383575509624,1.472841559091831e-15,0.0095238095238095,True,0.1514923809523818,1.178383575509624,0.0095238095238095,0.5550531914893617
ENSG00000169047,0.5935104761904757,8.836377788136337e-06,0.2842113198295415,5.561660793255892e-07,0.0095238095238095,True,0.5935104761904757,0.2842113198295415,0.0095238095238095,0.5550531914893617
ENSG00000185008,-0.1341619047619016,0.7569616094925418,-1.886917266475649,0.0045112283915836,0.0095238095238095,True,0.1341619047619016,1.886917266475649,0.0095238095238095,0.5548758865248227
ENSG00000184661,2.203510476190476,9.012602082035531e-10,-0.1396923203849631,0.4892666988902439,0.0095238095238095,False,2.203510476190476,0.1396923203849631,0.0095238095238095,0.5548758865248227
ENSG00000142733,0.0679923809523828,0.8738991099221877,0.387628745445852,3.473166272684205e-08,0.019047619047619,True,0.0679923809523828,0.387628745445852,0.019047619047619,0.5541666666666667
ENSG00000183010,0.1962866666666656,0.1453528542446004,-0.7749626774327432,1.910857863068236e-07,0.0095238095238095,False,0.1962866666666656,0.7749626774327432,0.0095238095238095,0.5531028368794326
ENSG00000106086,0.2355076190476221,0.0056114434200081,0.6302912815908392,0.0753968253968254,0.0095238095238095,True,0.2355076190476221,0.6302912815908392,0.0095238095238095,0.5529255319148936
ENSG00000112159,-0.3325438095238091,4.587591881036839e-06,-0.4578580948646618,1.0348781047378044e-11,0.0095238095238095,True,0.3325438095238091,0.4578580948646618,0.0095238095238095,0.5529255319148936
ENSG00000005844,-0.4620495238095241,0.0225261611776304,0.3406495607956543,0.0004920479190253,0.0095238095238095,False,0.4620495238095241,0.3406495607956543,0.0095238095238095,0.5529255319148936
ENSG00000182752,0.2293104761904771,0.1786080908285506,0.169723496434365,0.0396151886081727,0.019047619047619,True,0.2293104761904771,0.169723496434365,0.019047619047619,0.5522163120567376
ENSG00000060971,-0.462553333333334,0.0109814759684563,0.3369721660988922,3.973805024125849e-06,0.0095238095238095,False,0.462553333333334,0.3369721660988922,0.0095238095238095,0.5516843971631205
ENSG00000237649,2.2464523809523795,6.348824399336701e-10,0.1342393838800895,0.3494650252715374,0.0095238095238095,True,2.2464523809523795,0.1342393838800895,0.0095238095238095,0.5515070921985816
ENSG00000105851,-0.2918390476190442,0.0129990990255533,0.1266667770711969,0.2141872401832117,0.019047619047619,False,0.2918390476190442,0.1266667770711969,0.019047619047619,0.5513297872340426
ENSG00000151914,0.1084695238095214,0.2930611888455768,0.3088902505508528,1.3625624940620612e-08,0.019047619047619,True,0.1084695238095214,0.3088902505508528,0.019047619047619,0.5511524822695035
ENSG00000183549,-1.6979552380952372,1.2047362354299172e-07,0.1490193595886975,0.6063936063936064,0.0095238095238095,False,1.6979552380952372,0.1490193595886975,0.0095238095238095,0.5511524822695035
ENSG00000184956,-1.3577095238095254,0.0768008128757412,-0.1643542804676236,0.262093221275373,0.0095238095238095,True,1.3577095238095254,0.1643542804676236,0.0095238095238095,0.5509751773049645
ENSG00000265972,0.2366628571428606,0.1089496991125709,0.6112367810089054,1.8541755398374416e-10,0.0095238095238095,True,0.2366628571428606,0.6112367810089054,0.0095238095238095,0.5506205673758864
ENSG00000152137,-0.9493228571428568,9.517834837141903e-06,0.1982525800597265,0.0015527917498447,0.0095238095238095,False,0.9493228571428568,0.1982525800597265,0.0095238095238095,0.5504432624113476
ENSG00000170604,-0.3571666666666679,0.007491542625232,-0.423202125598781,2.2044583248520186e-15,0.0095238095238095,True,0.3571666666666679,0.423202125598781,0.0095238095238095,0.5500886524822695
ENSG00000170456,-0.6137971428571412,5.647436736349777e-06,0.2635129700211998,0.0225819527320124,0.0095238095238095,False,0.6137971428571412,0.2635129700211998,0.0095238095238095,0.5492021276595744
ENSG00000147799,0.0074466666666666,0.6682867081228798,-0.5107943853706516,0.0013511833381199,0.019047619047619,False,0.0074466666666666,0.5107943853706516,0.019047619047619,0.5490248226950354
ENSG00000135801,0.1911142857142884,0.0112321566363584,-0.1970698113580979,0.0087147461840278,0.019047619047619,False,0.1911142857142884,0.1970698113580979,0.019047619047619,0.5483156028368794
ENSG00000136854,-0.7826552380952378,9.174181559738624e-06,-0.2162047416846633,0.0051349806969946,0.0095238095238095,True,0.7826552380952378,0.2162047416846633,0.0095238095238095,0.5481382978723404
ENSG00000116141,-0.7414580952380945,1.3707968455549504e-05,-0.2287681878154437,0.0213299259912101,0.0095238095238095,True,0.7414580952380945,0.2287681878154437,0.0095238095238095,0.5479609929078013
ENSG00000105137,0.2115695238095245,0.1799010484032552,0.6581530086430867,1.374149335254547e-10,0.0095238095238095,True,0.2115695238095245,0.6581530086430867,0.0095238095238095,0.5468971631205674
ENSG00000106305,0.5016323809523815,2.434215614855249e-06,0.3052012312545145,5.356211493104849e-06,0.0095238095238095,True,0.5016323809523815,0.3052012312545145,0.0095238095238095,0.5465425531914894
ENSG00000122863,-0.2822847619047621,0.0265583168417878,0.1240333230741939,0.23818995909366,0.019047619047619,False,0.2822847619047621,0.1240333230741939,0.019047619047619,0.5465425531914894
ENSG00000136881,-1.72683904761905,3.323191455371038e-05,0.1386228083310854,0.594072594072594,0.0095238095238095,False,1.72683904761905,0.1386228083310854,0.0095238095238095,0.5465425531914894
ENSG00000130382,-0.3771485714285738,4.1556739477535154e-05,-0.3966740738302086,3.760149443735435e-09,0.0095238095238095,True,0.3771485714285738,0.3966740738302086,0.0095238095238095,0.5465425531914894
ENSG00000128268,1.1534371428571433,2.7433499429238078e-05,0.1681554567722649,0.0972652250377617,0.0095238095238095,True,1.1534371428571433,0.1681554567722649,0.0095238095238095,0.5456560283687943
ENSG00000175356,-0.4551104761904767,0.132650879019905,0.3178306706849056,0.0016333893190731,0.0095238095238095,False,0.4551104761904767,0.3178306706849056,0.0095238095238095,0.5444148936170212
ENSG00000184216,0.3279638095238102,0.0003835004736338,0.4319651844879359,2.6559616204181872e-08,0.0095238095238095,True,0.3279638095238102,0.4319651844879359,0.0095238095238095,0.5442375886524822
ENSG00000163961,0.3874609523809535,1.8886011502365957e-07,-0.3725364136238482,0.0165875386328608,0.0095238095238095,False,0.3874609523809535,0.3725364136238482,0.0095238095238095,0.5438829787234043
ENSG00000079215,-0.5758828571428598,0.0032815242220301,0.2629956509251254,0.274922600619195,0.0095238095238095,False,0.5758828571428598,0.2629956509251254,0.0095238095238095,0.5435283687943262
ENSG00000231925,0.211668571428568,0.0697905197906068,0.6346786417399848,2.780662349205552e-10,0.0095238095238095,True,0.211668571428568,0.6346786417399848,0.0095238095238095,0.5435283687943262
ENSG00000110172,0.3857647619047597,0.0016069309035765,0.3720630968428118,1.2303801142729411e-11,0.0095238095238095,True,0.3857647619047597,0.3720630968428118,0.0095238095238095,0.5431737588652482
ENSG00000079337,-0.13974476190476,0.578576858950153,-1.0585873633494651,0.0999999999999999,0.0095238095238095,True,0.13974476190476,1.0585873633494651,0.0095238095238095,0.5422872340425531
ENSG00000211455,0.4268333333333345,0.0050290852194547,0.3361781123065235,2.3749558874673965e-11,0.0095238095238095,True,0.4268333333333345,0.3361781123065235,0.0095238095238095,0.5421099290780141
ENSG00000010327,-0.528021904761907,0.0051540591214276,0.2811343354020152,2.7594418855185613e-05,0.0095238095238095,False,0.528021904761907,0.2811343354020152,0.0095238095238095,0.5421099290780141
ENSG00000157554,-0.6576190476190469,0.0002314450862043,0.2323040422100462,0.2032491569357687,0.0095238095238095,False,0.6576190476190469,0.2323040422100462,0.0095238095238095,0.5417553191489362
ENSG00000168710,-0.529877142857142,7.249111911634046e-09,-0.2749430796272207,0.0001279182901809,0.0095238095238095,True,0.529877142857142,0.2749430796272207,0.0095238095238095,0.5408687943262411
ENSG00000131196,-0.8441952380952387,3.50012068076554e-05,-0.1958693460730529,0.0655697046253725,0.0095238095238095,True,0.8441952380952387,0.1958693460730529,0.0095238095238095,0.540514184397163
ENSG00000129151,0.1647161904761898,0.6769720966271673,0.8126824479052708,0.4939628482972136,0.0095238095238095,True,0.1647161904761898,0.8126824479052708,0.0095238095238095,0.5401595744680852
ENSG00000162745,0.1334419047619075,0.8272507854931557,1.1225911041261618,6.885351945859942e-12,0.0095238095238095,True,0.1334419047619075,1.1225911041261618,0.0095238095238095,0.540159574468085
ENSG00000106571,0.1256447619047627,0.2339325341693218,0.1895127859262686,0.2721278721278721,0.0476190476190476,True,0.1256447619047627,0.1895127859262686,0.0476190476190476,0.5398049645390071
ENSG00000087245,0.142225714285713,0.5385673382262806,0.9848688205515224,1.396890571273964e-13,0.0095238095238095,True,0.142225714285713,0.9848688205515224,0.0095238095238095,0.5398049645390071
ENSG00000146966,-0.4142733333333321,7.629924979214074e-05,0.3277774021914936,0.2347044080790211,0.0095238095238095,False,0.4142733333333321,0.3277774021914936,0.0095238095238095,0.538031914893617
ENSG00000166816,-0.4920857142857153,0.026834304239966,-0.2897119379413979,0.0037022884168965,0.0095238095238095,True,0.4920857142857153,0.2897119379413979,0.0095238095238095,0.5374999999999999
ENSG00000113504,0.3080028571428581,0.0398509345442462,0.4387714156927771,1.3937950593796508e-07,0.0095238095238095,True,0.3080028571428581,0.4387714156927771,0.0095238095238095,0.537322695035461
ENSG00000136997,-0.7168600000000005,6.346939903032625e-05,-0.2099882650635969,0.1607288543332571,0.0095238095238095,True,0.7168600000000005,0.2099882650635969,0.0095238095238095,0.537145390070922
ENSG00000186635,-0.413356190476188,2.5564996712232603e-05,0.3272883965312907,1.822126503893958e-08,0.0095238095238095,False,0.413356190476188,0.3272883965312907,0.0095238095238095,0.5369680851063829
ENSG00000167202,-0.25824380952381,0.001698049963832,0.5109647644661841,1.0348781047378044e-11,0.0095238095238095,False,0.25824380952381,0.5109647644661841,0.0095238095238095,0.5367907801418439
ENSG00000110195,-0.2880438095238098,0.5101390016688173,0.4662512352500698,0.1376104904622482,0.0095238095238095,False,0.2880438095238098,0.4662512352500698,0.0095238095238095,0.5367907801418439
ENSG00000135070,-0.3011647619047632,0.0001715894383426,-0.4431021872699894,1.9417558441613862e-09,0.0095238095238095,True,0.3011647619047632,0.4431021872699894,0.0095238095238095,0.5367907801418439
ENSG00000196730,-0.4365476190476176,6.242477679641533e-05,0.3130275346683113,5.993649650802615e-07,0.0095238095238095,False,0.4365476190476176,0.3130275346683113,0.0095238095238095,0.536258865248227
ENSG00000137474,-0.2558942857142856,0.0117538005700366,-0.512529053812802,0.0001481191972716,0.0095238095238095,True,0.2558942857142856,0.512529053812802,0.0095238095238095,0.5360815602836879
ENSG00000179846,-0.1821600000000005,0.2370675237314717,0.6785798762030559,0.0019431530721524,0.0095238095238095,False,0.1821600000000005,0.6785798762030559,0.0095238095238095,0.5359042553191489
ENSG00000183775,-2.2840152380952388,1.8437868047090238e-08,0.1046907604973341,0.1201234253703308,0.0095238095238095,False,2.2840152380952388,0.1046907604973341,0.0095238095238095,0.5351950354609929
ENSG00000172840,-0.2072780952380952,0.0163724599762783,-0.6017799784280946,0.069158041676798,0.0095238095238095,True,0.2072780952380952,0.6017799784280946,0.0095238095238095,0.5351950354609929
ENSG00000198825,0.4759761904761905,1.9595186790923388e-05,0.2901280961192114,7.514316276030444e-08,0.0095238095238095,True,0.4759761904761905,0.2901280961192114,0.0095238095238095,0.5350177304964538
ENSG00000106772,-0.7837685714285723,0.004020313068855,-0.1946628189430299,0.0506131741516071,0.0095238095238095,True,0.7837685714285723,0.1946628189430299,0.0095238095238095,0.5350177304964538
ENSG00000074181,0.1942933333333343,0.2858319611289346,0.638508336617214,7.71179998280679e-11,0.0095238095238095,True,0.1942933333333343,0.638508336617214,0.0095238095238095,0.5346631205673759
ENSG00000127418,-0.2983961904761898,0.1811933218443518,-0.4372677114585226,0.046132189728733,0.0095238095238095,True,0.2983961904761898,0.4372677114585226,0.0095238095238095,0.5344858156028369
ENSG00000121898,-0.1776219047619065,0.8056831889987628,0.6961525359588094,1.9051777757243647e-10,0.0095238095238095,False,0.1776219047619065,0.6961525359588094,0.0095238095238095,0.5343085106382979
ENSG00000038210,0.4792323809523804,0.0002916218751445,-0.0197551995254841,0.8115232966550845,0.019047619047619,False,0.4792323809523804,0.0197551995254841,0.019047619047619,0.5341312056737588
ENSG00000143549,0.5698380952380937,2.604549552117858e-07,0.2422907041156534,1.5539840236368303e-06,0.0095238095238095,True,0.5698380952380937,0.2422907041156534,0.0095238095238095,0.5341312056737588
ENSG00000162729,0.2158238095238083,0.0600127082544669,-0.1530274487608913,0.0109864305572119,0.019047619047619,False,0.2158238095238083,0.1530274487608913,0.019047619047619,0.5339539007092198
ENSG00000114853,-0.4804714285714269,8.017559837797605e-05,-0.2884471479999853,0.1661933867210185,0.0095238095238095,True,0.4804714285714269,0.2884471479999853,0.0095238095238095,0.5339539007092198
ENSG00000158321,-0.5028076190476192,0.0003779100148614,-0.0118672010251827,0.757933161386994,0.019047619047619,True,0.5028076190476192,0.0118672010251827,0.019047619047619,0.5334219858156029
ENSG00000099814,0.4505352380952399,0.0131406737963268,0.0258776246784044,0.452588885144776,0.019047619047619,True,0.4505352380952399,0.0258776246784044,0.019047619047619,0.5332446808510638
ENSG00000155659,-0.2505123809523777,0.0964174676371302,0.5057606696453192,7.915393121225426e-05,0.0095238095238095,False,0.2505123809523777,0.5057606696453192,0.0095238095238095,0.5327127659574469
ENSG00000178921,-0.4717161904761884,6.816910793113226e-06,-0.2890820618791565,1.3341165010888142e-16,0.0095238095238095,True,0.4717161904761884,0.2890820618791565,0.0095238095238095,0.5327127659574468
ENSG00000063177,-0.2258942857142827,0.0220596156495507,-0.555997229408348,8.19499251730903e-05,0.0095238095238095,True,0.2258942857142827,0.555997229408348,0.0095238095238095,0.5327127659574468
ENSG00000047410,0.2690685714285745,0.0003148860553168,0.1052438132638684,0.0061404728009422,0.019047619047619,True,0.2690685714285745,0.1052438132638684,0.019047619047619,0.5320035460992907
ENSG00000164904,-0.2387295238095248,0.0347842530260735,-0.5234964553132002,9.245218634974505e-08,0.0095238095238095,True,0.2387295238095248,0.5234964553132002,0.0095238095238095,0.5320035460992907
ENSG00000198862,-0.0403209523809522,0.6171179953888701,-0.3796580121062867,2.4896015083961752e-08,0.019047619047619,True,0.0403209523809522,0.3796580121062867,0.019047619047619,0.5318262411347517
ENSG00000110237,-0.072064761904766,0.586711820524333,0.3154606896128769,7.01049679351081e-08,0.019047619047619,False,0.072064761904766,0.3154606896128769,0.019047619047619,0.5318262411347517
ENSG00000131378,0.2280142857142877,0.104606016925826,0.5465170641436394,9.442697857034982e-09,0.0095238095238095,True,0.2280142857142877,0.5465170641436394,0.0095238095238095,0.5318262411347516
ENSG00000023445,1.00463714285714,0.0002501195739304,-0.1605433846642299,1.0,0.0095238095238095,False,1.00463714285714,0.1605433846642299,0.0095238095238095,0.5316489361702127
ENSG00000166147,0.148578095238097,0.5229610412018215,0.8301051073960117,1.7386202973777517e-13,0.0095238095238095,True,0.148578095238097,0.8301051073960117,0.0095238095238095,0.5314716312056738
ENSG00000061337,-0.3182323809523808,0.0430234766455333,0.411262617423116,0.0003163091224245,0.0095238095238095,False,0.3182323809523808,0.411262617423116,0.0095238095238095,0.5314716312056738
ENSG00000188157,0.7077600000000004,0.0015444261134166,0.203191163229814,0.0024003113033354,0.0095238095238095,True,0.7077600000000004,0.203191163229814,0.0095238095238095,0.5312943262411347
ENSG00000089335,-0.3227780952380978,0.0112280629181911,-0.4045125570823362,0.1688265070954531,0.0095238095238095,True,0.3227780952380978,0.4045125570823362,0.0095238095238095,0.5312943262411347
ENSG00000178498,-0.4280000000000008,0.0001095301291679,0.3071154302724324,0.0018674826327824,0.0095238095238095,False,0.4280000000000008,0.3071154302724324,0.0095238095238095,0.5311170212765957
ENSG00000065243,0.2994809523809554,0.0018415594085874,0.0874294148894563,0.0719014738532465,0.019047619047619,True,0.2994809523809554,0.0874294148894563,0.019047619047619,0.5305851063829787
ENSG00000104218,-0.265525714285717,0.0011083271393338,-0.470394506757918,0.161845883585014,0.0095238095238095,True,0.265525714285717,0.470394506757918,0.0095238095238095,0.5300531914893616
ENSG00000280789,-0.1917066666666684,0.0074897794124017,-0.6114375231377664,7.088792493869111e-05,0.0095238095238095,True,0.1917066666666684,0.6114375231377664,0.0095238095238095,0.5295212765957447
ENSG00000125848,0.6536942857142858,0.0054139148333191,0.2095707203668091,0.016986473781632,0.0095238095238095,True,0.6536942857142858,0.2095707203668091,0.0095238095238095,0.5295212765957447
ENSG00000171115,-0.8428847619047612,7.208706125147353e-06,-0.1729797631837399,0.0177961236749198,0.0095238095238095,True,0.8428847619047612,0.1729797631837399,0.0095238095238095,0.5286347517730496
ENSG00000105755,0.8799466666666653,1.4026152089634653e-06,0.1686331444344766,0.0219767678079868,0.0095238095238095,True,0.8799466666666653,0.1686331444344766,0.0095238095238095,0.5277482269503546
ENSG00000171813,-0.2390190476190472,0.1464603373315508,-0.507579469816978,0.0043540956403581,0.0095238095238095,True,0.2390190476190472,0.507579469816978,0.0095238095238095,0.5275709219858156
ENSG00000169740,-0.400644761904763,5.99611323081299e-07,-0.3086624338699337,0.02133676437082,0.0095238095238095,True,0.400644761904763,0.3086624338699337,0.0095238095238095,0.5268617021276596
ENSG00000011465,-0.18704761904762,0.7239971750174967,0.604977819498977,2.7079656153774638e-06,0.0095238095238095,False,0.18704761904762,0.604977819498977,0.0095238095238095,0.5266843971631205
ENSG00000144677,0.2195847619047626,0.0113584700104105,0.5370585576387477,1.6115839450036925e-06,0.0095238095238095,True,0.2195847619047626,0.5370585576387477,0.0095238095238095,0.5263297872340424
ENSG00000106351,-0.4191542857142849,0.013146228886393,-0.302644474195592,6.271037980157409e-06,0.0095238095238095,True,0.4191542857142849,0.302644474195592,0.0095238095238095,0.5263297872340424
ENSG00000115085,-0.5348838095238095,0.0279453213886692,0.2380494561339574,0.015530413010234,0.0095238095238095,False,0.5348838095238095,0.2380494561339574,0.0095238095238095,0.5259751773049646
ENSG00000072195,0.0359228571428555,0.567772509980237,-0.3761918952969374,0.6786546786546787,0.019047619047619,False,0.0359228571428555,0.3761918952969374,0.019047619047619,0.5259751773049646
ENSG00000115268,-0.1224552380952381,0.227735518038743,-0.9669508969073384,9.409299203549211e-10,0.0095238095238095,True,0.1224552380952381,0.9669508969073384,0.0095238095238095,0.5257978723404255
ENSG00000107282,-0.4956504761904767,0.0001131647069539,0.2588259840575944,0.0711342942622719,0.0095238095238095,False,0.4956504761904767,0.2588259840575944,0.0095238095238095,0.5257978723404255
ENSG00000121410,-0.4728561904761896,0.0096851029194839,0.2710612379491302,0.000156515388759,0.0095238095238095,False,0.4728561904761896,0.2710612379491302,0.0095238095238095,0.5256205673758865
ENSG00000116871,0.3957733333333308,0.0010325450030706,0.3110831304746604,2.563827678363699e-05,0.0095238095238095,True,0.3957733333333308,0.3110831304746604,0.0095238095238095,0.5256205673758865
ENSG00000073921,0.2139342857142789,0.0095720304470814,0.5470684768369338,1.3129706008276191e-14,0.0095238095238095,True,0.2139342857142789,0.5470684768369338,0.0095238095238095,0.5256205673758865
ENSG00000134262,0.1795057142857139,0.0287996145335109,0.1672755348199288,0.1138173401454814,0.019047619047619,True,0.1795057142857139,0.1672755348199288,0.019047619047619,0.5254432624113474
ENSG00000179922,-0.3234266666666681,0.01691701185304,0.3834982849408064,0.0131428349624881,0.0095238095238095,False,0.3234266666666681,0.3834982849408064,0.0095238095238095,0.5252659574468084
ENSG00000146282,-0.1273904761904774,0.0709790642890612,-0.9020192037308696,4.182184580317169e-16,0.0095238095238095,True,0.1273904761904774,0.9020192037308696,0.0095238095238095,0.5250886524822694
ENSG00000161202,0.1160361904761906,0.1441911402946538,0.240897191261336,7.006168892072749e-05,0.019047619047619,True,0.1160361904761906,0.240897191261336,0.019047619047619,0.5247340425531914
ENSG00000160161,-0.5086495238095239,0.1673630692346034,0.2473933278630298,0.0184445115631464,0.0095238095238095,False,0.5086495238095239,0.2473933278630298,0.0095238095238095,0.5242021276595745
ENSG00000183091,0.4732038095238113,0.1972302975558917,0.0072250259398032,0.4780183161391337,0.019047619047619,True,0.4732038095238113,0.0072250259398032,0.019047619047619,0.5242021276595744
ENSG00000136960,-0.171069523809523,0.3656541450362511,0.6439658937529877,2.1563604244749723e-08,0.0095238095238095,False,0.171069523809523,0.6439658937529877,0.0095238095238095,0.5240248226950355
ENSG00000067066,0.2476723809523804,0.0039693011705415,0.4851008591353647,3.4461710617180434e-10,0.0095238095238095,True,0.2476723809523804,0.4851008591353647,0.0095238095238095,0.5240248226950355
ENSG00000169570,-0.1981800000000007,0.096425564186912,-0.574624201050689,1.1530990715430958e-08,0.0095238095238095,True,0.1981800000000007,0.574624201050689,0.0095238095238095,0.5236702127659574
ENSG00000130701,0.4208209523809527,0.4800428343257613,-0.2926833471689711,0.0409953916245794,0.0095238095238095,False,0.4208209523809527,0.2926833471689711,0.0095238095238095,0.5233156028368794
ENSG00000123983,0.6654847619047626,2.8416980003735613e-08,0.1956027010404533,0.007788105976988,0.0095238095238095,True,0.6654847619047626,0.1956027010404533,0.0095238095238095,0.5233156028368794
ENSG00000139117,0.5103761904761939,9.928113708383671e-05,0.2415213376412062,0.0002108952201161,0.0095238095238095,True,0.5103761904761939,0.2415213376412062,0.0095238095238095,0.5227836879432624
ENSG00000083845,-0.2955123809523812,0.0050292372187847,-0.407272204404272,0.000342599839696,0.0095238095238095,True,0.2955123809523812,0.407272204404272,0.0095238095238095,0.5227836879432624
ENSG00000167658,-0.7509580952380936,5.874662288905234e-07,-0.17896883778862,0.0184059294939034,0.0095238095238095,True,0.7509580952380936,0.17896883778862,0.0095238095238095,0.5227836879432624
ENSG00000214078,0.1429000000000009,0.0697759586052919,0.7679887520003597,9.716336642430768e-13,0.0095238095238095,True,0.1429000000000009,0.7679887520003597,0.0095238095238095,0.5224290780141844
ENSG00000159363,-0.3988552380952406,0.0463952943200529,-0.3048843866946313,0.0061383791846579,0.0095238095238095,True,0.3988552380952406,0.3048843866946313,0.0095238095238095,0.5222517730496454
ENSG00000138829,0.3229114285714276,0.4533285923583486,0.3746483125214261,0.0382784923235056,0.0095238095238095,True,0.3229114285714276,0.3746483125214261,0.0095238095238095,0.5220744680851064
ENSG00000163399,-0.4608599999999967,0.0118869295284701,-0.2672972374813156,0.002715954378219,0.0095238095238095,True,0.4608599999999967,0.2672972374813156,0.0095238095238095,0.5218971631205673
ENSG00000163349,-0.1195847619047612,0.0174669920345987,-0.9131549028036972,0.0009159202449487,0.0095238095238095,True,0.1195847619047612,0.9131549028036972,0.0095238095238095,0.5211879432624114
ENSG00000174807,-0.3338628571428579,0.1198724427381244,0.3526364121546912,1.9541662749571786e-07,0.0095238095238095,False,0.3338628571428579,0.3526364121546912,0.0095238095238095,0.5210106382978723
ENSG00000099904,-0.2109123809523811,0.0667923893391951,0.5308159723045556,0.3428571428571428,0.0095238095238095,False,0.2109123809523811,0.5308159723045556,0.0095238095238095,0.5206560283687942
ENSG00000082175,-0.6492619047619073,0.0390959059436706,-0.1947840249634289,0.1451436671682497,0.0095238095238095,True,0.6492619047619073,0.1947840249634289,0.0095238095238095,0.5201241134751773
ENSG00000103319,-0.2888771428571441,0.0003888409745388,-0.4069907650285671,1.2360843897208603e-08,0.0095238095238095,True,0.2888771428571441,0.4069907650285671,0.0095238095238095,0.5197695035460992
ENSG00000154654,0.110328571428572,0.4137426156607164,-0.2346879449843264,0.035540593442175,0.019047619047619,False,0.110328571428572,0.2346879449843264,0.019047619047619,0.5194148936170212
ENSG00000198771,-0.61658095238095,0.0002462420988012,0.1997527775803291,0.0095870233647908,0.0095238095238095,False,0.61658095238095,0.1997527775803291,0.0095238095238095,0.5185283687943263
ENSG00000105559,-0.5130857142857135,0.0004392104138839,-0.2287957770762645,0.0837957314107006,0.0095238095238095,True,0.5130857142857135,0.2287957770762645,0.0095238095238095,0.5179964539007091
ENSG00000122696,-0.2674790476190463,0.0001113166052985,-0.4265765527590162,0.0078552714229373,0.0095238095238095,True,0.2674790476190463,0.4265765527590162,0.0095238095238095,0.5174645390070922
ENSG00000075539,0.3646923809523823,2.953180101739849e-06,0.3208467364614797,4.8049125127876155e-11,0.0095238095238095,True,0.3646923809523823,0.3208467364614797,0.0095238095238095,0.5172872340425532
ENSG00000183495,-0.2457095238095252,0.013137341252724,-0.0635220320100664,0.1251720783808143,0.0285714285714285,True,0.2457095238095252,0.0635220320100664,0.0285714285714285,0.5172872340425532
ENSG00000123329,-0.2891180952380949,0.0430242003745903,0.3996444912317471,6.88464693379791e-05,0.0095238095238095,False,0.2891180952380949,0.3996444912317471,0.0095238095238095,0.5164007092198581
ENSG00000169896,0.1181609523809523,0.917832671854038,0.8747296415175185,4.620645979240927e-10,0.0095238095238095,True,0.1181609523809523,0.8747296415175185,0.0095238095238095,0.5162234042553191
ENSG00000140400,-0.2602057142857141,0.0137364020750724,0.0905492495332218,0.1191411019680766,0.019047619047619,False,0.2602057142857141,0.0905492495332218,0.019047619047619,0.5162234042553191
ENSG00000152689,-0.4817019047619055,0.000635078732316,0.2426564084711557,0.6611721611721613,0.0095238095238095,False,0.4817019047619055,0.2426564084711557,0.0095238095238095,0.5158687943262411
ENSG00000105287,0.2962552380952363,0.0028110930058463,0.0680935807417952,0.0853093328284639,0.019047619047619,True,0.2962552380952363,0.0680935807417952,0.019047619047619,0.5156914893617021
ENSG00000151332,0.3097714285714303,0.0239704550299368,-0.3679150913442512,3.996484504396266e-05,0.0095238095238095,False,0.3097714285714303,0.3679150913442512,0.0095238095238095,0.515159574468085
ENSG00000123607,-0.4127285714285698,7.052240136303496e-07,-0.2827959493076761,7.117433616906725e-07,0.0095238095238095,True,0.4127285714285698,0.2827959493076761,0.0095238095238095,0.515159574468085
ENSG00000184792,-0.1251342857142843,0.1276192532545154,-0.8023505419042607,6.557723891594864e-07,0.0095238095238095,True,0.1251342857142843,0.8023505419042607,0.0095238095238095,0.5149822695035461
ENSG00000137692,0.2807257142857153,0.0086226457107782,-0.404276431803531,7.869492766657454e-08,0.0095238095238095,False,0.2807257142857153,0.404276431803531,0.0095238095238095,0.5149822695035461
ENSG00000175550,0.4007571428571435,6.672694214243946e-05,0.2852964719084419,0.0001042987993331,0.0095238095238095,True,0.4007571428571435,0.2852964719084419,0.0095238095238095,0.514982269503546
ENSG00000124802,0.1835133333333338,0.0611080602554454,-0.5583658469747199,0.0020282523879063,0.0095238095238095,False,0.1835133333333338,0.5583658469747199,0.0095238095238095,0.5137411347517731
ENSG00000140522,-0.1381961904761905,0.6477239809863461,0.7254267662274003,2.2554748467425817e-07,0.0095238095238095,False,0.1381961904761905,0.7254267662274003,0.0095238095238095,0.5137411347517731
ENSG00000163956,-0.3344390476190462,0.0013647092574147,0.3307313803344769,4.219558941739691e-06,0.0095238095238095,False,0.3344390476190462,0.3307313803344769,0.0095238095238095,0.513386524822695
ENSG00000139629,0.8270742857142874,0.0009101267399769,-0.1529718606840866,0.1114568831524471,0.0095238095238095,False,0.8270742857142874,0.1529718606840866,0.0095238095238095,0.5132092198581559
ENSG00000203797,-0.7549266666666661,3.1002073022717124e-05,0.1650790821702443,0.924630765418636,0.0095238095238095,False,0.7549266666666661,0.1650790821702443,0.0095238095238095,0.512854609929078
ENSG00000112249,0.1133790476190483,0.0865119002363981,-0.2160958920070079,8.557528120342254e-09,0.019047619047619,False,0.1133790476190483,0.2160958920070079,0.019047619047619,0.512677304964539
ENSG00000169891,0.0856761904761889,0.6567643542207097,-0.2536966284209079,1.2611658616937022e-06,0.019047619047619,False,0.0856761904761889,0.2536966284209079,0.019047619047619,0.5123226950354609
ENSG00000095303,-0.1453457142857157,0.0376097479542649,0.6749162579037602,2.319473517684213e-12,0.0095238095238095,False,0.1453457142857157,0.6749162579037602,0.0095238095238095,0.5123226950354609
ENSG00000136546,-1.7549904761904769,7.76508529996685e-06,0.0851637101197795,0.8209825552567164,0.0095238095238095,False,1.7549904761904769,0.0851637101197795,0.0095238095238095,0.5119680851063829
ENSG00000112893,-0.3220790476190487,3.945299127713309e-05,-0.3445759181868801,3.74180278278298e-06,0.0095238095238095,True,0.3220790476190487,0.3445759181868801,0.0095238095238095,0.511790780141844
ENSG00000135905,-0.3334600000000023,0.0058931873750457,0.3271587599452381,0.0001729751538821,0.0095238095238095,False,0.3334600000000023,0.3271587599452381,0.0095238095238095,0.5114361702127659
ENSG00000177479,-0.3721161904761914,1.6349545907836166e-08,0.3056087525085686,1.7467186410162177e-07,0.0095238095238095,False,0.3721161904761914,0.3056087525085686,0.0095238095238095,0.5114361702127659
ENSG00000221890,-1.023658095238095,3.3188202683365945e-06,-0.1252850601279611,0.5075241428254528,0.0095238095238095,True,1.023658095238095,0.1252850601279611,0.0095238095238095,0.5114361702127659
ENSG00000189195,-0.1721190476190486,0.062208052979485,-0.5792857150808501,1.1363304719044067e-09,0.0095238095238095,True,0.1721190476190486,0.5792857150808501,0.0095238095238095,0.5110815602836879
ENSG00000142156,-0.0626323809523796,0.6453406864590734,0.2189611473516777,0.0005075763294231,0.0285714285714285,False,0.0626323809523796,0.2189611473516777,0.0285714285714285,0.510904255319149
ENSG00000009790,-0.3977276190476182,0.0142070946965231,0.2805344698050902,0.0008270904851681,0.0095238095238095,False,0.3977276190476182,0.2805344698050902,0.0095238095238095,0.5105496453900709
ENSG00000169220,0.2600209523809518,0.0308976542921709,0.4168783402569396,2.8105180021460656e-05,0.0095238095238095,True,0.2600209523809518,0.4168783402569396,0.0095238095238095,0.5105496453900709
ENSG00000116731,-0.1547457142857116,0.0499408801401301,0.1671117801243724,0.0099691291182041,0.019047619047619,False,0.1547457142857116,0.1671117801243724,0.019047619047619,0.5103723404255319
ENSG00000143631,-0.9418923809523836,0.0015659214563565,0.131407795520726,0.4682259748636244,0.0095238095238095,False,0.9418923809523836,0.131407795520726,0.0095238095238095,0.5098404255319149
ENSG00000172954,0.1042028571428588,0.1464203841583477,-0.8865336036973588,4.620645979240927e-10,0.0095238095238095,False,0.1042028571428588,0.8865336036973588,0.0095238095238095,0.5093085106382979
ENSG00000140836,-0.4461971428571427,0.0001186668126025,-0.2434476839339794,0.0111008158670962,0.0095238095238095,True,0.4461971428571427,0.2434476839339794,0.0095238095238095,0.5093085106382979
ENSG00000174373,-0.3079761904761895,8.670399490800122e-06,-0.054888172819421,0.0725613085165048,0.019047619047619,True,0.3079761904761895,0.054888172819421,0.019047619047619,0.5091312056737588
ENSG00000101680,-0.0535733333333325,0.7180586664524539,-0.2150240820776083,0.2603269760173305,0.0380952380952381,True,0.0535733333333325,0.2150240820776083,0.0380952380952381,0.5084219858156028
ENSG00000066557,0.1528019047619064,0.1613348757219392,0.6164715493191153,1.4413254415926186e-13,0.0095238095238095,True,0.1528019047619064,0.6164715493191153,0.0095238095238095,0.5084219858156027
ENSG00000102882,0.5897380952380971,2.991357573339468e-05,0.1843441220951334,2.9153790624116784e-05,0.0095238095238095,True,0.5897380952380971,0.1843441220951334,0.0095238095238095,0.5078900709219858
ENSG00000134215,-1.108672380952381,2.1066454694775446e-07,-0.1073023553975325,0.3445154789157066,0.0095238095238095,True,1.108672380952381,0.1073023553975325,0.0095238095238095,0.5078900709219858
ENSG00000168395,-0.4595580952380942,1.851244302083473e-07,0.2337974547898476,0.0087121552428994,0.0095238095238095,False,0.4595580952380942,0.2337974547898476,0.0095238095238095,0.5073581560283689
ENSG00000177917,0.6649200000000004,1.2730434452521178e-08,0.1674480421341115,0.1723902078326857,0.0095238095238095,True,0.6649200000000004,0.1674480421341115,0.0095238095238095,0.5071808510638298
ENSG00000058668,0.3245057142857153,0.0025997745391284,0.3258996520571386,1.7967462090892522e-06,0.0095238095238095,True,0.3245057142857153,0.3258996520571386,0.0095238095238095,0.5071808510638298
ENSG00000124253,-0.9704638095238112,0.0318351612590876,-0.1229270594707152,0.2725231601717948,0.0095238095238095,True,0.9704638095238112,0.1229270594707152,0.0095238095238095,0.5070035460992908
ENSG00000187240,0.2533514285714275,0.0514008838508549,-0.4168545077828369,2.7544312300195883e-08,0.0095238095238095,False,0.2533514285714275,0.4168545077828369,0.0095238095238095,0.5070035460992908
ENSG00000160145,-0.7168095238095233,7.501689385657132e-07,0.1591021443908147,0.0537631164595889,0.0095238095238095,False,0.7168095238095233,0.1591021443908147,0.0095238095238095,0.5064716312056737
ENSG00000103932,-0.2601980952380955,0.0121578038387559,0.0773289396400862,0.5684819327545938,0.019047619047619,False,0.2601980952380955,0.0773289396400862,0.019047619047619,0.5064716312056737
ENSG00000166813,0.2770866666666682,0.0667975952121824,0.3830786188912718,0.0011308128897703,0.0095238095238095,True,0.2770866666666682,0.3830786188912718,0.0095238095238095,0.5061170212765957
ENSG00000131242,-0.2045809523809527,0.048153104625003,-0.4929285142592761,5.007481691497453e-05,0.0095238095238095,True,0.2045809523809527,0.4929285142592761,0.0095238095238095,0.5057624113475176
ENSG00000182240,0.5066980952380966,0.0026688178899599,0.2104714331161012,0.2220392806044363,0.0095238095238095,True,0.5066980952380966,0.2104714331161012,0.0095238095238095,0.5057624113475176
ENSG00000163468,0.5162209523809516,6.118886695084935e-07,0.2035466416511084,1.9414069858724983e-05,0.0095238095238095,True,0.5162209523809516,0.2035466416511084,0.0095238095238095,0.5057624113475176
ENSG00000007062,0.2472790476190471,0.5385659278972471,0.4186035339429104,0.0045697729649745,0.0095238095238095,True,0.2472790476190471,0.4186035339429104,0.0095238095238095,0.5055851063829787
ENSG00000120054,-1.037994285714286,0.0046209778994747,0.1075208898164596,0.0780202827531125,0.0095238095238095,False,1.037994285714286,0.1075208898164596,0.0095238095238095,0.5055851063829787
ENSG00000104064,0.3452600000000014,5.544412695035455e-06,0.3059093457233324,0.0045105838674434,0.0095238095238095,True,0.3452600000000014,0.3059093457233324,0.0095238095238095,0.5052304964539007
ENSG00000143149,-0.2808819047619035,0.000425844018989,-0.370671576658296,2.5999081665018603e-06,0.0095238095238095,True,0.2808819047619035,0.370671576658296,0.0095238095238095,0.5052304964539007
ENSG00000158201,0.6530723809523806,7.503837902472631e-05,-0.1673823727363199,0.0721781633494776,0.0095238095238095,False,0.6530723809523806,0.1673823727363199,0.0095238095238095,0.5052304964539007
ENSG00000123342,-0.7718790476190467,0.0007448927800194,0.1449543231166004,0.0074875533967397,0.0095238095238095,False,0.7718790476190467,0.1449543231166004,0.0095238095238095,0.5048758865248226
ENSG00000163808,1.5406152380952385,3.385515813600542e-09,-0.0809519164460006,0.8068398667404373,0.0095238095238095,False,1.5406152380952385,0.0809519164460006,0.0095238095238095,0.5041666666666667
ENSG00000007541,-0.3994971428571432,0.0132935437743356,-0.2592504403552027,0.2547317646066901,0.0095238095238095,True,0.3994971428571432,0.2592504403552027,0.0095238095238095,0.5038120567375886
ENSG00000017797,0.5072923809523804,8.65098166034534e-07,-0.2064189770515767,4.219558941739691e-06,0.0095238095238095,False,0.5072923809523804,0.2064189770515767,0.0095238095238095,0.5038120567375886
ENSG00000171017,0.7760742857142846,0.0013100659844829,0.1410733772788628,0.5696969696969697,0.0095238095238095,True,0.7760742857142846,0.1410733772788628,0.0095238095238095,0.5036347517730496
ENSG00000127527,-0.1645638095238109,0.0361789997424098,0.1464614347095221,2.709249108076042e-05,0.019047619047619,False,0.1645638095238109,0.1464614347095221,0.019047619047619,0.5032801418439716
ENSG00000162591,0.1202419047619045,0.3097463219595417,0.7260939439639387,4.5433119782059696e-11,0.0095238095238095,True,0.1202419047619045,0.7260939439639387,0.0095238095238095,0.5029255319148935
ENSG00000173898,0.3449780952380958,0.2113480792034052,-0.3032880887039759,2.709249108076042e-05,0.0095238095238095,False,0.3449780952380958,0.3032880887039759,0.0095238095238095,0.5029255319148935
ENSG00000119681,-0.089007619047619,0.8864187188916669,0.9466544601731356,3.242471211830329e-11,0.0095238095238095,False,0.089007619047619,0.9466544601731356,0.0095238095238095,0.5027482269503545
ENSG00000164402,0.1947190476190492,0.0610954817888603,0.4986120366780397,1.0963992616114027e-11,0.0095238095238095,True,0.1947190476190492,0.4986120366780397,0.0095238095238095,0.5027482269503545
ENSG00000080603,-0.3015457142857141,0.0249779565702279,0.3405545980665003,0.1770037742577788,0.0095238095238095,False,0.3015457142857141,0.3405545980665003,0.0095238095238095,0.5025709219858157
ENSG00000168517,-0.4265685714285725,0.0014426121449931,0.2410982116379401,0.1045783073559877,0.0095238095238095,False,0.4265685714285725,0.2410982116379401,0.0095238095238095,0.5018617021276595
ENSG00000127955,-0.1537923809523818,0.3329773238155483,0.5844651143067843,7.820401230970389e-06,0.0095238095238095,False,0.1537923809523818,0.5844651143067843,0.0095238095238095,0.5016843971631205
ENSG00000070366,-0.4459304761904779,3.8775069595828717e-07,-0.2279411338659152,0.0026787074864072,0.0095238095238095,True,0.4459304761904779,0.2279411338659152,0.0095238095238095,0.5015070921985816
ENSG00000013573,0.5404457142857151,0.002669000848649,0.1868946032566718,0.2178269619932231,0.0095238095238095,True,0.5404457142857151,0.1868946032566718,0.0095238095238095,0.5013297872340425
ENSG00000211899,-0.1401504761904757,0.6539038099289292,0.6178721593385141,8.736288136953012e-06,0.0095238095238095,False,0.1401504761904757,0.6178721593385141,0.0095238095238095,0.5013297872340425
ENSG00000171241,1.0480647619047634,6.926246995263489e-09,-0.1026371924600795,0.8171082357330682,0.0095238095238095,False,1.0480647619047634,0.1026371924600795,0.0095238095238095,0.5009751773049644
ENSG00000138308,0.4291952380952381,0.3440939060254394,-0.2373270290779174,0.1981443727896817,0.0095238095238095,False,0.4291952380952381,0.2373270290779174,0.0095238095238095,0.5009751773049644
ENSG00000132589,0.1935571428571432,0.0909650641747427,0.4948924565493335,1.892590653219094e-09,0.0095238095238095,True,0.1935571428571432,0.4948924565493335,0.0095238095238095,0.5004432624113475
ENSG00000165288,0.0660961904761912,0.4677360792454218,0.1970410836966252,0.1663292872156211,0.0285714285714285,True,0.0660961904761912,0.1970410836966252,0.0285714285714285,0.5004432624113475
ENSG00000130726,0.062801904761903,0.6453223325392343,0.2572160443383069,2.8469700215202147e-09,0.019047619047619,True,0.062801904761903,0.2572160443383069,0.019047619047619,0.5000886524822694
ENSG00000138814,0.4664628571428597,2.4671531113644067e-05,0.2152282833913261,4.391415530302373e-06,0.0095238095238095,True,0.4664628571428597,0.2152282833913261,0.0095238095238095,0.5000886524822694
ENSG00000175463,-0.5422133333333337,0.0118876659413465,-0.1821504137584888,0.1090790358895006,0.0095238095238095,True,0.5422133333333337,0.1821504137584888,0.0095238095238095,0.49937943262411344
ENSG00000186469,-0.654004761904762,0.000897157253536,0.1590517163142379,0.086067567872339,0.0095238095238095,False,0.654004761904762,0.1590517163142379,0.0095238095238095,0.4993794326241134
ENSG00000117691,-0.414502857142855,8.51475062052089e-06,-0.2401510320797797,0.0008522476988242,0.0095238095238095,True,0.414502857142855,0.2401510320797797,0.0095238095238095,0.49920212765957445
ENSG00000134250,-0.2919799999999988,0.0012387258047143,0.05058257431984,0.1703336557188435,0.019047619047619,False,0.2919799999999988,0.05058257431984,0.019047619047619,0.49902482269503545
ENSG00000145536,-0.8277666666666654,0.0146839590532249,0.1300156529623279,0.9095901518502136,0.0095238095238095,False,0.8277666666666654,0.1300156529623279,0.0095238095238095,0.4990248226950354
ENSG00000134684,0.0954238095238064,0.4024510141578343,-0.8330499587029756,2.3749558874673965e-11,0.0095238095238095,False,0.0954238095238064,0.8330499587029756,0.0095238095238095,0.49884751773049646
ENSG00000185236,-0.1039466666666673,0.2615046328374999,0.7708066421732482,8.474987269649753e-10,0.0095238095238095,False,0.1039466666666673,0.7708066421732482,0.0095238095238095,0.4979609929078014
ENSG00000131462,0.3655895238095237,0.0019177132756673,0.2786050243803828,0.0018674826327824,0.0095238095238095,True,0.3655895238095237,0.2786050243803828,0.0095238095238095,0.4977836879432624
ENSG00000068323,0.0841600000000006,0.5101206382674068,0.2248858163422795,0.0138403497647557,0.019047619047619,True,0.0841600000000006,0.2248858163422795,0.019047619047619,0.49778368794326233
ENSG00000134909,0.5120152380952394,0.000158560129508,-0.191989293268346,0.0026790991389987,0.0095238095238095,False,0.5120152380952394,0.191989293268346,0.0095238095238095,0.4976063829787234
ENSG00000119866,-1.2909066666666664,3.869263146288577e-06,0.082735066585446,0.8705882352941177,0.0095238095238095,False,1.2909066666666664,0.082735066585446,0.0095238095238095,0.49760638297872334
ENSG00000112245,-0.2044828571428585,0.2339114214161328,-0.454172501613133,1.649840203839443e-06,0.0095238095238095,True,0.2044828571428585,0.454172501613133,0.0095238095238095,0.49689716312056736
ENSG00000197586,0.1459942857142895,0.5731179834383878,0.5858885851624649,0.0073033261887751,0.0095238095238095,True,0.1459942857142895,0.5858885851624649,0.0095238095238095,0.4968971631205673
ENSG00000119771,-0.2858638095238106,0.0299847942962201,-0.051340154293932,0.5638125800855405,0.019047619047619,True,0.2858638095238106,0.051340154293932,0.019047619047619,0.4967198581560283
ENSG00000148337,-0.2568095238095278,0.0001797852240131,-0.3793488479781892,3.2665086514053776e-10,0.0095238095238095,True,0.2568095238095278,0.3793488479781892,0.0095238095238095,0.4967198581560283
ENSG00000163453,-0.0486571428571434,0.8303498484542868,1.4182660368544615,8.583536700253537e-15,0.0095238095238095,False,0.0486571428571434,1.4182660368544615,0.0095238095238095,0.4967198581560283
ENSG00000076604,0.9130133333333336,5.859149132575664e-09,0.1122824803568605,0.3287382287848889,0.0095238095238095,True,0.9130133333333336,0.1122824803568605,0.0095238095238095,0.49636524822695033
ENSG00000162618,-0.2372476190476184,0.387062176373707,-0.4057608666139138,0.0004022129017456,0.0095238095238095,True,0.2372476190476184,0.4057608666139138,0.0095238095238095,0.4961879432624113
ENSG00000158270,-0.0192076190476218,0.8458504150543615,0.3164540835112177,0.0024674016019104,0.019047619047619,False,0.0192076190476218,0.3164540835112177,0.019047619047619,0.4958333333333333
ENSG00000126524,0.331391428571429,0.0002742552305057,0.2949668053965766,1.8355562791958665e-05,0.0095238095238095,True,0.331391428571429,0.2949668053965766,0.0095238095238095,0.4954787234042553
ENSG00000065413,-0.4163476190476221,0.0007232030535364,0.2302855500009712,0.0033272819958255,0.0095238095238095,False,0.4163476190476221,0.2302855500009712,0.0095238095238095,0.4954787234042553
ENSG00000110906,0.2060380952380924,0.039083658361341,0.4447997968110968,4.833629744425941e-09,0.0095238095238095,True,0.2060380952380924,0.4447997968110968,0.0095238095238095,0.49530141843971626
ENSG00000136826,0.0861999999999998,0.6004636694112009,0.8452295293515952,2.2710291686438787e-05,0.0095238095238095,True,0.0861999999999998,0.8452295293515952,0.0095238095238095,0.49512411347517726
ENSG00000160752,0.4000990476190473,0.0002701074754492,0.2381971941324643,3.479084344743694e-07,0.0095238095238095,True,0.4000990476190473,0.2381971941324643,0.0095238095238095,0.49494680851063827
ENSG00000143537,0.702669523809524,1.8588671047367703e-05,0.1409836331961429,0.0272302258717134,0.0095238095238095,True,0.702669523809524,0.1409836331961429,0.0095238095238095,0.4945921985815603
ENSG00000167716,-0.4078971428571414,0.0015654195759461,-0.2323650116201854,3.234904342366112e-08,0.0095238095238095,True,0.4078971428571414,0.2323650116201854,0.0095238095238095,0.49423758865248224
ENSG00000169379,0.1386152380952374,0.0656205288229094,0.5913421302226567,0.0910849985927385,0.0095238095238095,True,0.1386152380952374,0.5913421302226567,0.0095238095238095,0.4937056737588652
ENSG00000179588,-0.2102485714285729,0.4557227356306558,-0.4304253797852126,0.0030686661467624,0.0095238095238095,True,0.2102485714285729,0.4304253797852126,0.0095238095238095,0.4931737588652482
ENSG00000162738,-0.1787276190476205,0.4182892403506636,-0.4907820200955495,0.0952380952380952,0.0095238095238095,True,0.1787276190476205,0.4907820200955495,0.0095238095238095,0.4924645390070922
ENSG00000172046,-0.3377247619047647,4.914350375470685e-05,0.0154975009114863,0.8628935688997994,0.019047619047619,False,0.3377247619047647,0.0154975009114863,0.019047619047619,0.49246453900709214
ENSG00000134389,0.2155209523809523,0.0675980108477998,0.4249812912847908,0.0001236598092454,0.0095238095238095,True,0.2155209523809523,0.4249812912847908,0.0095238095238095,0.49246453900709214
ENSG00000253729,0.277058095238095,9.768308771319242e-05,0.3409282523014738,2.7367176883148296e-11,0.0095238095238095,True,0.277058095238095,0.3409282523014738,0.0095238095238095,0.4922872340425532
ENSG00000163694,0.1761352380952363,0.4751035898895418,-0.4939342642144844,1.0053988107989883e-11,0.0095238095238095,False,0.1761352380952363,0.4939342642144844,0.0095238095238095,0.49122340425531913
ENSG00000118965,-0.2868552380952387,0.0003947952363435,-0.3224827494784996,4.8293447820601993e-08,0.0095238095238095,True,0.2868552380952387,0.3224827494784996,0.0095238095238095,0.4908687943262411
ENSG00000151892,-1.3050685714285724,0.000120741450514,-0.0719183994699612,0.7463217662245649,0.0095238095238095,True,1.3050685714285724,0.0719183994699612,0.0095238095238095,0.4906914893617021
ENSG00000169855,0.0810352380952412,0.6973894160991986,0.2115374232642217,0.02022680547506,0.019047619047619,True,0.0810352380952412,0.2115374232642217,0.019047619047619,0.4905141843971631
ENSG00000178104,-0.2874819047619059,0.0023711914717054,-0.3207220448221406,7.745491022271381e-12,0.0095238095238095,True,0.2874819047619059,0.3207220448221406,0.0095238095238095,0.48998226950354606
ENSG00000111961,-0.6965723809523805,3.344284717168483e-07,-0.1345751814720053,0.0181245998812087,0.0095238095238095,True,0.6965723809523805,0.1345751814720053,0.0095238095238095,0.48998226950354606
ENSG00000163931,-0.2215019047619044,0.0673788026397404,-0.4060348136670235,5.864749838449693e-10,0.0095238095238095,True,0.2215019047619044,0.4060348136670235,0.0095238095238095,0.48980496453900707
ENSG00000174718,0.4271761904761941,0.0004874035043339,-0.2144728989330389,0.0314640106613891,0.0095238095238095,False,0.4271761904761941,0.2144728989330389,0.0095238095238095,0.48980496453900707
ENSG00000132481,0.3266847619047635,0.0410162018550034,0.2874395721715004,9.258055255823344e-06,0.0095238095238095,True,0.3266847619047635,0.2874395721715004,0.0095238095238095,0.48980496453900707
ENSG00000188112,0.9004542857142823,4.76612469883518e-05,0.1037402909119009,0.0680449611874027,0.0095238095238095,True,0.9004542857142823,0.1037402909119009,0.0095238095238095,0.4896276595744681
ENSG00000162231,-0.4444828571428552,3.3209335123981444e-08,0.2054539197218297,1.3321880224833678e-05,0.0095238095238095,False,0.4444828571428552,0.2054539197218297,0.0095238095238095,0.489627659574468
ENSG00000072163,-0.1445552380952373,0.6974053991125528,0.5599426974734172,5.1805938074560784e-08,0.0095238095238095,False,0.1445552380952373,0.5599426974734172,0.0095238095238095,0.489627659574468
ENSG00000137801,0.0368619047619045,0.965188091689064,1.6758960386677444,1.5338065367908754e-16,0.0095238095238095,True,0.0368619047619045,1.6758960386677444,0.0095238095238095,0.48945035460992903
ENSG00000103034,-0.456179999999998,0.0446853264089969,0.1998682477014384,0.3070324617657509,0.0095238095238095,False,0.456179999999998,0.1998682477014384,0.0095238095238095,0.48927304964539003
ENSG00000063660,0.1733380952380958,0.293041074185652,0.4888632716272383,3.473166272684205e-08,0.0095238095238095,True,0.1733380952380958,0.4888632716272383,0.0095238095238095,0.48909574468085104
ENSG00000181722,-0.7833276190476219,3.64589820173452e-08,-0.1169087312929733,0.0845565074807005,0.0095238095238095,True,0.7833276190476219,0.1169087312929733,0.0095238095238095,0.488918439716312
ENSG00000086544,0.4331466666666657,0.0182346187248744,0.2087542457886471,1.38372694544226e-05,0.0095238095238095,True,0.4331466666666657,0.2087542457886471,0.0095238095238095,0.488209219858156
ENSG00000103510,-0.2379695238095234,0.0001351340885102,-0.3812073802757894,1.6111173302831842e-11,0.0095238095238095,True,0.2379695238095234,0.3812073802757894,0.0095238095238095,0.488209219858156
ENSG00000145241,-0.4478257142857114,3.3140997018948776e-05,-0.1998757471334613,4.189864616209047e-05,0.0095238095238095,True,0.4478257142857114,0.1998757471334613,0.0095238095238095,0.48732269503546094
ENSG00000116962,0.1375361904761902,0.3409693833509152,0.1021468897145752,0.1379452537509654,0.0285714285714285,True,0.1375361904761902,0.1021468897145752,0.0285714285714285,0.48679078014184396
ENSG00000171223,0.1616752380952402,0.3531799537062942,0.504220096012002,1.6147827067942198e-08,0.0095238095238095,True,0.1616752380952402,0.504220096012002,0.0095238095238095,0.4867907801418439
ENSG00000154736,0.2692285714285685,0.1107167225285336,0.0068277834012668,0.7440784347707967,0.0285714285714285,True,0.2692285714285685,0.0068277834012668,0.0285714285714285,0.4862588652482269
ENSG00000141452,0.4623809523809541,0.0003149921984759,-0.192486757177491,0.0004920479190253,0.0095238095238095,False,0.4623809523809541,0.192486757177491,0.0095238095238095,0.4860815602836879
ENSG00000151292,0.261967619047617,0.003154027690959,0.3385204999212661,0.000466760977409,0.0095238095238095,True,0.261967619047617,0.3385204999212661,0.0095238095238095,0.48590425531914894
ENSG00000160877,0.4924857142857153,8.057279054681903e-06,0.1804693330048081,0.0606579060822135,0.0095238095238095,True,0.4924857142857153,0.1804693330048081,0.0095238095238095,0.4859042553191489
ENSG00000105429,-0.4325304761904753,0.0001267034999878,0.2049662381414378,0.1624814394515513,0.0095238095238095,False,0.4325304761904753,0.2049662381414378,0.0095238095238095,0.4855496453900709
ENSG00000043462,-0.1983799999999984,0.1046355418787033,0.4271014043195613,0.0001618307883933,0.0095238095238095,False,0.1983799999999984,0.4271014043195613,0.0095238095238095,0.4853723404255319
ENSG00000122877,-0.3218190476190496,0.4751227571691672,-0.2840350559577587,0.1468753564318244,0.0095238095238095,True,0.3218190476190496,0.2840350559577587,0.0095238095238095,0.48537234042553185
ENSG00000091656,-0.0668561904761908,0.8458480363577658,-0.15760787176103,0.2691812552501734,0.0571428571428571,True,0.0668561904761908,0.15760787176103,0.0571428571428571,0.4852836879432624
ENSG00000082397,-0.5086571428571389,0.0005481945271785,-0.1694556983447839,0.047385692487473,0.0095238095238095,True,0.5086571428571389,0.1694556983447839,0.0095238095238095,0.48413120567375884
ENSG00000131116,-0.2598428571428552,0.0124335209392697,0.3383716474133287,0.0001666244493313,0.0095238095238095,False,0.2598428571428552,0.3383716474133287,0.0095238095238095,0.48395390070921984
ENSG00000179104,0.1381323809523831,0.1256213696225032,-0.1404715549011292,0.3750750737693021,0.019047619047619,False,0.1381323809523831,0.1404715549011292,0.019047619047619,0.48395390070921984
ENSG00000168280,-1.2409990476190478,4.157590595441345e-05,0.0651897038284765,0.2884178501924545,0.0095238095238095,False,1.2409990476190478,0.0651897038284765,0.0095238095238095,0.4832446808510638
ENSG00000015520,0.7318685714285706,0.0354805807068542,-0.1174429426972913,0.5109881422924901,0.0095238095238095,False,0.7318685714285706,0.1174429426972913,0.0095238095238095,0.4827127659574468
ENSG00000147162,-0.1878819047619035,0.0034966135880376,0.0909752699956421,0.0017400936098185,0.019047619047619,False,0.1878819047619035,0.0909752699956421,0.019047619047619,0.4825354609929078
ENSG00000256812,0.147593333333333,0.6143397701924995,0.5213522329897629,0.0910849985927385,0.0095238095238095,True,0.147593333333333,0.5213522329897629,0.0095238095238095,0.4825354609929077
ENSG00000134744,-0.5136133333333355,1.735498661304547e-07,-0.1662105205999537,6.088193868333509e-05,0.0095238095238095,True,0.5136133333333355,0.1662105205999537,0.0095238095238095,0.48235815602836873
ENSG00000145734,0.0400342857142863,0.3349658175400465,0.2547831960499707,0.437796697626419,0.019047619047619,True,0.0400342857142863,0.2547831960499707,0.019047619047619,0.48200354609929075
ENSG00000170638,-0.0930714285714291,0.4461872881126004,-0.7010320890079598,1.8045080778444243e-10,0.0095238095238095,True,0.0930714285714291,0.7010320890079598,0.0095238095238095,0.4820035460992907
ENSG00000161013,0.7099066666666669,3.644000815071494e-07,0.1181181507310107,0.6818228357226237,0.0095238095238095,True,0.7099066666666669,0.1181181507310107,0.0095238095238095,0.4814716312056737
ENSG00000188177,-0.3854266666666657,0.0010618541578991,-0.2218735599971388,0.3095886910580907,0.0095238095238095,True,0.3854266666666657,0.2218735599971388,0.0095238095238095,0.4812943262411347
ENSG00000100393,-0.130238095238095,0.0638869449191005,0.1441733093730199,0.0046902663088289,0.019047619047619,False,0.130238095238095,0.1441733093730199,0.019047619047619,0.4811170212765957
ENSG00000133265,0.2461380952380949,0.074192860086056,0.3457483111616639,2.1563604244749723e-08,0.0095238095238095,True,0.2461380952380949,0.3457483111616639,0.0095238095238095,0.48093971631205673
ENSG00000143971,-0.3069628571428584,0.0029990483763666,-0.2867949398851834,0.0330192033415569,0.0095238095238095,True,0.3069628571428584,0.2867949398851834,0.0095238095238095,0.48093971631205673
ENSG00000131653,0.325819047619051,0.0037716626457687,0.2656962443782227,1.8109750356230088e-05,0.0095238095238095,True,0.325819047619051,0.2656962443782227,0.0095238095238095,0.4809397163120567
ENSG00000002016,-0.1770133333333312,0.0365329111430031,-0.4477235972804703,0.3736263736263737,0.0095238095238095,True,0.1770133333333312,0.4477235972804703,0.0095238095238095,0.4807624113475177
ENSG00000100154,-0.904471428571428,1.3016790307526013e-08,-0.0912227816285131,0.3169326583836351,0.0095238095238095,True,0.904471428571428,0.0912227816285131,0.0095238095238095,0.4807624113475177
ENSG00000139291,0.2625380952380958,0.0037729326421296,-0.3205200779323185,0.0038181941040315,0.0095238095238095,False,0.2625380952380958,0.3205200779323185,0.0095238095238095,0.4804078014184397
ENSG00000067221,-0.0363923809523818,0.709180112669596,-1.1900326860199328,0.0111888111888111,0.0095238095238095,True,0.0363923809523818,1.1900326860199328,0.0095238095238095,0.48023049645390065
ENSG00000075651,-0.413595238095235,0.0061860714629442,-0.2020072107655863,0.0084885906063092,0.0095238095238095,True,0.413595238095235,0.2020072107655863,0.0095238095238095,0.47916666666666663
ENSG00000149635,0.0401190476190476,0.8739307240116867,1.0984061884032457,0.0195804195804195,0.0095238095238095,True,0.0401190476190476,1.0984061884032457,0.0095238095238095,0.47916666666666663
ENSG00000145375,0.2096714285714309,0.0052777273600942,-0.3952383685453888,3.6293275383302205e-11,0.0095238095238095,False,0.2096714285714309,0.3952383685453888,0.0095238095238095,0.47916666666666663
ENSG00000163513,-0.1658828571428543,0.3135514991550732,-0.0593487142024073,0.4502569911300357,0.0380952380952381,True,0.1658828571428543,0.0593487142024073,0.0380952380952381,0.47898936170212764
ENSG00000169871,-0.0352066666666672,0.2752135196029495,-0.2567100822214989,7.631383559809669e-10,0.019047619047619,True,0.0352066666666672,0.2567100822214989,0.019047619047619,0.4784574468085106
ENSG00000175792,0.5918295238095244,1.7574860120780392e-08,0.1355651597189826,0.0004480797785195,0.0095238095238095,True,0.5918295238095244,0.1355651597189826,0.0095238095238095,0.4784574468085106
ENSG00000120738,-0.6202276190476201,0.2099209850911775,0.1310201027533146,0.7835201256486277,0.0095238095238095,False,0.6202276190476201,0.1310201027533146,0.0095238095238095,0.4784574468085106
ENSG00000088387,0.2926295238095218,0.002884750304712,0.2894180676778717,1.5013604998735864e-09,0.0095238095238095,True,0.2926295238095218,0.2894180676778717,0.0095238095238095,0.4782801418439716
ENSG00000136003,-0.2292266666666673,0.002276597590585,-0.3596450652664131,7.928224899333045e-11,0.0095238095238095,True,0.2292266666666673,0.3596450652664131,0.0095238095238095,0.4781028368794326
ENSG00000143612,0.2806228571428555,0.0003197057022324,0.3022755399351595,0.1833333333333333,0.0095238095238095,True,0.2806228571428555,0.3022755399351595,0.0095238095238095,0.47792553191489356
ENSG00000142949,0.2491619047619035,0.4297782358765079,-0.330839135238989,2.8530513136605934e-07,0.0095238095238095,False,0.2491619047619035,0.330839135238989,0.0095238095238095,0.4777482269503546
ENSG00000128815,-0.5374266666666685,0.0015867357378337,0.1511165287731906,0.0483233245013277,0.0095238095238095,False,0.5374266666666685,0.1511165287731906,0.0095238095238095,0.4773936170212766
ENSG00000135108,-0.5682333333333336,4.765319170583265e-06,-0.1404448179651112,0.0114446471213388,0.0095238095238095,True,0.5682333333333336,0.1404448179651112,0.0095238095238095,0.47721631205673753
ENSG00000119559,-0.0915828571428587,0.2013968207283571,0.660536245429995,2.8203258862963574e-06,0.0095238095238095,False,0.0915828571428587,0.660536245429995,0.0095238095238095,0.4761524822695035
ENSG00000172009,0.1906914285714265,0.0858004668470363,0.4115010740991032,7.20876273286468e-14,0.0095238095238095,True,0.1906914285714265,0.4115010740991032,0.0095238095238095,0.47597517730496447
ENSG00000185803,0.6781295238095204,6.946038264786382e-06,0.112004566302037,0.3770589785309785,0.0095238095238095,True,0.6781295238095204,0.112004566302037,0.0095238095238095,0.47597517730496447
ENSG00000159640,0.1766904761904779,0.1904264151672055,0.4320665304634907,1.14376679677872e-05,0.0095238095238095,True,0.1766904761904779,0.4320665304634907,0.0095238095238095,0.47579787234042553
ENSG00000033627,-0.1104380952380932,0.0661800753707435,0.1573600409310636,0.0050692003165174,0.019047619047619,False,0.1104380952380932,0.1573600409310636,0.019047619047619,0.4757978723404255
ENSG00000139318,1.0052295238095237,5.40970896389373e-07,-0.0702397821553688,0.652372495652628,0.0095238095238095,False,1.0052295238095237,0.0702397821553688,0.0095238095238095,0.4750886524822695
ENSG00000128512,-0.4305561904761941,0.0003346624105883,0.1866302347993667,0.002060248058537,0.0095238095238095,False,0.4305561904761941,0.1866302347993667,0.0095238095238095,0.47508865248226945
ENSG00000186350,-0.5992961904761938,3.719420521560442e-07,-0.1298992828815457,0.1191411019680766,0.0095238095238095,True,0.5992961904761938,0.1298992828815457,0.0095238095238095,0.4743794326241134
ENSG00000141741,0.5101019047619033,2.1059951164272022e-05,-0.1539720893602201,0.0014874761962627,0.0095238095238095,False,0.5101019047619033,0.1539720893602201,0.0095238095238095,0.47402482269503543
ENSG00000103653,0.0865428571428559,0.4251625075178572,0.6602914283729326,4.578016495446891e-12,0.0095238095238095,True,0.0865428571428559,0.6602914283729326,0.0095238095238095,0.47384751773049644
ENSG00000031698,-0.1672990476190481,0.0043862675090512,-0.4432548099039657,5.6151633966521214e-09,0.0095238095238095,True,0.1672990476190481,0.4432548099039657,0.0095238095238095,0.47384751773049644
ENSG00000023318,-0.1614533333333341,0.0533083244681905,-0.4548915744463429,1.3021154042210492e-07,0.0095238095238095,True,0.1614533333333341,0.4548915744463429,0.0095238095238095,0.47384751773049644
ENSG00000172296,-0.4114038095238097,0.0010779633443035,0.193393288012631,0.2871689026487788,0.0095238095238095,False,0.4114038095238097,0.193393288012631,0.0095238095238095,0.47384751773049644
ENSG00000173039,0.2465523809523802,0.0009091515779905,0.3217674365633023,1.3539279797908401e-09,0.0095238095238095,True,0.2465523809523802,0.3217674365633023,0.0095238095238095,0.4733156028368794
ENSG00000123106,0.125021904761903,0.0638818717384608,-0.5398101382279137,1.4205665527237882e-11,0.0095238095238095,False,0.125021904761903,0.5398101382279137,0.0095238095238095,0.4733156028368794
ENSG00000205221,-2.345706666666665,6.325322780073915e-06,-0.0199684060724898,0.7757575757575759,0.0095238095238095,True,2.345706666666665,0.0199684060724898,0.0095238095238095,0.4731382978723404
ENSG00000171262,-0.3649771428571444,0.0022204014101962,-0.2211316266502088,4.1583439987793754e-09,0.0095238095238095,True,0.3649771428571444,0.2211316266502088,0.0095238095238095,0.4729609929078014
ENSG00000099949,0.0044190476190468,0.8645171762318818,0.288791825263317,0.0002118104572197,0.019047619047619,True,0.0044190476190468,0.288791825263317,0.019047619047619,0.47225177304964533
ENSG00000154027,0.2364171428571415,0.2277589311871444,0.3338790306436188,0.1663831481832521,0.0095238095238095,True,0.2364171428571415,0.3338790306436188,0.0095238095238095,0.47154255319148936
ENSG00000116690,-0.1495323809523805,0.8427478422345607,0.4793469699442987,3.184885569064941e-06,0.0095238095238095,False,0.1495323809523805,0.4793469699442987,0.0095238095238095,0.47154255319148936
ENSG00000166685,-0.3042761904761892,9.608786785473272e-05,-0.0057540247850553,0.9950197343809944,0.019047619047619,True,0.3042761904761892,0.0057540247850553,0.019047619047619,0.4715425531914893
ENSG00000146909,-0.1661923809523795,0.054312587493684,-0.4393707483205737,9.809707636989211e-07,0.0095238095238095,True,0.1661923809523795,0.4393707483205737,0.0095238095238095,0.4715425531914893
ENSG00000147044,0.4958628571428587,3.4826850345119766e-08,0.1567710187447311,0.0272760675408958,0.0095238095238095,True,0.4958628571428587,0.1567710187447311,0.0095238095238095,0.4711879432624113
ENSG00000105255,0.9818923809523804,0.0017690062627627,0.0673558664474853,0.7579144022695748,0.0095238095238095,True,0.9818923809523804,0.0673558664474853,0.0095238095238095,0.4711879432624113
ENSG00000114650,-0.3498999999999981,0.0007660628911159,-0.2254119804548757,0.4378288191121341,0.0095238095238095,True,0.3498999999999981,0.2254119804548757,0.0095238095238095,0.4711879432624113
ENSG00000149136,0.156236190476191,0.0107307384009208,0.4526938818021406,1.3894052413028543e-09,0.0095238095238095,True,0.156236190476191,0.4526938818021406,0.0095238095238095,0.4710106382978723
ENSG00000100503,-0.07602476190476,0.6567637964529373,-0.1805133568052177,0.0152308483748396,0.019047619047619,True,0.07602476190476,0.1805133568052177,0.019047619047619,0.4710106382978723
ENSG00000166855,-0.0537933333333313,0.5202720173042175,-0.7965821363804935,1.8770162003688863e-14,0.0095238095238095,True,0.0537933333333313,0.7965821363804935,0.0095238095238095,0.47083333333333327
ENSG00000099810,-0.1545733333333352,0.4297750321959139,-0.458552916786143,9.218104299996282e-12,0.0095238095238095,True,0.1545733333333352,0.458552916786143,0.0095238095238095,0.47083333333333327
ENSG00000110719,-0.345682857142858,0.1133963753311986,0.2271473106252308,0.0013447963139287,0.0095238095238095,False,0.345682857142858,0.2271473106252308,0.0095238095238095,0.47083333333333327
ENSG00000164916,-0.2011923809523832,0.0200643889212684,0.377618687457133,2.1232472373164719e-10,0.0095238095238095,False,0.2011923809523832,0.377618687457133,0.0095238095238095,0.4703014184397163
ENSG00000095585,-0.4791876190476216,0.0080400551015323,-0.1619424103529461,0.0095870233647908,0.0095238095238095,True,0.4791876190476216,0.1619424103529461,0.0095238095238095,0.47012411347517724
ENSG00000010322,-0.5364390476190497,0.0001131026315239,-0.136937553960152,0.0196806206851121,0.0095238095238095,True,0.5364390476190497,0.136937553960152,0.0095238095238095,0.46994680851063825
ENSG00000091106,-0.3764457142857127,0.0103750303283494,0.2069041757752607,0.2832616608931666,0.0095238095238095,False,0.3764457142857127,0.2069041757752607,0.0095238095238095,0.4697695035460993
ENSG00000115468,-0.1497895238095221,0.8179979924567647,0.4682083113307662,6.306371015416039e-05,0.0095238095238095,False,0.1497895238095221,0.4682083113307662,0.0095238095238095,0.46976950354609925
ENSG00000138246,0.1757504761904762,0.0039183768529065,0.4178049506256514,5.959026433013842e-14,0.0095238095238095,True,0.1757504761904762,0.4178049506256514,0.0095238095238095,0.46976950354609925
ENSG00000095951,-0.2096276190476214,0.0262892026197859,0.3606598774336476,0.0407832126955423,0.0095238095238095,False,0.2096276190476214,0.3606598774336476,0.0095238095238095,0.4694148936170212
ENSG00000120549,0.2210914285714302,0.024467602329378,0.3429831416378626,4.95609792203652e-09,0.0095238095238095,True,0.2210914285714302,0.3429831416378626,0.0095238095238095,0.46870567375886524
ENSG00000156269,-0.5551780952380952,0.023831430198944,0.1308679341952867,0.4532547047537364,0.0095238095238095,False,0.5551780952380952,0.1308679341952867,0.0095238095238095,0.46870567375886524
ENSG00000136527,0.0961695238095234,0.1265849878731189,0.5993253581719316,5.864749838449693e-10,0.0095238095238095,True,0.0961695238095234,0.5993253581719316,0.0095238095238095,0.4687056737588652
ENSG00000187189,-0.2976561904761912,0.000859589410689,-0.262415430103502,0.207516339869281,0.0095238095238095,True,0.2976561904761912,0.262415430103502,0.0095238095238095,0.4687056737588652
ENSG00000122783,-0.0724419047619058,0.1904194874739809,-0.6761733585184686,0.0081255072034326,0.0095238095238095,True,0.0724419047619058,0.6761733585184686,0.0095238095238095,0.46835106382978714
ENSG00000177103,-2.1111447619047627,5.4603726648507095e-08,-0.0188406819735895,0.8980323871243348,0.0095238095238095,True,2.1111447619047627,0.0188406819735895,0.0095238095238095,0.46817375886524815
ENSG00000197724,-0.3933333333333291,9.75752571834182e-07,-0.1919547730111332,1.2878708420246216e-06,0.0095238095238095,True,0.3933333333333291,0.1919547730111332,0.0095238095238095,0.4678191489361702
ENSG00000133302,-0.0754609523809488,0.4485616418553563,0.6602364909514726,0.0001318334458757,0.0095238095238095,False,0.0754609523809488,0.6602364909514726,0.0095238095238095,0.46764184397163117
ENSG00000157404,-0.4166152380952361,0.0691873227487247,-0.1777809248776662,0.5814198859579434,0.0095238095238095,True,0.4166152380952361,0.1777809248776662,0.0095238095238095,0.4674645390070921
ENSG00000275835,-0.2960133333333363,0.0016085305391293,-0.2597231942332421,0.000802694860922,0.0095238095238095,True,0.2960133333333363,0.2597231942332421,0.0095238095238095,0.4672872340425532
ENSG00000165195,0.2862923809523838,0.0046124350932513,-0.2725665801111816,0.0895534510595627,0.0095238095238095,False,0.2862923809523838,0.2725665801111816,0.0095238095238095,0.4672872340425532
ENSG00000169231,-0.0507152380952362,0.6396327523121844,0.7925084520413428,7.44073331434573e-14,0.0095238095238095,False,0.0507152380952362,0.7925084520413428,0.0095238095238095,0.4672872340425531
ENSG00000157181,-0.0264838095238069,0.9178225756114756,-1.0206854027529673,9.913392795291764e-10,0.0095238095238095,True,0.0264838095238069,1.0206854027529673,0.0095238095238095,0.46710992907801413
ENSG00000164077,0.007217142857141,0.7690614649277155,0.2697182058170142,0.0007975367070711,0.019047619047619,True,0.007217142857141,0.2697182058170142,0.019047619047619,0.46693262411347514
ENSG00000187079,0.0804209523809529,0.2482546416753116,0.6341291380043934,3.123120637207073e-05,0.0095238095238095,True,0.0804209523809529,0.6341291380043934,0.0095238095238095,0.4664007092198581
ENSG00000230626,0.0223295238095238,0.5186081928485426,1.0426182244502478,0.0008041494109605,0.0095238095238095,True,0.0223295238095238,1.0426182244502478,0.0095238095238095,0.4653368794326241
ENSG00000132394,-0.0784580952380968,0.3762775148588058,-0.6235524445371929,6.598589147121211e-15,0.0095238095238095,True,0.0784580952380968,0.6235524445371929,0.0095238095238095,0.464450354609929
ENSG00000066248,1.0012295238095232,2.7356122218709352e-06,-0.0566140919854447,0.3545091017282618,0.0095238095238095,False,1.0012295238095232,0.0566140919854447,0.0095238095238095,0.46356382978723404
ENSG00000145220,0.585456190476191,2.002068329589464e-06,-0.1119024394599321,0.045556277833782,0.0095238095238095,False,0.585456190476191,0.1119024394599321,0.0095238095238095,0.463386524822695
ENSG00000177303,-0.5722333333333314,4.019318568344324e-06,-0.1160198223758293,0.0074115066743501,0.0095238095238095,True,0.5722333333333314,0.1160198223758293,0.0095238095238095,0.462854609929078
ENSG00000121879,0.1795980952380951,0.0379688665111511,0.0683666296917593,0.0705965485106827,0.019047619047619,True,0.1795980952380951,0.0683666296917593,0.019047619047619,0.46249999999999997
ENSG00000039523,-0.205897142857145,0.0451056039547472,0.3464865229940059,1.6948131396977462e-08,0.0095238095238095,False,0.205897142857145,0.3464865229940059,0.0095238095238095,0.46249999999999997
ENSG00000101745,-0.1845009523809526,0.0594720291206957,-0.3762446327645996,6.518279797377103e-06,0.0095238095238095,True,0.1845009523809526,0.3762446327645996,0.0095238095238095,0.462145390070922
ENSG00000133704,-0.1504057142857142,0.0141995317413027,-0.0940186058260117,0.0766251318449254,0.019047619047619,True,0.1504057142857142,0.0940186058260117,0.019047619047619,0.46179078014184394
ENSG00000001629,0.2715780952380964,0.0002385839705968,0.0103900431270851,0.3291568593884738,0.019047619047619,True,0.2715780952380964,0.0103900431270851,0.019047619047619,0.4612588652482269
ENSG00000164603,-0.0504790476190493,0.6255323297914054,-0.7363722154617456,0.065531475748194,0.0095238095238095,True,0.0504790476190493,0.7363722154617456,0.0095238095238095,0.4610815602836879
ENSG00000110799,-0.5790028571428554,0.0042265022347334,0.1072354271695807,0.0017649135583626,0.0095238095238095,False,0.5790028571428554,0.1072354271695807,0.0095238095238095,0.46072695035460987
ENSG00000088053,0.9151019047619052,0.0006260514361978,-0.0621295477935035,0.9914129810204156,0.0095238095238095,False,0.9151019047619052,0.0621295477935035,0.0095238095238095,0.4605496453900709
ENSG00000094631,-0.1433238095238085,0.0472210238862204,-0.0978143712635102,0.0031530578928969,0.019047619047619,True,0.1433238095238085,0.0978143712635102,0.019047619047619,0.46054964539007087
ENSG00000187650,-0.4802857142857144,5.5519587676569925e-05,0.1421426680400195,0.6214981670032733,0.0095238095238095,False,0.4802857142857144,0.1421426680400195,0.0095238095238095,0.46054964539007087
ENSG00000128524,0.2905838095238096,0.0010039051348069,0.2500778802772672,0.0008147718653886,0.0095238095238095,True,0.2905838095238096,0.2500778802772672,0.0095238095238095,0.4603723404255319
ENSG00000187676,0.1794857142857147,0.0299842237361081,0.3796427333940997,1.1658461491175536e-05,0.0095238095238095,True,0.1794857142857147,0.3796427333940997,0.0095238095238095,0.4601950354609929
ENSG00000166886,0.2422952380952381,0.1198640859303109,0.2984390367868634,0.0002523914544815,0.0095238095238095,True,0.2422952380952381,0.2984390367868634,0.0095238095238095,0.4601950354609929
ENSG00000126822,-0.31405142857143,0.0107318298097891,-0.2287875142710618,2.8105180021460656e-05,0.0095238095238095,True,0.31405142857143,0.2287875142710618,0.0095238095238095,0.45948581560283686
ENSG00000139517,-0.2353333333333331,0.1012726879908548,-0.3064710729784945,0.4792713959308211,0.0095238095238095,True,0.2353333333333331,0.3064710729784945,0.0095238095238095,0.4591312056737588
ENSG00000013374,0.2616942857142845,0.0006727214622582,0.0119500782369499,0.7883908645083231,0.019047619047619,True,0.2616942857142845,0.0119500782369499,0.019047619047619,0.4587765957446808
ENSG00000103326,0.0140466666666689,0.9746781989503884,-0.2382688497778247,0.0001257720622618,0.019047619047619,False,0.0140466666666689,0.2382688497778247,0.019047619047619,0.45859929078014183
ENSG00000185024,-0.5317590476190457,3.868067431017925e-06,-0.1191435729179666,0.06199640216678,0.0095238095238095,True,0.5317590476190457,0.1191435729179666,0.0095238095238095,0.4585992907801418
ENSG00000067900,0.1689819047619067,0.0518704441227423,0.3990294841069008,3.1207235095271453e-12,0.0095238095238095,True,0.1689819047619067,0.3990294841069008,0.0095238095238095,0.4585992907801418
ENSG00000141434,-0.2632028571428564,0.1799033161614339,-0.2708303758575319,0.2138262345402162,0.0095238095238095,True,0.2632028571428564,0.2708303758575319,0.0095238095238095,0.4582446808510638
ENSG00000160299,-0.2139552380952381,0.0151653515431159,-0.3212792764156802,7.098278471580322e-12,0.0095238095238095,True,0.2139552380952381,0.3212792764156802,0.0095238095238095,0.4578900709219858
ENSG00000084092,-0.1672752380952396,0.0315137898675186,-0.3990754696882099,6.608337339569025e-05,0.0095238095238095,True,0.1672752380952396,0.3990754696882099,0.0095238095238095,0.45753546099290776
ENSG00000136861,-0.0437323809523828,0.391381732325172,-0.199253156472718,2.8105180021460656e-05,0.019047619047619,True,0.0437323809523828,0.199253156472718,0.019047619047619,0.45735815602836877
ENSG00000154783,0.2586723809523814,0.0829378695249766,0.2765427937460316,2.0151768244387252e-05,0.0095238095238095,True,0.2586723809523814,0.2765427937460316,0.0095238095238095,0.45735815602836877
ENSG00000198642,-0.2701047619047596,0.0118841313535586,-0.2606717769134512,0.0042578942878985,0.0095238095238095,True,0.2701047619047596,0.2606717769134512,0.0095238095238095,0.45735815602836877
ENSG00000114541,-0.2963619047619037,0.0012211168998086,0.2352497213379489,0.1984324853890071,0.0095238095238095,False,0.2963619047619037,0.2352497213379489,0.0095238095238095,0.45735815602836877
ENSG00000136213,-0.3999885714285724,1.9959300977891183e-05,-0.1680757432595427,0.0847460907718567,0.0095238095238095,True,0.3999885714285724,0.1680757432595427,0.0095238095238095,0.4571808510638298
ENSG00000173821,0.1086733333333356,0.4367686767796307,0.514011340969212,1.1284892834905976e-11,0.0095238095238095,True,0.1086733333333356,0.514011340969212,0.0095238095238095,0.45664893617021274
ENSG00000129657,-0.2802180952380961,0.008131448074927,-0.2526098175928162,0.0078515633892969,0.0095238095238095,True,0.2802180952380961,0.2526098175928162,0.0095238095238095,0.45664893617021274
ENSG00000104613,-0.5011580952380967,6.796221525871263e-08,-0.1307225235769813,0.0151785560634225,0.0095238095238095,True,0.5011580952380967,0.1307225235769813,0.0095238095238095,0.45647163120567374
ENSG00000204569,-0.5689638095238116,7.492094471503416e-07,-0.1045231872694785,0.0020892296389478,0.0095238095238095,True,0.5689638095238116,0.1045231872694785,0.0095238095238095,0.4562943262411347
ENSG00000107186,-0.3461752380952401,0.0365280290793993,-0.1992518290788076,0.0005400130236603,0.0095238095238095,True,0.3461752380952401,0.1992518290788076,0.0095238095238095,0.4562943262411347
ENSG00000213930,-0.279600000000002,0.0025665328412198,-0.2521167467839262,1.5210251089670442e-05,0.0095238095238095,True,0.279600000000002,0.2521167467839262,0.0095238095238095,0.4562943262411347
ENSG00000145819,0.2864723809523806,0.0151727594836283,0.2434189370109152,3.9696981776121617e-05,0.0095238095238095,True,0.2864723809523806,0.2434189370109152,0.0095238095238095,0.4557624113475177
ENSG00000006555,0.879091428571428,0.0001187931171546,-0.0594752095070347,0.37318120075437,0.0095238095238095,False,0.879091428571428,0.0594752095070347,0.0095238095238095,0.4557624113475177
ENSG00000149428,-0.0873238095238075,0.4924456167345855,-0.5697803283266865,5.6151633966521214e-09,0.0095238095238095,True,0.0873238095238075,0.5697803283266865,0.0095238095238095,0.45576241134751766
ENSG00000164741,-0.5224828571428581,0.001364893650996,-0.1180412412183002,0.306174091226007,0.0095238095238095,True,0.5224828571428581,0.1180412412183002,0.0095238095238095,0.4555851063829787
ENSG00000165617,0.0446695238095209,0.8645274275370425,0.7330493784500369,0.0107334161029971,0.0095238095238095,True,0.0446695238095209,0.7330493784500369,0.0095238095238095,0.4554078014184397
ENSG00000133119,0.2745847619047623,0.0049074550707448,-0.25406852799426,1.6326471013712265e-07,0.0095238095238095,False,0.2745847619047623,0.25406852799426,0.0095238095238095,0.4550531914893617
ENSG00000132622,-0.6412561904761906,0.0043893373228906,-0.0904856392949859,0.8957124695731036,0.0095238095238095,True,0.6412561904761906,0.0904856392949859,0.0095238095238095,0.45487588652482264
ENSG00000134461,-0.3218019047619043,0.0002107559114517,-0.2133553649461568,0.0140271420523829,0.0095238095238095,True,0.3218019047619043,0.2133553649461568,0.0095238095238095,0.4543439716312056
ENSG00000086205,0.7622533333333328,0.001108747820021,0.0693592343495623,0.6304200032513604,0.0095238095238095,True,0.7622533333333328,0.0693592343495623,0.0095238095238095,0.45416666666666666
ENSG00000108384,-0.0820371428571418,0.4629383158266233,-0.5737109360659609,0.3757575757575758,0.0095238095238095,True,0.0820371428571418,0.5737109360659609,0.0095238095238095,0.4541666666666666
ENSG00000106799,0.1545161904761904,0.3329798421292091,0.040790309309397,0.4669562981027348,0.0285714285714285,True,0.1545161904761904,0.040790309309397,0.0285714285714285,0.45345744680851063
ENSG00000103335,0.4727647619047666,0.0005567278430326,0.1327315721666444,0.0760663060109022,0.0095238095238095,True,0.4727647619047666,0.1327315721666444,0.0095238095238095,0.4529255319148936
ENSG00000157764,-0.3788971428571415,2.384163131260812e-06,-0.1721257964827671,0.0009890228733151,0.0095238095238095,True,0.3788971428571415,0.1721257964827671,0.0095238095238095,0.45292553191489354
ENSG00000175221,-0.3658580952380958,0.0086248415159067,-0.1805536668048439,2.563827678363699e-05,0.0095238095238095,True,0.3658580952380958,0.1805536668048439,0.0095238095238095,0.4520390070921985
ENSG00000179750,0.0809019047619044,0.9936686960621014,-0.5680897284000501,0.1329670329670329,0.0095238095238095,False,0.0809019047619044,0.5680897284000501,0.0095238095238095,0.4520390070921985
ENSG00000147050,-0.0177438095238109,0.6886044415315362,-0.2198553530069595,0.0242918028574929,0.019047619047619,True,0.0177438095238109,0.2198553530069595,0.019047619047619,0.4518617021276595
ENSG00000110169,-0.3513695238095233,0.0685850776999248,0.1864750830000723,0.0680449611874027,0.0095238095238095,False,0.3513695238095233,0.1864750830000723,0.0095238095238095,0.45150709219858154
ENSG00000196642,-0.1787599999999987,0.0563192461171272,-0.3524745175144907,2.4433471683292988e-11,0.0095238095238095,True,0.1787599999999987,0.3524745175144907,0.0095238095238095,0.45150709219858154
ENSG00000107719,-1.1213799999999985,3.425224829324682e-07,0.0320909167239946,0.6849468318650189,0.0095238095238095,False,1.1213799999999985,0.0320909167239946,0.0095238095238095,0.4515070921985815
ENSG00000147041,0.7845514285714295,0.0472774831859783,0.0617230606736463,0.7705159492110245,0.0095238095238095,True,0.7845514285714295,0.0617230606736463,0.0095238095238095,0.4513297872340425
ENSG00000143641,-0.3471285714285717,0.0167327485091944,-0.1873525408864154,0.0537631164595889,0.0095238095238095,True,0.3471285714285717,0.1873525408864154,0.0095238095238095,0.4509751773049645
ENSG00000080200,-0.165308571428568,0.0347700727248432,-0.3793171851790831,4.813504922805344e-17,0.0095238095238095,True,0.165308571428568,0.3793171851790831,0.0095238095238095,0.4509751773049645
ENSG00000173852,0.9566171428571462,1.5508354821288983e-09,0.0445601895536142,0.5813828882413051,0.0095238095238095,True,0.9566171428571462,0.0445601895536142,0.0095238095238095,0.45079787234042545
ENSG00000159164,0.0388295238095244,0.4629445295973171,0.7320516375081674,0.0050338389934179,0.0095238095238095,True,0.0388295238095244,0.7320516375081674,0.0095238095238095,0.4506205673758865
ENSG00000124207,0.3040676190476183,0.0001585183935612,0.2160847230074374,5.673098635095552e-05,0.0095238095238095,True,0.3040676190476183,0.2160847230074374,0.0095238095238095,0.4504432624113475
ENSG00000183337,-0.1166428571428568,0.068554324575567,0.068098932830086,0.8684719649138037,0.0285714285714285,False,0.1166428571428568,0.068098932830086,0.0285714285714285,0.45026595744680853
ENSG00000135636,0.1069295238095229,0.4825071692536342,0.0773019846587992,0.2141872401832117,0.0285714285714285,True,0.1069295238095229,0.0773019846587992,0.0285714285714285,0.45026595744680853
ENSG00000100403,-0.4302295238095244,9.011804476408214e-07,-0.1451313544473862,0.0116094196464164,0.0095238095238095,True,0.4302295238095244,0.1451313544473862,0.0095238095238095,0.4502659574468085
ENSG00000110448,-0.5008809523809514,0.0116228647126442,0.119237345144441,0.0542899678888958,0.0095238095238095,False,0.5008809523809514,0.119237345144441,0.0095238095238095,0.4502659574468085
ENSG00000182253,-0.4043104761904761,0.045535224860908,-0.1562017951497694,0.2839346212069046,0.0095238095238095,True,0.4043104761904761,0.1562017951497694,0.0095238095238095,0.4500886524822695
ENSG00000104884,-0.0257323809523803,0.4677894102207729,0.2074294504374627,4.421583746368924e-05,0.019047619047619,False,0.0257323809523803,0.2074294504374627,0.019047619047619,0.44973404255319144
ENSG00000134698,-0.1984771428571434,0.0008222953135655,0.3182444511528217,0.0706867786802161,0.0095238095238095,False,0.1984771428571434,0.3182444511528217,0.0095238095238095,0.4495567375886524
ENSG00000114529,0.21186476190476,0.974678286853399,-0.3057698888650115,0.0195302006050288,0.0095238095238095,False,0.21186476190476,0.3057698888650115,0.0095238095238095,0.44937943262411345
ENSG00000146955,-0.1351580952380962,0.3329966301954657,-0.429247788058273,0.0006074789304427,0.0095238095238095,True,0.1351580952380962,0.429247788058273,0.0095238095238095,0.44920212765957446
ENSG00000177469,0.1682323809523787,0.183794698605623,0.3663619785473777,8.19499251730903e-05,0.0095238095238095,True,0.1682323809523787,0.3663619785473777,0.0095238095238095,0.44902482269503546
ENSG00000162692,-0.1563838095238079,0.2985605833707879,0.3868802196970797,3.136360999939156e-05,0.0095238095238095,False,0.1563838095238079,0.3868802196970797,0.0095238095238095,0.4488475177304964
ENSG00000008869,-0.3017514285714284,1.4983211580304602e-05,-0.2147723853410141,7.915393121225426e-05,0.0095238095238095,True,0.3017514285714284,0.2147723853410141,0.0095238095238095,0.4488475177304964
ENSG00000106565,0.5784247619047598,0.0024350094454763,0.0911573969158467,0.7884279568052048,0.0095238095238095,True,0.5784247619047598,0.0911573969158467,0.0095238095238095,0.44813829787234044
ENSG00000115548,0.2308238095238124,0.0037734770027057,0.2844806387141325,2.8917735610415813e-05,0.0095238095238095,True,0.2308238095238124,0.2844806387141325,0.0095238095238095,0.4479609929078014
ENSG00000187239,-0.2291371428571391,0.0477027716566353,0.2863980277264915,4.7494992087572944e-05,0.0095238095238095,False,0.2291371428571391,0.2863980277264915,0.0095238095238095,0.44760638297872335
ENSG00000103351,-0.1718257142857133,0.0605520836198711,-0.3524883241780934,2.0469916028686332e-05,0.0095238095238095,True,0.1718257142857133,0.3524883241780934,0.0095238095238095,0.44742907801418436
ENSG00000187554,-0.5449495238095245,0.0001308830496317,-0.097577030908333,0.8518148518148518,0.0095238095238095,True,0.5449495238095245,0.097577030908333,0.0095238095238095,0.44742907801418436
ENSG00000119041,0.2577495238095224,3.087545804995323e-05,-0.2532755099816199,1.1359353070363317e-07,0.0095238095238095,False,0.2577495238095224,0.2532755099816199,0.0095238095238095,0.44725177304964536
ENSG00000081923,-0.0443619047619048,0.5385567604455451,-0.6672603205417857,2.534222888393584e-07,0.0095238095238095,True,0.0443619047619048,0.6672603205417857,0.0095238095238095,0.4472517730496453
ENSG00000160505,0.2094590476190476,0.7119427215837093,-0.0291006267158806,0.9671720092800948,0.019047619047619,False,0.2094590476190476,0.0291006267158806,0.019047619047619,0.44654255319148933
ENSG00000117595,1.0515619047619076,1.676084678689666e-06,-0.0278878275719449,0.4377056023964736,0.0095238095238095,False,1.0515619047619076,0.0278878275719449,0.0095238095238095,0.4463652482269503
ENSG00000157657,-0.7778980952380952,1.1480346361687829e-06,0.0562243029973537,0.6115614380766994,0.0095238095238095,False,0.7778980952380952,0.0562243029973537,0.0095238095238095,0.4460106382978723
ENSG00000147419,-0.3308171428571427,0.0001946960089008,-0.1887625147584906,0.0024336448744243,0.0095238095238095,True,0.3308171428571427,0.1887625147584906,0.0095238095238095,0.44547872340425526
ENSG00000168014,-0.200135238095239,0.0055450224823026,-0.3082793927977967,0.0062686416385342,0.0095238095238095,True,0.200135238095239,0.3082793927977967,0.0095238095238095,0.4451241134751773
ENSG00000111679,0.0737466666666684,0.7121243304994239,0.5528174311324463,2.1232472373164719e-10,0.0095238095238095,True,0.0737466666666684,0.5528174311324463,0.0095238095238095,0.4447695035460993
ENSG00000173480,0.012141904761906,0.7120870713603409,-0.2123014260812148,0.4441692466460268,0.019047619047619,False,0.012141904761906,0.2123014260812148,0.019047619047619,0.4445921985815603
ENSG00000149256,0.0975638095238107,0.7539433205928426,0.1191004318183317,0.0557128353335497,0.019047619047619,True,0.0975638095238107,0.1191004318183317,0.019047619047619,0.44441489361702124
ENSG00000163625,-0.3215019047619094,8.830004507812328e-07,0.1946982520992186,0.0002403727481239,0.0095238095238095,False,0.3215019047619094,0.1946982520992186,0.0095238095238095,0.4435283687943262
ENSG00000008086,0.1862685714285739,0.0104884322747512,0.3168027625535927,0.0336690816745359,0.0095238095238095,True,0.1862685714285739,0.3168027625535927,0.0095238095238095,0.44246453900709215
ENSG00000113555,-0.2332542857142847,0.1316265489458521,-0.2674859065522987,0.0567213480160003,0.0095238095238095,True,0.2332542857142847,0.2674859065522987,0.0095238095238095,0.4421099290780141
ENSG00000151779,-0.2276980952380931,1.5507076503782316e-05,-0.2729366441803336,1.2582997720438638e-05,0.0095238095238095,True,0.2276980952380931,0.2729366441803336,0.0095238095238095,0.4417553191489361
ENSG00000130414,-0.0326819047619011,0.642431619568417,-0.6882668715217086,6.819521609396447e-15,0.0095238095238095,True,0.0326819047619011,0.6882668715217086,0.0095238095238095,0.4412234042553191
ENSG00000174231,-0.411311428571425,1.642511978913528e-06,0.1377658573663218,2.709249108076042e-05,0.0095238095238095,False,0.411311428571425,0.1377658573663218,0.0095238095238095,0.44104609929078015
ENSG00000180530,0.0058304761904786,0.6311567401181635,-0.8424489390871592,0.005718810837902,0.0095238095238095,False,0.0058304761904786,0.8424489390871592,0.0095238095238095,0.4408687943262411
ENSG00000178188,-0.3108085714285735,0.0003195981819318,-0.1950865369348378,0.0427380526521789,0.0095238095238095,True,0.3108085714285735,0.1950865369348378,0.0095238095238095,0.4408687943262411
ENSG00000049540,-0.9420428571428552,0.0003954221524226,0.0322918609303499,0.5506864186954076,0.0095238095238095,False,0.9420428571428552,0.0322918609303499,0.0095238095238095,0.44051418439716306
ENSG00000181555,-0.3847399999999989,7.276805885876253e-08,-0.1524438523282789,0.0011292229528491,0.0095238095238095,True,0.3847399999999989,0.1524438523282789,0.0095238095238095,0.44033687943262406
ENSG00000198189,0.4191209523809558,0.000426158741235,0.1324320152323572,0.0680449611874027,0.0095238095238095,True,0.4191209523809558,0.1324320152323572,0.0095238095238095,0.44015957446808507
ENSG00000145882,-0.1356257142857178,0.1296128528178775,-0.4014119815459125,1.459891126484197e-06,0.0095238095238095,True,0.1356257142857178,0.4014119815459125,0.0095238095238095,0.4396276595744681
ENSG00000114019,-0.268476190476191,0.1256187427982302,-0.2252605290790192,0.4392191423086284,0.0095238095238095,True,0.268476190476191,0.2252605290790192,0.0095238095238095,0.4396276595744681
ENSG00000116117,-0.5193695238095213,3.681384496530942e-05,-0.0935877115963315,0.0964285652494837,0.0095238095238095,True,0.5193695238095213,0.0935877115963315,0.0095238095238095,0.43945035460992904
ENSG00000132182,-0.3945380952380919,0.0031975546645317,0.1411919585117296,0.0168190715038823,0.0095238095238095,False,0.3945380952380919,0.1411919585117296,0.0095238095238095,0.43945035460992904
ENSG00000133612,-0.0874009523809498,0.3022542427432081,-0.500791764578949,1.0638547903069844e-12,0.0095238095238095,True,0.0874009523809498,0.500791764578949,0.0095238095238095,0.43909574468085105
ENSG00000112782,0.5371466666666667,0.0268335108358487,-0.0891845504493495,0.4017542949252023,0.0095238095238095,False,0.5371466666666667,0.0891845504493495,0.0095238095238095,0.438918439716312
ENSG00000148187,-0.1034371428571425,0.2804911643690603,-0.4625691303464521,6.682916747219286e-09,0.0095238095238095,True,0.1034371428571425,0.4625691303464521,0.0095238095238095,0.43874113475177307
ENSG00000006118,0.4378190476190475,0.0468352180399277,0.1238178617479057,0.2028566502554571,0.0095238095238095,True,0.4378190476190475,0.1238178617479057,0.0095238095238095,0.43838652482269497
ENSG00000165392,-0.2492019047619074,0.0026322345666477,-0.2405731434075555,0.0015182088710584,0.0095238095238095,True,0.2492019047619074,0.2405731434075555,0.0095238095238095,0.43820921985815603
ENSG00000173546,0.1345914285714275,0.4137393726578736,0.3998833583807943,1.0885995197403503e-06,0.0095238095238095,True,0.1345914285714275,0.3998833583807943,0.0095238095238095,0.438031914893617
ENSG00000203791,-0.0532714285714295,0.5867287126670837,0.5796181181189617,0.022531966083241,0.0095238095238095,False,0.0532714285714295,0.5796181181189617,0.0095238095238095,0.438031914893617
ENSG00000164163,0.0998866666666646,0.2564624208679716,-0.4709718148834092,5.6151633966521214e-09,0.0095238095238095,False,0.0998866666666646,0.4709718148834092,0.0095238095238095,0.437854609929078
ENSG00000148357,-0.4974895238095236,0.0438481216790009,0.1005790199154859,0.3522161851828234,0.0095238095238095,False,0.4974895238095236,0.1005790199154859,0.0095238095238095,0.437677304964539
ENSG00000104714,-0.0390952380952391,0.533340347670239,-0.1686696116577941,0.0267200959083531,0.019047619047619,True,0.0390952380952391,0.1686696116577941,0.019047619047619,0.437677304964539
ENSG00000116199,0.2108209523809545,0.0022485952280506,-0.2825438488036127,0.0002242800742157,0.0095238095238095,False,0.2108209523809545,0.2825438488036127,0.0095238095238095,0.437322695035461
ENSG00000124198,-0.019037142857142,0.7329281971114231,-0.7308652065707868,4.6723213589404225e-11,0.0095238095238095,True,0.019037142857142,0.7308652065707868,0.0095238095238095,0.43732269503546095
ENSG00000054654,0.0690476190476214,0.5025156114925677,0.1321213261908376,0.032276933320254,0.019047619047619,True,0.0690476190476214,0.1321213261908376,0.019047619047619,0.43696808510638296
ENSG00000132535,-0.3943095238095235,0.003970560932271,0.1370919988318881,0.7619047619047619,0.0095238095238095,False,0.3943095238095235,0.1370919988318881,0.0095238095238095,0.43625886524822693
ENSG00000136167,-0.0892561904761901,0.2985580664694015,0.4892413697790658,0.0003951439368162,0.0095238095238095,False,0.0892561904761901,0.4892413697790658,0.0095238095238095,0.4360815602836879
ENSG00000130150,0.3349819047619053,0.000473008814148,0.167488018978311,0.0179973957647507,0.0095238095238095,True,0.3349819047619053,0.167488018978311,0.0095238095238095,0.4359042553191489
ENSG00000115970,-0.1493742857142876,0.0041719437060916,-0.3629820825073828,7.379159499562269e-09,0.0095238095238095,True,0.1493742857142876,0.3629820825073828,0.0095238095238095,0.4359042553191489
ENSG00000130816,0.308466666666666,0.0015857508024574,0.1872718718962716,0.0002288925834102,0.0095238095238095,True,0.308466666666666,0.1872718718962716,0.0095238095238095,0.4359042553191489
ENSG00000115275,0.0503723809523837,0.9778398208367892,-0.5810532506646204,4.055709982413307e-07,0.0095238095238095,False,0.0503723809523837,0.5810532506646204,0.0095238095238095,0.4357269503546099
ENSG00000038382,0.0977419047619054,0.4533207500612689,0.4665269338514548,6.765945894022161e-14,0.0095238095238095,True,0.0977419047619054,0.4665269338514548,0.0095238095238095,0.4357269503546099
ENSG00000156471,0.0361561904761895,0.6004377312249298,-0.6384819944672167,6.029237501866567e-06,0.0095238095238095,False,0.0361561904761895,0.6384819944672167,0.0095238095238095,0.4351950354609929
ENSG00000146963,0.0482095238095201,0.7032367177226984,0.5839583212583541,8.62926206140546e-08,0.0095238095238095,True,0.0482095238095201,0.5839583212583541,0.0095238095238095,0.4346631205673758
ENSG00000187664,-0.2784914285714261,0.0002961792818017,-0.2086485800466651,0.7142857142857142,0.0095238095238095,True,0.2784914285714261,0.2086485800466651,0.0095238095238095,0.4344858156028369
ENSG00000185344,-0.1355923809523798,0.0394592166311091,-0.0676654898314588,0.4946106809186598,0.019047619047619,True,0.1355923809523798,0.0676654898314588,0.019047619047619,0.43448581560283683
ENSG00000130224,-0.0119009523809499,0.5359524020027286,0.7361939775672823,1.4799934086461256e-05,0.0095238095238095,False,0.0119009523809499,0.7361939775672823,0.0095238095238095,0.43430851063829784
ENSG00000121281,0.2661047619047618,0.0578810855313707,0.2139250020778558,1.0,0.0095238095238095,True,0.2661047619047618,0.2139250020778558,0.0095238095238095,0.43413120567375885
ENSG00000176845,0.0783895238095215,0.6087688057761707,0.4979906668150242,5.065420450218161e-05,0.0095238095238095,True,0.0783895238095215,0.4979906668150242,0.0095238095238095,0.4337765957446808
ENSG00000134508,0.4132123809523804,0.0049682716600636,0.1264469489617141,0.4410737102984686,0.0095238095238095,True,0.4132123809523804,0.1264469489617141,0.0095238095238095,0.43359929078014176
ENSG00000132600,-0.1064952380952384,0.1710298721408372,-0.4335100367680091,0.0024726603575886,0.0095238095238095,True,0.1064952380952384,0.4335100367680091,0.0095238095238095,0.43324468085106377
ENSG00000138771,0.5487095238095225,0.0088272315068757,-0.0763199041373532,0.179594784479608,0.0095238095238095,False,0.5487095238095225,0.0763199041373532,0.0095238095238095,0.4327127659574468
ENSG00000139970,-1.1232438095238066,1.0242391707770074e-05,-0.0050817776124354,0.8044481761930079,0.0095238095238095,True,1.1232438095238066,0.0050817776124354,0.0095238095238095,0.4323581560283688
ENSG00000135362,0.6760799999999989,4.085778959482943e-05,-0.0536415803521279,0.6828077569495262,0.0095238095238095,False,0.6760799999999989,0.0536415803521279,0.0095238095238095,0.4318262411347517
ENSG00000164292,-0.8066342857142796,3.7224228394283794e-06,0.0358918240701022,0.7522496322271652,0.0095238095238095,False,0.8066342857142796,0.0358918240701022,0.0095238095238095,0.4316489361702127
ENSG00000103591,0.3331771428571475,5.179441944173873e-05,0.1656362238127151,0.0037022884168965,0.0095238095238095,True,0.3331771428571475,0.1656362238127151,0.0095238095238095,0.4316489361702127
ENSG00000154237,-0.0494580952380925,0.4461588624324202,0.1454009711927177,0.0731847914191301,0.019047619047619,False,0.0494580952380925,0.1454009711927177,0.019047619047619,0.4314716312056737
ENSG00000135090,0.3750628571428613,1.3939370647942997e-05,0.1414352731120232,0.0002523914544815,0.0095238095238095,True,0.3750628571428613,0.1414352731120232,0.0095238095238095,0.4314716312056737
ENSG00000084636,0.0824514285714297,0.8334444768401726,0.4832511285308243,8.809660114032646e-07,0.0095238095238095,True,0.0824514285714297,0.4832511285308243,0.0095238095238095,0.4314716312056737
ENSG00000068024,-0.4390866666666664,3.685055069097856e-05,0.1068177143641619,0.0192474102984988,0.0095238095238095,False,0.4390866666666664,0.1068177143641619,0.0095238095238095,0.43111702127659574
ENSG00000012048,0.8356980952380972,3.8165112382542056e-08,-0.0309149173165081,0.8000877602461636,0.0095238095238095,False,0.8356980952380972,0.0309149173165081,0.0095238095238095,0.43111702127659574
ENSG00000197694,0.0655409523809513,0.5438024263756231,0.1298537805734554,0.0016914139109255,0.019047619047619,True,0.0655409523809513,0.1298537805734554,0.019047619047619,0.43111702127659574
ENSG00000189129,-0.923081904761906,0.0002620462321349,0.0218608149541452,0.8628935688997994,0.0095238095238095,False,0.923081904761906,0.0218608149541452,0.0095238095238095,0.4309397163120567
ENSG00000204227,-0.2014980952380938,0.0127133678061986,0.2755334134750349,0.0012148376800511,0.0095238095238095,False,0.2014980952380938,0.2755334134750349,0.0095238095238095,0.43058510638297864
ENSG00000154096,0.0413266666666665,0.7569579313576997,0.5863722041962909,1.1621293956226743e-07,0.0095238095238095,True,0.0413266666666665,0.5863722041962909,0.0095238095238095,0.43058510638297864
ENSG00000112624,-0.36121333333333,1.6684985314772008e-05,-0.1481111823597061,0.0533715732462922,0.0095238095238095,True,0.36121333333333,0.1481111823597061,0.0095238095238095,0.43005319148936166
ENSG00000015676,0.1187085714285736,0.0553036527829123,0.4047911980340153,9.88730412973338e-14,0.0095238095238095,True,0.1187085714285736,0.4047911980340153,0.0095238095238095,0.42987588652482267
ENSG00000183621,0.1592152380952392,0.0594760079051736,-0.3240582163186474,0.0019894239625542,0.0095238095238095,False,0.1592152380952392,0.3240582163186474,0.0095238095238095,0.4295212765957446
ENSG00000130764,-0.2532190476190461,0.0006723292537096,-0.2173597435495118,1.464615483011986e-05,0.0095238095238095,True,0.2532190476190461,0.2173597435495118,0.0095238095238095,0.42934397163120563
ENSG00000218336,-0.2082352380952397,0.7599730443160871,0.2650311684088109,0.001446436371228,0.0095238095238095,False,0.2082352380952397,0.2650311684088109,0.0095238095238095,0.42916666666666664
ENSG00000115598,-0.5078799999999992,0.0285156873094678,0.0849375145025028,0.9698499769931556,0.0095238095238095,False,0.5078799999999992,0.0849375145025028,0.0095238095238095,0.42916666666666664
ENSG00000116809,-0.1579199999999989,0.0822414726780326,-0.0418165261059755,0.8070355746686797,0.019047619047619,True,0.1579199999999989,0.0418165261059755,0.019047619047619,0.42916666666666664
ENSG00000105221,-0.0968723809523801,0.0504397113939377,0.4409332985293304,1.4257196835375426e-07,0.0095238095238095,False,0.0968723809523801,0.4409332985293304,0.0095238095238095,0.42898936170212765
ENSG00000204291,-0.5553780952380976,0.0007666145579259,-0.0691676100556293,0.5393576392091797,0.0095238095238095,True,0.5553780952380976,0.0691676100556293,0.0095238095238095,0.42881205673758865
ENSG00000116205,-0.1823466666666675,0.0140507042502981,-0.2908061414796794,0.0746771195373131,0.0095238095238095,True,0.1823466666666675,0.2908061414796794,0.0095238095238095,0.4288120567375886
ENSG00000115850,-0.9303409523809512,0.0108580814962629,-0.0173833884594429,0.927856615416588,0.0095238095238095,True,0.9303409523809512,0.0173833884594429,0.0095238095238095,0.4284574468085106
ENSG00000075240,-0.0026161904761909,0.7934159773625247,0.194718245616027,0.0021784326199546,0.019047619047619,False,0.0026161904761909,0.194718245616027,0.019047619047619,0.4275709219858156
ENSG00000198732,-0.6913923809523812,0.0234816261827692,0.0455941319317005,0.6067763517908837,0.0095238095238095,False,0.6913923809523812,0.0455941319317005,0.0095238095238095,0.42757092198581553
ENSG00000196504,0.3348161904761912,6.89979337647309e-05,0.1559169673254565,0.0001236598092454,0.0095238095238095,True,0.3348161904761912,0.1559169673254565,0.0095238095238095,0.42739361702127654
ENSG00000072803,-0.1725123809523836,0.0071393299804313,0.027318053561359,0.4892932220110954,0.019047619047619,False,0.1725123809523836,0.027318053561359,0.019047619047619,0.42721631205673755
ENSG00000131652,0.2420342857142845,0.0414152169939088,0.2224898756306146,1.36256240254292e-07,0.0095238095238095,True,0.2420342857142845,0.2224898756306146,0.0095238095238095,0.42721631205673755
ENSG00000169710,-0.1721123809523845,0.2099170277034461,0.3039399673370972,4.622430094350544e-07,0.0095238095238095,False,0.1721123809523845,0.3039399673370972,0.0095238095238095,0.4270390070921986
ENSG00000136279,0.2904561904761902,0.002667948940665,0.1834687849144742,0.0001391771040272,0.0095238095238095,True,0.2904561904761902,0.1834687849144742,0.0095238095238095,0.42686170212765956
ENSG00000130304,-0.2518390476190504,0.050459312717455,0.214237238427394,0.0001673157053693,0.0095238095238095,False,0.2518390476190504,0.214237238427394,0.0095238095238095,0.42686170212765956
ENSG00000186212,0.715040000000001,0.0060403562311738,-0.0399492145388613,0.9885316107273452,0.0095238095238095,False,0.715040000000001,0.0399492145388613,0.0095238095238095,0.42668439716312057
ENSG00000136709,-0.1561552380952378,0.0017915394603232,-0.3204650159061195,1.412210833571583e-10,0.0095238095238095,True,0.1561552380952378,0.3204650159061195,0.0095238095238095,0.42615248226950353
ENSG00000116525,-0.2614380952380948,0.0279455933172154,-0.2044951205114245,0.4312557008209182,0.0095238095238095,True,0.2614380952380948,0.2044951205114245,0.0095238095238095,0.4259751773049645
ENSG00000185298,0.2596209523809527,0.0086241480732466,0.2061165887325167,0.0892589723562939,0.0095238095238095,True,0.2596209523809527,0.2061165887325167,0.0095238095238095,0.4254432624113475
ENSG00000101752,0.336899047619049,0.0038226926116307,0.1512708304184187,2.709249108076042e-05,0.0095238095238095,True,0.336899047619049,0.1512708304184187,0.0095238095238095,0.4252659574468085
ENSG00000140598,0.3034047619047602,9.446692925461043e-05,-0.1716730344786441,0.0002143847967053,0.0095238095238095,False,0.3034047619047602,0.1716730344786441,0.0095238095238095,0.42526595744680845
ENSG00000005810,-0.3741695238095239,4.017306943712772e-06,-0.1325516204725829,6.531935446420411e-05,0.0095238095238095,True,0.3741695238095239,0.1325516204725829,0.0095238095238095,0.42491134751773046
ENSG00000123384,-0.0777047619047603,0.7003389049726448,0.4631426190987007,2.2639564512410234e-09,0.0095238095238095,False,0.0777047619047603,0.4631426190987007,0.0095238095238095,0.42420212765957444
ENSG00000179630,0.3188295238095247,0.0120210967932827,0.1643646481020937,0.0352684023893353,0.0095238095238095,True,0.3188295238095247,0.1643646481020937,0.0095238095238095,0.42402482269503544
ENSG00000100412,0.0192104761904801,0.98100534149371,-0.6258624357358649,9.716336642430768e-13,0.0095238095238095,False,0.0192104761904801,0.6258624357358649,0.0095238095238095,0.42402482269503544
ENSG00000058799,0.1975457142857113,0.0170978498517356,-0.2642718326326232,0.0127386177431462,0.0095238095238095,False,0.1975457142857113,0.2642718326326232,0.0095238095238095,0.4238475177304964
ENSG00000140835,-0.7496371428571411,0.0321524357371698,-0.0329576505464146,0.6333064334538758,0.0095238095238095,True,0.7496371428571411,0.0329576505464146,0.0095238095238095,0.4236702127659574
ENSG00000006025,0.4895771428571418,0.0180442458338057,-0.0826939147929266,0.2588529573911672,0.0095238095238095,False,0.4895771428571418,0.0826939147929266,0.0095238095238095,0.42313829787234036
ENSG00000177363,-0.3413704761904768,0.0940664770755214,0.1415078201055273,0.3572241461593999,0.0095238095238095,False,0.3413704761904768,0.1415078201055273,0.0095238095238095,0.4226063829787234
ENSG00000167792,-0.1367971428571444,0.0616352469791685,-0.3463040036409026,0.000107926070186,0.0095238095238095,True,0.1367971428571444,0.3463040036409026,0.0095238095238095,0.4226063829787233
ENSG00000137843,-0.1617685714285723,0.084363942152862,-0.3064138075515483,0.3530443756449948,0.0095238095238095,True,0.1617685714285723,0.3064138075515483,0.0095238095238095,0.42242907801418433
ENSG00000162627,0.3695733333333351,5.273292801129088e-05,0.1314901371686438,0.0132111702152036,0.0095238095238095,True,0.3695733333333351,0.1314901371686438,0.0095238095238095,0.42242907801418433
ENSG00000105202,0.0718476190476167,0.8551786658639318,-0.468273651486438,6.349897489821004e-14,0.0095238095238095,False,0.0718476190476167,0.468273651486438,0.0095238095238095,0.4222517730496454
ENSG00000185122,0.1962704761904774,0.030890085447393,0.2625665954176632,3.184885569064941e-06,0.0095238095238095,True,0.1962704761904774,0.2625665954176632,0.0095238095238095,0.42207446808510635
ENSG00000127124,-0.3043485714285712,0.0495342179667157,0.1672029491309956,0.2491520431560073,0.0095238095238095,False,0.3043485714285712,0.1672029491309956,0.0095238095238095,0.42207446808510635
ENSG00000101639,-0.111663809523808,0.1276040445535294,-0.3936589436577087,3.944315889014963e-06,0.0095238095238095,True,0.111663809523808,0.3936589436577087,0.0095238095238095,0.4217198581560283
ENSG00000127084,-0.8345733333333332,3.6477342682759803e-07,0.0175020820871338,0.8400568851302858,0.0095238095238095,False,0.8345733333333332,0.0175020820871338,0.0095238095238095,0.42154255319148937
ENSG00000180357,-0.2881038095238093,0.0003006793637874,-0.175154484619771,0.0078808432029928,0.0095238095238095,True,0.2881038095238093,0.175154484619771,0.0095238095238095,0.4215425531914893
ENSG00000148426,-0.0457809523809524,0.5307368669665169,-0.5367906770033954,2.571742365744172e-09,0.0095238095238095,True,0.0457809523809524,0.5367906770033954,0.0095238095238095,0.4215425531914893
ENSG00000198795,-0.1009276190476207,0.584005232073489,0.4134143882724039,0.1555441627729621,0.0095238095238095,False,0.1009276190476207,0.4134143882724039,0.0095238095238095,0.4211879432624113
ENSG00000182872,-0.0371019047619043,0.8864071604365121,-0.0908615895309594,0.0045105838674434,0.0476190476190476,True,0.0371019047619043,0.0908615895309594,0.0476190476190476,0.42101063829787233
ENSG00000111676,-0.2145295238095244,0.0633317564321298,-0.2365029375902558,9.809516347636416e-06,0.0095238095238095,True,0.2145295238095244,0.2365029375902558,0.0095238095238095,0.42083333333333334
ENSG00000102081,0.1315457142857141,0.2307508839486145,0.3485888697086636,1.2002876413772277e-12,0.0095238095238095,True,0.1315457142857141,0.3485888697086636,0.0095238095238095,0.4206560283687943
ENSG00000163637,-0.4115057142857168,0.0107318298097891,0.1031197509890269,0.9524263992627534,0.0095238095238095,False,0.4115057142857168,0.1031197509890269,0.0095238095238095,0.4204787234042553
ENSG00000072518,0.1250133333333352,0.2547983434523413,-0.0583768637070925,0.0823302330721603,0.019047619047619,False,0.1250133333333352,0.0583768637070925,0.019047619047619,0.42030141843971625
ENSG00000170310,-0.2789466666666644,0.0001560908903728,0.1796320833604845,0.0090228920023976,0.0095238095238095,False,0.2789466666666644,0.1796320833604845,0.0095238095238095,0.4195921985815602
ENSG00000171316,0.0530123809523797,0.5949423305495152,-0.5035935629343555,0.0111015441195384,0.0095238095238095,False,0.0530123809523797,0.5035935629343555,0.0095238095238095,0.41923758865248223
ENSG00000142599,-0.5151647619047601,0.0001225399391485,-0.0649450191373937,0.1379452537509654,0.0095238095238095,True,0.5151647619047601,0.0649450191373937,0.0095238095238095,0.4188829787234042
ENSG00000112685,-0.0506371428571412,0.5385179690690194,0.1247734273056551,0.0141647501168453,0.019047619047619,False,0.0506371428571412,0.1247734273056551,0.019047619047619,0.4187056737588652
ENSG00000165282,-0.0599961904761912,0.1388810962332446,-0.4869808977094543,0.0002483239610721,0.0095238095238095,True,0.0599961904761912,0.4869808977094543,0.0095238095238095,0.4185283687943262
ENSG00000157766,-0.001739047619047,0.7479254712678034,0.1779057323350699,0.1435213748796441,0.019047619047619,False,0.001739047619047,0.1779057323350699,0.019047619047619,0.4183510638297872
ENSG00000140332,0.2813390476190491,0.0042262373783484,0.1726131697216253,0.0045105838674434,0.0095238095238095,True,0.2813390476190491,0.1726131697216253,0.0095238095238095,0.41781914893617017
ENSG00000172469,0.1151180952380919,0.4069640096975243,-0.3720829970582571,0.0002053338338961,0.0095238095238095,False,0.1151180952380919,0.3720829970582571,0.0095238095238095,0.4176418439716312
ENSG00000144736,-0.1637809523809501,0.0244690911377129,0.2914449851932055,0.5950660966140843,0.0095238095238095,False,0.1637809523809501,0.2914449851932055,0.0095238095238095,0.4172872340425532
ENSG00000164818,0.2084876190476166,0.0192359004698493,0.2349866026502916,1.0593763807945637e-05,0.0095238095238095,True,0.2084876190476166,0.2349866026502916,0.0095238095238095,0.4167553191489361
ENSG00000182606,0.5082380952380987,0.0001717102337597,0.064994781247428,0.67759924564832,0.0095238095238095,True,0.5082380952380987,0.064994781247428,0.0095238095238095,0.4158687943262411
ENSG00000148356,-0.2160295238095226,0.0052188841438552,0.2258794202052527,1.111780569633562e-06,0.0095238095238095,False,0.2160295238095226,0.2258794202052527,0.0095238095238095,0.4155141843971631
ENSG00000155100,0.3690285714285739,0.000300854227545,0.1219970729525243,0.0392172277479024,0.0095238095238095,True,0.3690285714285739,0.1219970729525243,0.0095238095238095,0.4153368794326241
ENSG00000115806,0.2982047619047616,4.003248763298351e-06,-0.1595332062291063,0.0033272819958255,0.0095238095238095,False,0.2982047619047616,0.1595332062291063,0.0095238095238095,0.41462765957446807
ENSG00000086570,-0.0591380952380964,0.1161434428775608,-0.0588084041485821,0.615600079366337,0.0476190476190476,True,0.0591380952380964,0.0588084041485821,0.0476190476190476,0.41462765957446807
ENSG00000159842,0.0408619047619076,0.7359170249275964,0.5183989144635959,9.165285506514251e-15,0.0095238095238095,True,0.0408619047619076,0.5183989144635959,0.0095238095238095,0.41462765957446807
ENSG00000167280,-0.0036123809523793,0.6653935334489774,-0.6374515368928471,1.039277200927463e-11,0.0095238095238095,True,0.0036123809523793,0.6374515368928471,0.0095238095238095,0.414450354609929
ENSG00000204394,0.082990476190476,0.6255203253783923,-0.4211323942188549,1.5750283287071278e-10,0.0095238095238095,False,0.082990476190476,0.4211323942188549,0.0095238095238095,0.41427304964539
ENSG00000116138,-0.1031076190476198,0.116080726331234,-0.3842260412554665,0.0008512880888298,0.0095238095238095,True,0.1031076190476198,0.3842260412554665,0.0095238095238095,0.41409574468085103
ENSG00000079691,0.3917533333333356,0.0001916801954262,0.1022734091485695,0.0059111785554124,0.0095238095238095,True,0.3917533333333356,0.1022734091485695,0.0095238095238095,0.41374113475177304
ENSG00000114353,0.1512961904761933,0.3310073545222489,0.3035591414169865,1.1621293956226743e-07,0.0095238095238095,True,0.1512961904761933,0.3035591414169865,0.0095238095238095,0.41374113475177304
ENSG00000116819,0.2598961904761898,0.041020764334712,0.1831038425898086,0.3071196467135568,0.0095238095238095,True,0.2598961904761898,0.1831038425898086,0.0095238095238095,0.41374113475177304
ENSG00000143493,0.1576419047619044,0.0748271084659959,-0.0204444216242407,0.3720775632763876,0.019047619047619,False,0.1576419047619044,0.0204444216242407,0.019047619047619,0.413031914893617
ENSG00000152377,0.6674828571428577,0.0002106542641701,0.0274047028681501,0.8600750200568097,0.0095238095238095,True,0.6674828571428577,0.0274047028681501,0.0095238095238095,0.413031914893617
ENSG00000151690,0.3780638095238089,8.150626146869762e-05,-0.1053731464266043,0.9668813937978586,0.0095238095238095,False,0.3780638095238089,0.1053731464266043,0.0095238095238095,0.4125
ENSG00000071794,0.0238714285714287,0.7269631700528375,-0.5648762590794654,4.5368201035107917e-13,0.0095238095238095,False,0.0238714285714287,0.5648762590794654,0.0095238095238095,0.4125
ENSG00000156502,0.0320076190476186,0.4629274412167325,-0.5403122973824424,1.3010100116944746e-10,0.0095238095238095,False,0.0320076190476186,0.5403122973824424,0.0095238095238095,0.412322695035461
ENSG00000143374,0.2386152380952371,0.0001977918628437,-0.1998270610168084,0.0004208352479218,0.0095238095238095,False,0.2386152380952371,0.1998270610168084,0.0095238095238095,0.412322695035461
ENSG00000100285,-0.3899428571428576,0.2187106147972598,-0.1021085443392983,0.8841683079477839,0.0095238095238095,True,0.3899428571428576,0.1021085443392983,0.0095238095238095,0.411968085106383
ENSG00000139626,0.7129895238095258,0.002077933307381,0.0195208458553644,0.6868651803414656,0.0095238095238095,True,0.7129895238095258,0.0195208458553644,0.0095238095238095,0.4114361702127659
ENSG00000103994,-0.5063552380952387,2.1048112735442686e-07,0.0608243620062189,0.846251134728994,0.0095238095238095,False,0.5063552380952387,0.0608243620062189,0.0095238095238095,0.4112588652482269
ENSG00000168016,0.1014171428571408,0.4414505250574535,0.0670248139534912,0.1254264159940921,0.019047619047619,True,0.1014171428571408,0.0670248139534912,0.019047619047619,0.4112588652482269
ENSG00000101557,0.2890790476190457,0.0118808917453639,0.1600269861651533,5.1918695317060845e-05,0.0095238095238095,True,0.2890790476190457,0.1600269861651533,0.0095238095238095,0.4107269503546099
ENSG00000106348,0.1533352380952379,0.1170492283573796,-0.2899862449032113,1.752261257598656e-09,0.0095238095238095,False,0.1533352380952379,0.2899862449032113,0.0095238095238095,0.4105496453900709
ENSG00000113263,-0.3764314285714256,0.1098316408421164,-0.1047133860701823,0.6786546786546787,0.0095238095238095,True,0.3764314285714256,0.1047133860701823,0.0095238095238095,0.41019503546099284
ENSG00000185215,-0.1133342857142825,0.3173795881143102,0.3501118465141815,2.337821756598324e-05,0.0095238095238095,False,0.1133342857142825,0.3501118465141815,0.0095238095238095,0.40966312056737586
ENSG00000155980,-0.1835057142857161,0.7062307397487314,-0.2436448701107849,0.4127477494014041,0.0095238095238095,True,0.1835057142857161,0.2436448701107849,0.0095238095238095,0.4094858156028368
ENSG00000133641,-0.0261361904761905,0.8026183006135825,-0.5448062270058749,2.043847372985949e-09,0.0095238095238095,True,0.0261361904761905,0.5448062270058749,0.0095238095238095,0.4093085106382979
ENSG00000148843,0.0379971428571419,0.7720684301168256,-0.1253918936374276,0.0010647852625267,0.019047619047619,False,0.0379971428571419,0.1253918936374276,0.019047619047619,0.4091312056737588
ENSG00000167123,-0.055180952380951,0.756953435632864,0.453703200730537,2.2092829168391223e-05,0.0095238095238095,False,0.055180952380951,0.453703200730537,0.0095238095238095,0.40895390070921983
ENSG00000198824,-0.3294419047619072,0.0004458393036589,-0.130536165370998,2.3814489591179e-05,0.0095238095238095,True,0.3294419047619072,0.130536165370998,0.0095238095238095,0.40877659574468084
ENSG00000114544,-0.2658723809523806,0.001221813343072,-0.1685329106777722,0.288419643581824,0.0095238095238095,True,0.2658723809523806,0.1685329106777722,0.0095238095238095,0.40859929078014184
ENSG00000005469,0.133659047619048,0.1890872476719767,0.3130512516540058,3.479084344743694e-07,0.0095238095238095,True,0.133659047619048,0.3130512516540058,0.0095238095238095,0.4082446808510638
ENSG00000196187,0.0881171428571416,0.8149117096477844,0.3989230337710232,1.2112313702605198e-05,0.0095238095238095,True,0.0881171428571416,0.3989230337710232,0.0095238095238095,0.4080673758865248
ENSG00000143748,0.1026952380952384,0.0815292031069774,-0.3613202105393576,2.2639564512410234e-09,0.0095238095238095,False,0.1026952380952384,0.3613202105393576,0.0095238095238095,0.40664893617021275
ENSG00000168502,0.1097304761904744,0.6886172503331809,-0.0532566087640198,0.6404576916607995,0.019047619047619,False,0.1097304761904744,0.0532566087640198,0.019047619047619,0.4059397163120567
ENSG00000105866,-0.2682714285714276,0.0068109541783799,-0.1653323658541872,0.0319428260409598,0.0095238095238095,True,0.2682714285714276,0.1653323658541872,0.0095238095238095,0.4057624113475177
ENSG00000136146,0.1846942857142863,0.016018992769375,-0.2348752204844224,7.255326532067841e-05,0.0095238095238095,False,0.1846942857142863,0.2348752204844224,0.0095238095238095,0.4057624113475177
ENSG00000163071,-0.1789552380952397,0.3270818647704641,-0.2416563363786039,0.1459791408626916,0.0095238095238095,True,0.1789552380952397,0.2416563363786039,0.0095238095238095,0.4054078014184397
ENSG00000196116,0.2418295238095247,0.0184318379127439,0.1810157967885466,4.501488193403292e-05,0.0095238095238095,True,0.2418295238095247,0.1810157967885466,0.0095238095238095,0.4052304964539007
ENSG00000122482,0.0097714285714296,0.9525401872057282,-0.1488244168820571,0.0348257141909988,0.019047619047619,False,0.0097714285714296,0.1488244168820571,0.019047619047619,0.4052304964539007
ENSG00000063854,-0.0709685714285708,0.3805632547684999,-0.4149902880346587,5.4283839698543694e-08,0.0095238095238095,True,0.0709685714285708,0.4149902880346587,0.0095238095238095,0.4048758865248227
ENSG00000197343,-0.2193847619047595,0.0011715376229894,0.2007938988156219,0.3340663460827232,0.0095238095238095,False,0.2193847619047595,0.2007938988156219,0.0095238095238095,0.40469858156028365
ENSG00000147586,-0.0896923809523819,0.2042112592690136,-0.3824394643415694,2.133139905118984e-06,0.0095238095238095,True,0.0896923809523819,0.3824394643415694,0.0095238095238095,0.40469858156028365
ENSG00000163755,0.2934761904761895,0.0001914832047405,0.1442568881534534,0.0057626329516827,0.0095238095238095,True,0.2934761904761895,0.1442568881534534,0.0095238095238095,0.40469858156028365
ENSG00000111875,-0.1950561904761887,0.0495318451656096,0.2257133308836429,0.1163075829572084,0.0095238095238095,False,0.1950561904761887,0.2257133308836429,0.0095238095238095,0.4045212765957446
ENSG00000114554,0.5140714285714303,0.0005404812257698,0.0475251304113655,0.346748789599374,0.0095238095238095,True,0.5140714285714303,0.0475251304113655,0.0095238095238095,0.40434397163120567
ENSG00000172661,-0.1723952380952358,0.0058202616393156,0.2473088192820576,0.0049399199127735,0.0095238095238095,False,0.1723952380952358,0.2473088192820576,0.0095238095238095,0.40381205673758863
ENSG00000159753,-0.3114438095238103,0.1421011639132202,0.1315278469869625,0.3225562027512624,0.0095238095238095,False,0.3114438095238103,0.1315278469869625,0.0095238095238095,0.40363475177304964
ENSG00000122705,0.1687409523809506,0.1972085164730677,0.2533456750459137,0.0015977918688228,0.0095238095238095,True,0.1687409523809506,0.2533456750459137,0.0095238095238095,0.4034574468085106
ENSG00000148516,0.1030352380952361,0.5623932214824507,0.348692513173038,0.0002094154750766,0.0095238095238095,True,0.1030352380952361,0.348692513173038,0.0095238095238095,0.4031028368794326
ENSG00000079332,0.1083323809523832,0.0222845059604814,-0.341550363765382,6.203095444224063e-09,0.0095238095238095,False,0.1083323809523832,0.341550363765382,0.0095238095238095,0.40310283687943255
ENSG00000166226,0.3303533333333348,2.259137161956796e-05,-0.1183091125508077,0.0003371834754071,0.0095238095238095,False,0.3303533333333348,0.1183091125508077,0.0095238095238095,0.40274822695035456
ENSG00000171456,-0.4493799999999996,5.519638071141491e-07,-0.0645599992710899,0.3530443756449948,0.0095238095238095,True,0.4493799999999996,0.0645599992710899,0.0095238095238095,0.4023936170212766
ENSG00000244486,0.1597590476190493,0.489965026923564,0.2627374680626673,0.0010338580334631,0.0095238095238095,True,0.1597590476190493,0.2627374680626673,0.0095238095238095,0.4023936170212766
ENSG00000101161,0.0852914285714252,0.4297502018782129,0.0669216985499794,0.0080817126363302,0.019047619047619,True,0.0852914285714252,0.0669216985499794,0.019047619047619,0.40203900709219853
ENSG00000183048,0.0295104761904756,0.5126900282852992,-0.5038801833029787,0.0001765390063126,0.0095238095238095,False,0.0295104761904756,0.5038801833029787,0.0095238095238095,0.4015070921985815
ENSG00000182400,0.1454142857142866,0.0728919103042214,0.2822273659729077,2.790617692303878e-07,0.0095238095238095,True,0.1454142857142866,0.2822273659729077,0.0095238095238095,0.40026595744680843
ENSG00000107651,0.2254000000000005,0.0001715402434449,-0.1882197596479784,1.342921839689664e-06,0.0095238095238095,False,0.2254000000000005,0.1882197596479784,0.0095238095238095,0.40026595744680843
ENSG00000162889,-0.0480276190476214,0.3192920359723106,0.4471324632461027,2.373290919859118e-13,0.0095238095238095,False,0.0480276190476214,0.4471324632461027,0.0095238095238095,0.4000886524822695
ENSG00000139687,0.2197104761904764,0.007226496423708,0.1917241647701573,2.0151768244387252e-05,0.0095238095238095,True,0.2197104761904764,0.1917241647701573,0.0095238095238095,0.39991134751773044
ENSG00000102271,-0.1519771428571434,0.4702312542419933,0.2661129560813915,0.2676767676767677,0.0095238095238095,False,0.1519771428571434,0.2661129560813915,0.0095238095238095,0.3988475177304964
ENSG00000150995,-0.4440285714285714,0.0001149472113012,0.061047794960455,0.325048612648295,0.0095238095238095,False,0.4440285714285714,0.061047794960455,0.0095238095238095,0.3984929078014184
ENSG00000158417,0.1047038095238068,0.3470212556759803,-0.3359121221512033,0.0011127839462966,0.0095238095238095,False,0.1047038095238068,0.3359121221512033,0.0095238095238095,0.3984929078014184
ENSG00000100813,-0.0465180952380954,0.4533129074322559,-0.0582308396680737,0.0146639317462864,0.0285714285714285,True,0.0465180952380954,0.0582308396680737,0.0285714285714285,0.3976063829787234
ENSG00000048471,-0.2353914285714253,0.0351154104483276,0.1747930818801357,0.0001300990017164,0.0095238095238095,False,0.2353914285714253,0.1747930818801357,0.0095238095238095,0.3970744680851063
ENSG00000186088,0.1064504761904761,0.2631680746300489,0.326089153551738,0.1267869944970439,0.0095238095238095,True,0.1064504761904761,0.326089153551738,0.0095238095238095,0.39671985815602834
ENSG00000164463,-0.1227866666666646,0.3914261466041947,-0.3043431307976334,0.0144594986784554,0.0095238095238095,True,0.1227866666666646,0.3043431307976334,0.0095238095238095,0.39671985815602834
ENSG00000196365,0.0059266666666673,0.8801494846977875,-0.5468361341246961,4.597464540109569e-09,0.0095238095238095,False,0.0059266666666673,0.5468361341246961,0.0095238095238095,0.3965425531914893
ENSG00000177963,0.1164704761904769,0.0735250602275874,0.3093418413811015,2.691005831372658e-12,0.0095238095238095,True,0.1164704761904769,0.3093418413811015,0.0095238095238095,0.3961879432624113
ENSG00000198929,0.3768647619047636,0.0538232945173569,-0.0856786707608066,0.302415219421714,0.0095238095238095,False,0.3768647619047636,0.0856786707608066,0.0095238095238095,0.3960106382978723
ENSG00000067248,-0.0460038095238068,0.4628800513934916,-0.4390656677141002,1.8271117947024693e-12,0.0095238095238095,True,0.0460038095238068,0.4390656677141002,0.0095238095238095,0.3958333333333333
ENSG00000046651,0.0611466666666693,0.6596172895992798,-0.4054341656677493,2.791526511152168e-06,0.0095238095238095,False,0.0611466666666693,0.4054341656677493,0.0095238095238095,0.3958333333333333
ENSG00000176435,-0.5622390476190517,6.141274196749961e-05,-0.0226195528829862,0.5549211474689819,0.0095238095238095,True,0.5622390476190517,0.0226195528829862,0.0095238095238095,0.3949468085106383
ENSG00000085982,-0.1382180952380967,0.0110989790398313,0.0127988814522623,0.8141227892542897,0.019047619047619,False,0.1382180952380967,0.0127988814522623,0.019047619047619,0.39459219858156025
ENSG00000023191,-0.0064142857142854,0.8645253308684703,0.5334635148834153,6.176308953240247e-11,0.0095238095238095,False,0.0064142857142854,0.5334635148834153,0.0095238095238095,0.3942375886524822
ENSG00000204120,-0.1188238095238123,0.004964885159779,-0.3048624834568834,3.8349051517887016e-10,0.0095238095238095,True,0.1188238095238123,0.3048624834568834,0.0095238095238095,0.3938829787234042
ENSG00000118412,-0.0481628571428576,0.4413918344479495,-0.4283955943242219,0.0436695895706931,0.0095238095238095,True,0.0481628571428576,0.4283955943242219,0.0095238095238095,0.3938829787234042
ENSG00000117000,0.2408295238095252,0.0108561548564215,-0.1661721521519936,0.1422205254090623,0.0095238095238095,False,0.2408295238095252,0.1661721521519936,0.0095238095238095,0.3937056737588652
ENSG00000157654,-0.0482980952380938,0.7032735337813681,0.4270636281901403,1.6199227865539073e-06,0.0095238095238095,False,0.0482980952380938,0.4270636281901403,0.0095238095238095,0.3937056737588652
ENSG00000089048,0.1558714285714248,0.0909830238904821,-0.2463435557876891,9.73866355782094e-05,0.0095238095238095,False,0.1558714285714248,0.2463435557876891,0.0095238095238095,0.39352836879432623
ENSG00000141524,0.531333333333329,0.0002105633471078,-0.0277800665190746,0.2743902513997516,0.0095238095238095,False,0.531333333333329,0.0277800665190746,0.0095238095238095,0.3935283687943262
ENSG00000119638,-0.3900514285714305,7.813871208328422e-07,0.0738582299652748,0.045556277833782,0.0095238095238095,False,0.3900514285714305,0.0738582299652748,0.0095238095238095,0.3929964539007092
ENSG00000196440,-0.5417971428571402,7.505134105694721e-05,0.0241810835906122,0.6312929280049928,0.0095238095238095,False,0.5417971428571402,0.0241810835906122,0.0095238095238095,0.39281914893617015
ENSG00000163092,-0.0941276190476191,0.4646390744570131,0.3403172379281116,0.4248746887237351,0.0095238095238095,False,0.0941276190476191,0.3403172379281116,0.0095238095238095,0.39281914893617015
ENSG00000102738,-0.1024695238095247,0.1054813011041476,-0.3238259424786847,0.0001257720622618,0.0095238095238095,True,0.1024695238095247,0.3238259424786847,0.0095238095238095,0.3926418439716312
ENSG00000135605,0.1381571428571426,0.0589476987796393,0.2712633051219768,0.6498178819643419,0.0095238095238095,True,0.1381571428571426,0.2712633051219768,0.0095238095238095,0.3926418439716312
ENSG00000007376,0.14202857142857,0.422865987184239,-0.2646004468877621,0.4121212121212121,0.0095238095238095,False,0.14202857142857,0.2646004468877621,0.0095238095238095,0.39246453900709216
ENSG00000120509,0.4836999999999989,9.182235288186348e-09,0.0418378680853379,0.3502001942354852,0.0095238095238095,True,0.4836999999999989,0.0418378680853379,0.0095238095238095,0.3921099290780142
ENSG00000134152,0.2719085714285718,0.0242181670283776,-0.1371154664420757,0.4421460892049127,0.0095238095238095,False,0.2719085714285718,0.1371154664420757,0.0095238095238095,0.39175531914893613
ENSG00000077312,0.3185561904761922,1.3448231101163368e-05,-0.1065932324410248,0.0029072747804055,0.0095238095238095,False,0.3185561904761922,0.1065932324410248,0.0095238095238095,0.39157801418439714
ENSG00000133216,-0.3635361904761911,0.0321506416672721,-0.0861673940762202,0.2219620715282292,0.0095238095238095,True,0.3635361904761911,0.0861673940762202,0.0095238095238095,0.3908687943262411
ENSG00000080815,0.455107619047622,5.962021083614587e-08,0.0484820628890112,0.452588885144776,0.0095238095238095,True,0.455107619047622,0.0484820628890112,0.0095238095238095,0.3908687943262411
ENSG00000127125,0.1307057142857157,0.130576264776425,0.280996333095608,4.3301343964209806e-07,0.0095238095238095,True,0.1307057142857157,0.280996333095608,0.0095238095238095,0.3906914893617021
ENSG00000108256,0.3749733333333349,2.511978122071719e-05,0.0802242363707428,0.034700575334563,0.0095238095238095,True,0.3749733333333349,0.0802242363707428,0.0095238095238095,0.3906914893617021
ENSG00000121068,-0.3202914285714282,0.0988364688551603,0.1046479655566265,0.922263625056274,0.0095238095238095,False,0.3202914285714282,0.1046479655566265,0.0095238095238095,0.3906914893617021
ENSG00000163930,-0.2802571428571418,0.0002007440339638,-0.1313892829601854,0.0253458194419249,0.0095238095238095,True,0.2802571428571418,0.1313892829601854,0.0095238095238095,0.39051418439716307
ENSG00000106346,-0.0961038095238109,0.0894811923505255,-0.3267224051432436,0.0932355987798768,0.0095238095238095,True,0.0961038095238109,0.3267224051432436,0.0095238095238095,0.3899822695035461
ENSG00000000457,-0.0406133333333329,0.5812706545819276,-0.4280063902377016,4.425526845602829e-07,0.0095238095238095,True,0.0406133333333329,0.4280063902377016,0.0095238095238095,0.38838652482269503
ENSG00000065989,-0.2445438095238099,0.0430234766455333,-0.1534509033787685,0.5518457296454997,0.0095238095238095,True,0.2445438095238099,0.1534509033787685,0.0095238095238095,0.388209219858156
ENSG00000036549,0.0916180952380951,0.2857984966489928,-0.3277405022232962,0.0001773365614509,0.0095238095238095,False,0.0916180952380951,0.3277405022232962,0.0095238095238095,0.388031914893617
ENSG00000188994,0.0727857142857164,0.4949481053343041,-0.3549779281162699,0.0007041784239792,0.0095238095238095,False,0.0727857142857164,0.3549779281162699,0.0095238095238095,0.388031914893617
ENSG00000101654,0.2399933333333326,0.0347782655909729,0.1569917935594382,0.000427497481492,0.0095238095238095,True,0.2399933333333326,0.1569917935594382,0.0095238095238095,0.38785460992907794
ENSG00000196834,-0.4849523809523806,0.0822446636366868,0.0371969954357069,0.5042096019644626,0.0095238095238095,False,0.4849523809523806,0.0371969954357069,0.0095238095238095,0.3869680851063829
ENSG00000126777,0.2761171428571423,0.0016984288963943,0.1301106374007581,0.0024003113033354,0.0095238095238095,True,0.2761171428571423,0.1301106374007581,0.0095238095238095,0.3867907801418439
ENSG00000137094,-0.2865580952380941,0.0218323705433391,-0.1214123716103721,0.2700077822154754,0.0095238095238095,True,0.2865580952380941,0.1214123716103721,0.0095238095238095,0.3864361702127659
ENSG00000187391,-0.3960000000000008,0.00311746190098,-0.0610392072854608,0.9882191753708648,0.0095238095238095,True,0.3960000000000008,0.0610392072854608,0.0095238095238095,0.38590425531914896
ENSG00000130827,0.2445180952380941,0.0198541257307184,0.1501676874230639,0.2598916974173572,0.0095238095238095,True,0.2445180952380941,0.1501676874230639,0.0095238095238095,0.3857269503546099
ENSG00000153956,-0.0495399999999985,0.7720799759842438,0.4018645598120294,5.556548481826914e-08,0.0095238095238095,False,0.0495399999999985,0.4018645598120294,0.0095238095238095,0.38554964539007086
ENSG00000198176,0.3205352380952391,0.0001885383381912,-0.0979620935581984,0.1914793144164048,0.0095238095238095,False,0.3205352380952391,0.0979620935581984,0.0095238095238095,0.3853723404255319
ENSG00000169397,0.0337152380952385,0.8864191106418802,0.435025383599342,0.0157090181286079,0.0095238095238095,True,0.0337152380952385,0.435025383599342,0.0095238095238095,0.38537234042553187
ENSG00000107863,0.2925942857142853,0.0002579191466172,0.108985859995176,0.0057626329516827,0.0095238095238095,True,0.2925942857142853,0.108985859995176,0.0095238095238095,0.38430851063829785
ENSG00000135250,-0.0437857142857129,0.6003725472273764,-0.4067945256371104,2.2412430476124677e-10,0.0095238095238095,True,0.0437857142857129,0.4067945256371104,0.0095238095238095,0.3832446808510638
ENSG00000090530,0.334774285714289,0.1378375853971669,-0.0853676837793315,0.3896337380350428,0.0095238095238095,False,0.334774285714289,0.0853676837793315,0.0095238095238095,0.3832446808510638
ENSG00000133401,-0.1681114285714304,0.418274694412876,0.2104505613118732,0.0777528892024952,0.0095238095238095,False,0.1681114285714304,0.2104505613118732,0.0095238095238095,0.3828900709219858
ENSG00000136205,-0.3761704761904791,2.3824858094800257e-05,-0.0679704079555207,0.0222187188330403,0.0095238095238095,True,0.3761704761904791,0.0679704079555207,0.0095238095238095,0.3828900709219858
ENSG00000109654,0.0116638095238084,0.7599770838766129,-0.475860786995721,1.9051777757243647e-10,0.0095238095238095,False,0.0116638095238084,0.475860786995721,0.0095238095238095,0.38271276595744674
ENSG00000171617,0.2826009523809532,0.0438426277217487,0.1150659740241017,0.3991327602075405,0.0095238095238095,True,0.2826009523809532,0.1150659740241017,0.0095238095238095,0.38271276595744674
ENSG00000064933,-0.0953114285714278,0.226204829708343,-0.3084076625724776,0.0015746082138474,0.0095238095238095,True,0.0953114285714278,0.3084076625724776,0.0095238095238095,0.38218085106382976
ENSG00000105983,-0.0262095238095216,0.6311425135572084,0.4394688759338283,0.061437908496732,0.0095238095238095,False,0.0262095238095216,0.4394688759338283,0.0095238095238095,0.38200354609929077
ENSG00000100227,-0.2163828571428556,0.002103891155478,0.1653764160822852,0.0007671801788862,0.0095238095238095,False,0.2163828571428556,0.1653764160822852,0.0095238095238095,0.3818262411347517
ENSG00000085185,-0.2130714285714292,0.0633345092829156,-0.1667657291207227,0.1645841365768086,0.0095238095238095,True,0.2130714285714292,0.1667657291207227,0.0095238095238095,0.38147163120567373
ENSG00000214944,-0.0899542857142847,0.5255277847560056,-0.3134939747681322,1.5795024653608748e-05,0.0095238095238095,True,0.0899542857142847,0.3134939747681322,0.0095238095238095,0.38111702127659575
ENSG00000108883,0.2330352380952423,0.0025308328024964,0.1525449073184752,4.425526845602829e-07,0.0095238095238095,True,0.2330352380952423,0.1525449073184752,0.0095238095238095,0.38111702127659575
ENSG00000240303,-0.3452466666666645,0.0003007667864975,0.0782520125600427,1.0,0.0095238095238095,False,0.3452466666666645,0.0782520125600427,0.0095238095238095,0.3811170212765957
ENSG00000069869,0.241620000000001,0.0390887614036947,0.1411645361033038,0.0006492812942832,0.0095238095238095,True,0.241620000000001,0.1411645361033038,0.0095238095238095,0.3807624113475177
ENSG00000134824,-0.0112695238095206,0.9272880286772218,0.103518644386547,0.6452517822669305,0.019047619047619,False,0.0112695238095206,0.103518644386547,0.019047619047619,0.38023049645390067
ENSG00000149357,-0.0160066666666711,0.9556993453656664,0.4488681056205799,1.1354362553992978e-06,0.0095238095238095,False,0.0160066666666711,0.4488681056205799,0.0095238095238095,0.3798758865248227
ENSG00000150764,-0.4438714285714269,0.0001394404758986,0.0377902641245775,0.913518763456264,0.0095238095238095,False,0.4438714285714269,0.0377902641245775,0.0095238095238095,0.37969858156028363
ENSG00000129680,-0.349734285714284,0.005615835683426,-0.0728380894627953,0.7628878110306341,0.0095238095238095,True,0.349734285714284,0.0728380894627953,0.0095238095238095,0.37952127659574464
ENSG00000163378,0.1346714285714263,0.1864014847563806,0.2456245701170338,2.445546585577613e-06,0.0095238095238095,True,0.1346714285714263,0.2456245701170338,0.0095238095238095,0.37952127659574464
ENSG00000240764,-0.0684752380952371,0.5229632060217284,0.340410655615873,0.0651989355663789,0.0095238095238095,False,0.0684752380952371,0.340410655615873,0.0095238095238095,0.37916666666666665
ENSG00000126001,0.0455714285714314,0.6711470535037102,-0.3918762803442064,6.021683716981457e-10,0.0095238095238095,False,0.0455714285714314,0.3918762803442064,0.0095238095238095,0.37916666666666665
ENSG00000198589,-0.0637980952380932,0.3531732666273828,-0.3465159577031826,3.3919140830351274e-08,0.0095238095238095,True,0.0637980952380932,0.3465159577031826,0.0095238095238095,0.3789893617021276
ENSG00000166847,0.1071980952380933,0.0940539147982796,-0.284616563639851,6.393415408957921e-07,0.0095238095238095,False,0.1071980952380933,0.284616563639851,0.0095238095238095,0.37828014184397163
ENSG00000175084,-0.4534657142857154,0.30227019201582,0.0321362258279229,0.9022995804397108,0.0095238095238095,False,0.4534657142857154,0.0321362258279229,0.0095238095238095,0.37828014184397163
ENSG00000179855,0.2186219047619051,0.1464617391332887,-0.1574978142491936,0.1958841585553448,0.0095238095238095,False,0.2186219047619051,0.1574978142491936,0.0095238095238095,0.3782801418439716
ENSG00000185453,-0.2237961904761904,0.0925170005191989,-0.1533706263094956,0.7749766573295984,0.0095238095238095,True,0.2237961904761904,0.1533706263094956,0.0095238095238095,0.3781028368794326
ENSG00000052126,0.310537142857143,0.0014225164903578,0.0923342647423481,0.0179973957647507,0.0095238095238095,True,0.310537142857143,0.0923342647423481,0.0095238095238095,0.3779255319148936
ENSG00000065613,0.5294514285714307,4.858661025808918e-06,-0.0070076088741792,0.6426623713797366,0.0095238095238095,False,0.5294514285714307,0.0070076088741792,0.0095238095238095,0.3777482269503546
ENSG00000213672,-0.0598752380952358,0.5307354399398814,0.0546015258014485,0.823825839275562,0.019047619047619,False,0.0598752380952358,0.0546015258014485,0.019047619047619,0.37757092198581554
ENSG00000056097,0.0518466666666661,0.261464051157211,-0.0607586246558859,0.0135225270656373,0.019047619047619,False,0.0518466666666661,0.0607586246558859,0.019047619047619,0.37703900709219856
ENSG00000107331,-0.32013523809524,0.0337735955458471,0.087120425456316,0.8966210600993209,0.0095238095238095,False,0.32013523809524,0.087120425456316,0.0095238095238095,0.3768617021276595
ENSG00000138792,-0.3523780952380946,0.0155095928544776,-0.0678189206538704,0.3878847304973346,0.0095238095238095,True,0.3523780952380946,0.0678189206538704,0.0095238095238095,0.37650709219858153
ENSG00000136104,-0.2924961904761876,0.0004945404682135,0.1006401597323218,0.0674190543795283,0.0095238095238095,False,0.2924961904761876,0.1006401597323218,0.0095238095238095,0.3765070921985815
ENSG00000010165,0.1941419047619081,0.0296803207055527,-0.1716921671077322,0.0005155107298759,0.0095238095238095,False,0.1941419047619081,0.1716921671077322,0.0095238095238095,0.3756205673758865
ENSG00000144028,-0.0718809523809529,0.2581315156033916,-0.0413701404068511,0.0752503889314023,0.019047619047619,True,0.0718809523809529,0.0413701404068511,0.019047619047619,0.3756205673758865
ENSG00000102038,-0.3779152380952375,0.0053474672716358,-0.0573788279139471,0.4255208798496565,0.0095238095238095,True,0.3779152380952375,0.0573788279139471,0.0095238095238095,0.3754432624113475
ENSG00000113441,0.1619266666666661,0.02071197645721,0.2030815125057294,7.006168892072749e-05,0.0095238095238095,True,0.1619266666666661,0.2030815125057294,0.0095238095238095,0.37526595744680846
ENSG00000131711,-0.5386942857142856,0.0097949006303031,-4.9032494949585725e-05,0.8563562281550097,0.0095238095238095,True,0.5386942857142856,4.9032494949585725e-05,0.0095238095238095,0.37508865248226947
ENSG00000139219,0.1905885714285713,0.7088518260985266,0.1725448727214562,0.1703336557188435,0.0095238095238095,True,0.1905885714285713,0.1725448727214562,0.0095238095238095,0.37508865248226947
ENSG00000133103,-0.0557114285714259,0.91152933968301,0.3477667682149636,3.234904342366112e-08,0.0095238095238095,False,0.0557114285714259,0.3477667682149636,0.0095238095238095,0.3747340425531914
ENSG00000137449,0.1127961904761907,0.2840396562639148,0.0074009682898434,0.9029160981449098,0.019047619047619,True,0.1127961904761907,0.0074009682898434,0.019047619047619,0.3747340425531914
ENSG00000113569,0.3276123809523827,5.360562031057803e-05,0.0780474342298589,0.0281592672541611,0.0095238095238095,True,0.3276123809523827,0.0780474342298589,0.0095238095238095,0.3747340425531914
ENSG00000136628,0.1256390476190461,0.0729063392532919,-0.2464789450441955,0.0005832750766842,0.0095238095238095,False,0.1256390476190461,0.2464789450441955,0.0095238095238095,0.37455673758865243
ENSG00000001561,0.0705171428571436,0.5126709957459329,0.3217003013536867,3.4350102364721986e-05,0.0095238095238095,True,0.0705171428571436,0.3217003013536867,0.0095238095238095,0.37402482269503545
ENSG00000164961,0.1802695238095246,0.0036785963897196,0.178483420690938,3.234904342366112e-08,0.0095238095238095,True,0.1802695238095246,0.178483420690938,0.0095238095238095,0.37402482269503545
ENSG00000132604,-0.1898085714285713,0.0038710672665268,0.1713535749150061,0.0090228920023976,0.0095238095238095,False,0.1898085714285713,0.1713535749150061,0.0095238095238095,0.3738475177304964
ENSG00000113649,0.3234352380952359,1.2411016579390333e-06,0.0797024357406321,0.0008270904851681,0.0095238095238095,True,0.3234352380952359,0.0797024357406321,0.0095238095238095,0.3738475177304964
ENSG00000169499,0.0199000000000015,0.8864112748673718,0.4251892728875255,7.947134966372271e-09,0.0095238095238095,True,0.0199000000000015,0.4251892728875255,0.0095238095238095,0.37313829787234043
ENSG00000082269,0.4302628571428624,0.0017214702806446,0.0327545721092228,0.5065746625576311,0.0095238095238095,True,0.4302628571428624,0.0327545721092228,0.0095238095238095,0.37225177304964535
ENSG00000108799,-0.3029438095238106,6.42129063540336e-06,-0.0885924513794691,0.1842529050552139,0.0095238095238095,True,0.3029438095238106,0.0885924513794691,0.0095238095238095,0.37225177304964535
ENSG00000113161,0.3898971428571425,0.0003502468925176,-0.0479710229379719,0.3732361065254136,0.0095238095238095,False,0.3898971428571425,0.0479710229379719,0.0095238095238095,0.37225177304964535
ENSG00000137221,-0.0714019047619061,0.1661423443510303,0.3157304566711154,0.0194629624815682,0.0095238095238095,False,0.0714019047619061,0.3157304566711154,0.0095238095238095,0.37171985815602837
ENSG00000150471,-0.0598847619047626,0.943065969189243,-0.3349226790373301,0.556502261845883,0.0095238095238095,True,0.0598847619047626,0.3349226790373301,0.0095238095238095,0.3713652482269503
ENSG00000127463,0.091997142857144,0.3173526979035166,-0.2893628215892008,1.2878708420246216e-06,0.0095238095238095,False,0.091997142857144,0.2893628215892008,0.0095238095238095,0.37083333333333335
ENSG00000133138,-0.2312219047619024,0.0004524267957194,-0.1342825340659708,0.0078848953802386,0.0095238095238095,True,0.2312219047619024,0.1342825340659708,0.0095238095238095,0.3708333333333333
ENSG00000184838,0.3739466666666651,0.0279453213886692,-0.0541916379507867,0.3477686564643086,0.0095238095238095,False,0.3739466666666651,0.0541916379507867,0.0095238095238095,0.3708333333333333
ENSG00000095002,0.2284647619047639,0.0078496179898327,0.1346140031342102,0.0823302330721603,0.0095238095238095,True,0.2284647619047639,0.1346140031342102,0.0095238095238095,0.37012411347517726
ENSG00000075568,0.015200952380951,0.8365319151535704,-0.4237161119673445,3.2337717121075627e-06,0.0095238095238095,False,0.015200952380951,0.4237161119673445,0.0095238095238095,0.3699468085106382
ENSG00000171777,-0.3239809523809533,0.0012395278006504,0.0720191585312619,0.9436280222029834,0.0095238095238095,False,0.3239809523809533,0.0720191585312619,0.0095238095238095,0.3697695035460993
ENSG00000158352,-0.280540952380953,0.0232354512448219,-0.0973370888278637,0.5918110172915427,0.0095238095238095,True,0.280540952380953,0.0973370888278637,0.0095238095238095,0.3695921985815602
ENSG00000107951,-0.0156390476190466,0.741904917000447,-0.4205883223569735,9.459839356870073e-08,0.0095238095238095,True,0.0156390476190466,0.4205883223569735,0.0095238095238095,0.36923758865248224
ENSG00000136040,-0.0010028571428541,0.4557117820039098,0.4499150649162651,6.966583841120439e-07,0.0095238095238095,False,0.0010028571428541,0.4499150649162651,0.0095238095238095,0.36923758865248224
ENSG00000103174,-0.0105447619047609,0.7934271955119041,-0.4295462752924557,0.070985635252183,0.0095238095238095,True,0.0105447619047609,0.4295462752924557,0.0095238095238095,0.3687056737588652
ENSG00000125503,-0.181005714285714,0.0754749587254655,0.1692010752541826,7.625896191611951e-06,0.0095238095238095,False,0.181005714285714,0.1692010752541826,0.0095238095238095,0.3683510638297872
ENSG00000178445,-0.1569714285714285,0.7934282471197338,-0.1946657057093048,0.3393699626229953,0.0095238095238095,True,0.1569714285714285,0.1946657057093048,0.0095238095238095,0.3678191489361702
ENSG00000134369,-0.1303438095238114,0.512672459865864,0.227043262994286,6.531935446420411e-05,0.0095238095238095,False,0.1303438095238114,0.227043262994286,0.0095238095238095,0.36764184397163113
ENSG00000196189,-0.1443819047619055,0.2013999509409869,0.209263225715496,0.1446488669992802,0.0095238095238095,False,0.1443819047619055,0.209263225715496,0.0095238095238095,0.36764184397163113
ENSG00000121440,-0.2791333333333305,0.3389631066339093,0.0955219996543412,0.6774737802013717,0.0095238095238095,False,0.2791333333333305,0.0955219996543412,0.0095238095238095,0.36728723404255315
ENSG00000146457,-0.0764095238095219,0.1958328072761881,0.3000117090357648,1.244266388572942e-07,0.0095238095238095,False,0.0764095238095219,0.3000117090357648,0.0095238095238095,0.36710992907801415
ENSG00000105053,0.1064761904761901,0.0956257398904309,-0.2583416239285121,0.0014373519924675,0.0095238095238095,False,0.1064761904761901,0.2583416239285121,0.0095238095238095,0.36710992907801415
ENSG00000135124,-0.3948171428571445,0.0011885572327433,0.0377421401541937,0.9585162244649093,0.0095238095238095,False,0.3948171428571445,0.0377421401541937,0.0095238095238095,0.36693262411347516
ENSG00000110497,0.0109752380952379,0.9746738026323124,0.4225015920100716,0.0002863582991665,0.0095238095238095,True,0.0109752380952379,0.4225015920100716,0.0095238095238095,0.36657801418439717
ENSG00000112659,-0.2189171428571441,0.0023400644179321,-0.1359603551772679,0.1368463990978176,0.0095238095238095,True,0.2189171428571441,0.1359603551772679,0.0095238095238095,0.36622340425531913
ENSG00000163939,-0.1631895238095246,0.0117489814921974,0.1835961465469324,0.0002483239610721,0.0095238095238095,False,0.1631895238095246,0.1835961465469324,0.0095238095238095,0.3658687943262411
ENSG00000127989,0.1100876190476185,0.1877504423009522,-0.2497515423133514,0.2125432751706885,0.0095238095238095,False,0.1100876190476185,0.2497515423133514,0.0095238095238095,0.3658687943262411
ENSG00000159788,-0.0264723809523808,0.7964843230330783,0.3913670830450613,0.00340681692655,0.0095238095238095,False,0.0264723809523808,0.3913670830450613,0.0095238095238095,0.36569148936170215
ENSG00000110446,-0.0403161904761919,0.2734849806330849,0.3593366407127334,0.066783583513455,0.0095238095238095,False,0.0403161904761919,0.3593366407127334,0.0095238095238095,0.3651595744680851
ENSG00000159069,-0.0475590476190461,0.6915268146282314,-0.0514956677161713,0.7768226016645634,0.019047619047619,True,0.0475590476190461,0.0514956677161713,0.019047619047619,0.36498226950354606
ENSG00000107815,-0.045893333333332,0.7269763684978968,-0.3464388763682002,0.1473756186230467,0.0095238095238095,True,0.045893333333332,0.3464388763682002,0.0095238095238095,0.364804964539007
ENSG00000176978,-0.3530447619047603,0.0082260093926661,0.0529144462810258,0.3588513401184302,0.0095238095238095,False,0.3530447619047603,0.0529144462810258,0.0095238095238095,0.3646276595744681
ENSG00000153487,0.1192419047619033,0.0638966301987722,-0.233839058880541,0.0034176422014317,0.0095238095238095,False,0.1192419047619033,0.233839058880541,0.0095238095238095,0.3646276595744681
ENSG00000163564,-0.4140285714285729,0.062213501151392,0.0263537818966952,0.3352035894673982,0.0095238095238095,False,0.4140285714285729,0.0263537818966952,0.0095238095238095,0.3646276595744681
ENSG00000137601,-0.2953361904761902,0.0071418290768799,-0.0807260562275686,0.1123954646940816,0.0095238095238095,True,0.2953361904761902,0.0807260562275686,0.0095238095238095,0.36374113475177305
ENSG00000073910,-0.3263542857142862,0.0114899244506214,-0.0631938250306269,0.3200704963000582,0.0095238095238095,True,0.3263542857142862,0.0631938250306269,0.0095238095238095,0.363563829787234
ENSG00000136848,-0.1193000000000008,0.3741226996818646,0.2299436538005856,2.471038138731573e-05,0.0095238095238095,False,0.1193000000000008,0.2299436538005856,0.0095238095238095,0.363209219858156
ENSG00000103479,-0.2880695238095185,0.000177138815569,-0.0838657967732068,0.5104168103623232,0.0095238095238095,True,0.2880695238095185,0.0838657967732068,0.0095238095238095,0.36303191489361697
ENSG00000008282,0.4261685714285725,0.0002041279730119,-0.020484711802819,0.6426623713797366,0.0095238095238095,False,0.4261685714285725,0.020484711802819,0.0095238095238095,0.362854609929078
ENSG00000120899,-0.0684742857142861,0.4949248821477358,0.3019924118594055,0.0002251816374776,0.0095238095238095,False,0.0684742857142861,0.3019924118594055,0.0095238095238095,0.362677304964539
ENSG00000149115,0.146705714285714,0.1420852400810136,0.1978103863232547,6.099163035454523e-08,0.0095238095238095,True,0.146705714285714,0.1978103863232547,0.0095238095238095,0.362677304964539
ENSG00000171453,0.120815238095238,0.3531807895771945,-0.2272199725155381,0.0002251816374776,0.0095238095238095,False,0.120815238095238,0.2272199725155381,0.0095238095238095,0.3625
ENSG00000185963,-0.0471314285714274,0.3429304618568275,0.3374917942116653,3.71579998769021e-07,0.0095238095238095,False,0.0471314285714274,0.3374917942116653,0.0095238095238095,0.36249999999999993
ENSG00000164244,0.1415780952380956,0.1420693157115725,-0.2022131273423824,0.0030691014692796,0.0095238095238095,False,0.1415780952380956,0.2022131273423824,0.0095238095238095,0.362322695035461
ENSG00000103381,0.0920838095238085,0.3914343704353563,0.2688541805767634,5.7742838228547056e-05,0.0095238095238095,True,0.0920838095238085,0.2688541805767634,0.0095238095238095,0.36232269503546094
ENSG00000126698,0.0372838095238101,0.7539085865430615,-0.3564902044397264,6.8945560087566274e-12,0.0095238095238095,False,0.0372838095238101,0.3564902044397264,0.0095238095238095,0.36214539007092195
ENSG00000117143,0.0403476190476173,0.8801536154088522,-0.3475714895124504,1.801511345728912e-05,0.0095238095238095,False,0.0403476190476173,0.3475714895124504,0.0095238095238095,0.36196808510638295
ENSG00000039650,0.0670190476190484,0.7903683683471425,-0.0270151803463285,0.7470761936774952,0.019047619047619,False,0.0670190476190484,0.0270151803463285,0.019047619047619,0.36196808510638295
ENSG00000102893,0.0544190476190458,0.1601212646573653,-0.3153359205135295,4.622430094350544e-07,0.0095238095238095,False,0.0544190476190458,0.3153359205135295,0.0095238095238095,0.36108156028368793
ENSG00000170322,-0.1980428571428607,0.0020482174578035,-0.1430230874956244,0.0006274144290466,0.0095238095238095,True,0.1980428571428607,0.1430230874956244,0.0095238095238095,0.3610815602836879
ENSG00000167394,0.2357466666666665,0.1486811294503434,-0.1115105401555709,0.2944642192227009,0.0095238095238095,False,0.2357466666666665,0.1115105401555709,0.0095238095238095,0.3596631205673758
ENSG00000125755,0.0637352380952371,0.5596820190100134,-0.0265439636051141,0.2188282224529859,0.019047619047619,False,0.0637352380952371,0.0265439636051141,0.019047619047619,0.3594858156028369
ENSG00000184014,-0.3779190476190486,3.877446965426879e-05,0.0371991392044179,0.2837861462286272,0.0095238095238095,False,0.3779190476190486,0.0371991392044179,0.0095238095238095,0.35930851063829783
ENSG00000008838,0.0376371428571413,0.9335934230630606,0.0154259816132338,0.2966469879261721,0.0285714285714285,True,0.0376371428571413,0.0154259816132338,0.0285714285714285,0.35895390070921984
ENSG00000165006,0.1553000000000004,0.3212205055646068,-0.1783696279941011,0.0003265902508067,0.0095238095238095,False,0.1553000000000004,0.1783696279941011,0.0095238095238095,0.35895390070921984
ENSG00000070814,0.152078095238096,0.177317496083933,-0.1816198204075121,3.479084344743694e-07,0.0095238095238095,False,0.152078095238096,0.1816198204075121,0.0095238095238095,0.3584219858156028
ENSG00000145388,-0.1398447619047598,0.0513790342508166,-0.1966007861947076,9.248882813078531e-05,0.0095238095238095,True,0.1398447619047598,0.1966007861947076,0.0095238095238095,0.3584219858156028
ENSG00000143751,0.1678533333333316,0.0302643575319468,-0.1672042347241173,0.0038525476813689,0.0095238095238095,False,0.1678533333333316,0.1672042347241173,0.0095238095238095,0.35789007092198577
ENSG00000198646,0.0768028571428569,0.271688226658572,0.0144961782347969,0.225127936873455,0.019047619047619,True,0.0768028571428569,0.0144961782347969,0.019047619047619,0.3577127659574468
ENSG00000272333,-0.1280400000000039,0.2418127528179003,-0.2078647866166925,0.1368463990978176,0.0095238095238095,True,0.1280400000000039,0.2078647866166925,0.0095238095238095,0.35735815602836873
ENSG00000143207,0.181328571428569,0.0087163603018193,-0.1517176053719247,0.0360891759560632,0.0095238095238095,False,0.181328571428569,0.1517176053719247,0.0095238095238095,0.3562943262411347
ENSG00000164327,0.0802495238095222,0.5411662087127864,0.268715563662294,3.512326982502653e-12,0.0095238095238095,True,0.0802495238095222,0.268715563662294,0.0095238095238095,0.3561170212765957
ENSG00000172500,0.1667466666666666,0.0184283851884352,0.1660273926132198,0.0006492812942832,0.0095238095238095,True,0.1667466666666666,0.1660273926132198,0.0095238095238095,0.35576241134751774
ENSG00000170871,-0.0571761904761913,0.3870539328466412,-0.3012519583919051,0.1751630012499577,0.0095238095238095,True,0.0571761904761913,0.3012519583919051,0.0095238095238095,0.35540780141843964
ENSG00000186174,0.4429933333333355,0.0012393090406194,-0.0035273326707887,0.3743109570458042,0.0095238095238095,False,0.4429933333333355,0.0035273326707887,0.0095238095238095,0.3548758865248227
ENSG00000168066,-0.3094295238095235,4.3695653706027786e-05,0.0609345821849842,0.1171821794865375,0.0095238095238095,False,0.3094295238095235,0.0609345821849842,0.0095238095238095,0.35469858156028367
ENSG00000152291,0.0723085714285716,0.3022542427432081,-0.2775716038066171,0.0003480975143153,0.0095238095238095,False,0.0723085714285716,0.2775716038066171,0.0095238095238095,0.35469858156028367
ENSG00000084774,-0.1492999999999984,0.059998930043106,0.1802953235760576,2.445546585577613e-06,0.0095238095238095,False,0.1492999999999984,0.1802953235760576,0.0095238095238095,0.3545212765957446
ENSG00000033327,-0.3845219047619057,0.0001687176875213,-0.023952029699668,0.4806035288766633,0.0095238095238095,True,0.3845219047619057,0.023952029699668,0.0095238095238095,0.3534574468085106
ENSG00000065526,-0.2582466666666629,0.0036332344880173,-0.0881024358608932,0.0097035522264069,0.0095238095238095,True,0.2582466666666629,0.0881024358608932,0.0095238095238095,0.3531028368794326
ENSG00000183963,-0.0991285714285723,0.3892478352442174,0.239167341085789,0.0591431473138972,0.0095238095238095,False,0.0991285714285723,0.239167341085789,0.0095238095238095,0.35310283687943256
ENSG00000005206,-0.3856838095238082,0.0138955028390697,0.0219867550873615,0.5314835025931843,0.0095238095238095,False,0.3856838095238082,0.0219867550873615,0.0095238095238095,0.35274822695035457
ENSG00000163629,-0.335444761904764,0.0155076212153531,0.0432126168130366,0.3029507902958888,0.0095238095238095,False,0.335444761904764,0.0432126168130366,0.0095238095238095,0.35274822695035457
ENSG00000173230,0.0048657142857138,0.9683498589319156,-0.3975042239826685,1.5384276502487125e-08,0.0095238095238095,False,0.0048657142857138,0.3975042239826685,0.0095238095238095,0.35257092198581563
ENSG00000197969,-0.1182647619047632,0.2531640065222809,-0.2119451444463251,1.1658461491175536e-05,0.0095238095238095,True,0.1182647619047632,0.2119451444463251,0.0095238095238095,0.3523936170212766
ENSG00000101871,-0.3321095238095211,0.0061826743101226,-0.0467406017611793,0.3901758427808985,0.0095238095238095,True,0.3321095238095211,0.0467406017611793,0.0095238095238095,0.3523936170212766
ENSG00000111817,0.0872647619047608,0.8087535047348009,0.2520372593149496,0.0566627427564832,0.0095238095238095,True,0.0872647619047608,0.2520372593149496,0.0095238095238095,0.35203900709219854
ENSG00000106665,0.1854390476190506,0.1246491752983497,-0.138296116089112,0.002791058089057,0.0095238095238095,False,0.1854390476190506,0.138296116089112,0.0095238095238095,0.35203900709219854
ENSG00000185950,-0.1023542857142878,0.3698488333680163,0.2313791171468331,6.306371015416039e-05,0.0095238095238095,False,0.1023542857142878,0.2313791171468331,0.0095238095238095,0.35168439716312055
ENSG00000152240,-0.1352295238095244,0.0964249858634696,0.1899792349842002,0.055364183996576,0.0095238095238095,False,0.1352295238095244,0.1899792349842002,0.0095238095238095,0.3516843971631205
ENSG00000105732,0.1107466666666674,0.3614788878741748,-0.2156482837156943,0.0018288729846417,0.0095238095238095,False,0.1107466666666674,0.2156482837156943,0.0095238095238095,0.3513297872340425
ENSG00000165671,-0.2304495238095256,4.0135327991937925e-05,-0.1023552313238589,0.8805668848400036,0.0095238095238095,True,0.2304495238095256,0.1023552313238589,0.0095238095238095,0.3511524822695035
ENSG00000070495,0.0634714285714288,0.7509257962578041,-0.2832531418039714,9.40214738105426e-05,0.0095238095238095,False,0.0634714285714288,0.2832531418039714,0.0095238095238095,0.3506205673758865
ENSG00000153187,0.1824847619047638,0.0022793316132991,-0.1381849359115108,0.0003371834754071,0.0095238095238095,False,0.1824847619047638,0.1381849359115108,0.0095238095238095,0.3504432624113475
ENSG00000198837,-0.2621457142857135,0.0061871444574195,-0.0797778645865463,0.2585689844643861,0.0095238095238095,True,0.2621457142857135,0.0797778645865463,0.0095238095238095,0.34973404255319146
ENSG00000113790,0.1001438095238125,0.3827281319998226,0.2288980956685407,0.0002565213675381,0.0095238095238095,True,0.1001438095238125,0.2288980956685407,0.0095238095238095,0.3493794326241134
ENSG00000160007,-0.2690999999999981,4.843645830476734e-05,0.0737992251346248,0.027862167377626,0.0095238095238095,False,0.2690999999999981,0.0737992251346248,0.0095238095238095,0.34902482269503543
ENSG00000167693,-0.2192352380952371,0.0260118330656041,0.1051180657462467,0.0053369762808763,0.0095238095238095,False,0.2192352380952371,0.1051180657462467,0.0095238095238095,0.34902482269503543
ENSG00000189184,-0.2963342857142876,0.3958248963126727,0.0585956601259241,0.3679466834017059,0.0095238095238095,False,0.2963342857142876,0.0585956601259241,0.0095238095238095,0.3484929078014184
ENSG00000117569,-0.135038095238098,0.1152041346323085,-0.1834859299557933,0.0014874761962627,0.0095238095238095,True,0.135038095238098,0.1834859299557933,0.0095238095238095,0.3484929078014184
ENSG00000101346,-0.0443085714285711,0.2631407173813708,0.3076583954427505,9.677534290319806e-09,0.0095238095238095,False,0.0443085714285711,0.3076583954427505,0.0095238095238095,0.3484929078014184
ENSG00000187522,0.2562942857142865,0.0068114359862843,-0.082035203440288,0.2550777291440891,0.0095238095238095,False,0.2562942857142865,0.082035203440288,0.0095238095238095,0.3481382978723404
ENSG00000175581,0.1126161904761886,0.0344482918093211,-0.2097133208477402,0.0007443644930447,0.0095238095238095,False,0.1126161904761886,0.2097133208477402,0.0095238095238095,0.3479609929078014
ENSG00000135094,-0.1320628571428583,0.5731626088077735,0.1866418698732594,0.134323552278516,0.0095238095238095,False,0.1320628571428583,0.1866418698732594,0.0095238095238095,0.34796099290780136
ENSG00000090060,-0.0298790476190475,0.7964812125511793,-0.0448532637118859,0.0838090661758852,0.019047619047619,True,0.0298790476190475,0.0448532637118859,0.019047619047619,0.34778368794326237
ENSG00000154945,0.0095323809523808,0.5358064927360566,0.3662276653344669,0.2109862085959551,0.0095238095238095,True,0.0095323809523808,0.3662276653344669,0.0095238095238095,0.3472517730496454
ENSG00000164318,-0.1785657142857148,0.4092205242318293,0.1381071001510818,1.0,0.0095238095238095,False,0.1785657142857148,0.1381071001510818,0.0095238095238095,0.3472517730496454
ENSG00000048342,-0.3189428571428578,0.0002827998278973,-0.0474266561756895,0.7538228971638583,0.0095238095238095,True,0.3189428571428578,0.0474266561756895,0.0095238095238095,0.34707446808510634
ENSG00000037757,0.0939180952380969,0.211356008542657,0.2311622178941625,0.0013842167729265,0.0095238095238095,True,0.0939180952380969,0.2311622178941625,0.0095238095238095,0.34671985815602835
ENSG00000213024,0.3391780952380934,5.841361788343063e-06,-0.0356355635808256,0.0808726282695999,0.0095238095238095,False,0.3391780952380934,0.0356355635808256,0.0095238095238095,0.34671985815602835
ENSG00000152213,0.0401942857142865,0.7449210351829799,0.3081912474667945,0.3055985552115584,0.0095238095238095,True,0.0401942857142865,0.3081912474667945,0.0095238095238095,0.3458333333333333
ENSG00000196313,-0.2226409523809511,0.0135849088631337,0.0993011282207021,0.1126737630592992,0.0095238095238095,False,0.2226409523809511,0.0993011282207021,0.0095238095238095,0.34459219858156026
ENSG00000116922,0.0040685714285721,0.8427464949006149,-0.3696963637173915,6.378592709275667e-06,0.0095238095238095,False,0.0040685714285721,0.3696963637173915,0.0095238095238095,0.3440602836879433
ENSG00000111450,-0.1614800000000045,0.0518643401750068,-0.1516416904472279,0.1967626776421434,0.0095238095238095,True,0.1614800000000045,0.1516416904472279,0.0095238095238095,0.3440602836879432
ENSG00000137491,-0.4000933333333307,0.0099065837103334,-0.0026787173967655,0.9331071981265388,0.0095238095238095,True,0.4000933333333307,0.0026787173967655,0.0095238095238095,0.34406028368794317
ENSG00000138663,-0.0748476190476186,0.3656349983678008,-0.2475826584799172,2.119645872392172e-11,0.0095238095238095,True,0.0748476190476186,0.2475826584799172,0.0095238095238095,0.34388297872340423
ENSG00000215440,-0.3171752380952384,0.0178518568650677,-0.0441696887731772,0.6278282642416717,0.0095238095238095,True,0.3171752380952384,0.0441696887731772,0.0095238095238095,0.34388297872340423
ENSG00000164853,0.0089257142857142,0.7242632442784086,-0.3541830140975328,0.0227083558789917,0.0095238095238095,False,0.0089257142857142,0.3541830140975328,0.0095238095238095,0.34352836879432624
ENSG00000101191,0.0130895238095209,0.952537552975522,-0.0151458425985708,0.5756920098969223,0.0285714285714285,False,0.0130895238095209,0.0151458425985708,0.0285714285714285,0.34317375886524826
ENSG00000165660,0.2211266666666684,0.0020762932398722,-0.0970783293041996,0.0046296646816921,0.0095238095238095,False,0.2211266666666684,0.0970783293041996,0.0095238095238095,0.3429964539007092
ENSG00000143669,-0.1473809523809528,0.1399486344905616,-0.1641347051984993,0.0038018565702431,0.0095238095238095,True,0.1473809523809528,0.1641347051984993,0.0095238095238095,0.34193262411347514
ENSG00000040341,0.0005790476190501,1.0,-0.3643724727029962,8.474987269649753e-10,0.0095238095238095,False,0.0005790476190501,0.3643724727029962,0.0095238095238095,0.3408687943262411
ENSG00000163516,0.1694819047619056,0.0249671339073322,-0.1364120685807712,0.0537631164595889,0.0095238095238095,False,0.1694819047619056,0.1364120685807712,0.0095238095238095,0.3406914893617021
ENSG00000064607,-0.2298571428571421,0.0002577852403276,-0.0884778680235243,0.0177961236749198,0.0095238095238095,True,0.2298571428571421,0.0884778680235243,0.0095238095238095,0.3405141843971631
ENSG00000178952,0.0622304761904803,0.6255221261137442,-0.2577994055688855,3.9696981776121617e-05,0.0095238095238095,False,0.0622304761904803,0.2577994055688855,0.0095238095238095,0.3403368794326241
ENSG00000197324,0.3721380952380979,0.0001329532002979,-0.0148851724090306,0.719957222328971,0.0095238095238095,False,0.3721380952380979,0.0148851724090306,0.0095238095238095,0.3401595744680851
ENSG00000241839,-0.2160752380952395,0.0379722049356268,0.0965479353513387,0.1517003560238161,0.0095238095238095,False,0.2160752380952395,0.0965479353513387,0.0095238095238095,0.33998226950354604
ENSG00000166747,0.0675428571428575,0.1944633652586721,0.2478317116273913,2.043647103533733e-07,0.0095238095238095,True,0.0675428571428575,0.2478317116273913,0.0095238095238095,0.33998226950354604
ENSG00000048707,-0.2962638095238095,1.925660632277652e-05,-0.0470441559451089,0.3152288716376441,0.0095238095238095,True,0.2962638095238095,0.0470441559451089,0.0095238095238095,0.33927304964539007
ENSG00000138382,0.2045600000000007,0.0044987278493022,0.102732760135705,0.205904581814908,0.0095238095238095,True,0.2045600000000007,0.102732760135705,0.0095238095238095,0.339095744680851
ENSG00000165494,-0.375949523809524,3.3206814335620644e-05,-0.0108133990813108,0.2157262807277713,0.0095238095238095,True,0.375949523809524,0.0108133990813108,0.0095238095238095,0.338918439716312
ENSG00000111880,0.0537295238095243,0.2876209751258314,-0.266521740141286,9.622299570671136e-06,0.0095238095238095,False,0.0537295238095243,0.266521740141286,0.0095238095238095,0.33874113475177303
ENSG00000138468,-0.210095238095235,0.0621889848047982,-0.0978561014543863,0.0396151886081727,0.0095238095238095,True,0.210095238095235,0.0978561014543863,0.0095238095238095,0.338563829787234
ENSG00000065000,-0.1229038095238141,0.1378102400215647,-0.1783161405925355,0.0001175219152615,0.0095238095238095,True,0.1229038095238141,0.1783161405925355,0.0095238095238095,0.338209219858156
ENSG00000129317,-0.0214457142857131,0.5677382190145961,-0.3158641726615876,6.397885952805502e-05,0.0095238095238095,True,0.0214457142857131,0.3158641726615876,0.0095238095238095,0.33767730496453896
ENSG00000131263,0.2598361904761894,0.0004011986605825,0.0648348746436369,0.935005324578292,0.0095238095238095,True,0.2598361904761894,0.0648348746436369,0.0095238095238095,0.33749999999999997
ENSG00000101972,0.1024933333333315,0.1601430349237944,0.2031309684571631,0.000102528606039,0.0095238095238095,True,0.1024933333333315,0.2031309684571631,0.0095238095238095,0.337145390070922
ENSG00000180884,0.0617123809523789,0.3635627343971013,-0.2503041627845341,0.0316694746116386,0.0095238095238095,False,0.0617123809523789,0.2503041627845341,0.0095238095238095,0.33696808510638293
ENSG00000141867,-0.2606752380952368,0.009246627633942,0.0622593357754688,0.0192474102984988,0.0095238095238095,False,0.2606752380952368,0.0622593357754688,0.0095238095238095,0.33661347517730494
ENSG00000074047,0.2458695238095245,0.3060043702313646,-0.0710888946097618,0.6404665382926252,0.0095238095238095,False,0.2458695238095245,0.0710888946097618,0.0095238095238095,0.33643617021276595
ENSG00000135297,-0.2555390476190453,3.94322604586281e-05,-0.0669922690308553,0.7621006436036584,0.0095238095238095,True,0.2555390476190453,0.0669922690308553,0.0095238095238095,0.33643617021276595
ENSG00000140983,0.1192476190476146,0.2930511317141125,0.1782462203764403,0.0384314835354263,0.0095238095238095,True,0.1192476190476146,0.1782462203764403,0.0095238095238095,0.33554964539007087
ENSG00000197226,-0.1851038095238095,0.0151702899962373,0.1099102074735505,0.006063166463496,0.0095238095238095,False,0.1851038095238095,0.1099102074735505,0.0095238095238095,0.33554964539007087
ENSG00000095787,-0.034639999999996,0.4726454593401712,-0.2959174288863302,2.6380153835865803e-09,0.0095238095238095,True,0.034639999999996,0.2959174288863302,0.0095238095238095,0.3353723404255319
ENSG00000156261,0.2262542857142833,0.0019427330284737,0.0827779925809508,0.7002997993655812,0.0095238095238095,True,0.2262542857142833,0.0827779925809508,0.0095238095238095,0.3350177304964539
ENSG00000023287,0.0748980952380957,0.4137158593164203,-0.2273359649182467,1.8355562791958665e-05,0.0095238095238095,False,0.0748980952380957,0.2273359649182467,0.0095238095238095,0.33466312056737585
ENSG00000144668,-0.2646219047619027,0.1837665324612631,-0.0564282436974714,0.5284218522177391,0.0095238095238095,True,0.2646219047619027,0.0564282436974714,0.0095238095238095,0.3337765957446808
ENSG00000129083,0.2540228571428589,0.0001662603275726,-0.0641572116728532,0.133580392653871,0.0095238095238095,False,0.2540228571428589,0.0641572116728532,0.0095238095238095,0.3337765957446808
ENSG00000066933,0.053113333333334,0.3510938272426516,0.2545689629975811,0.1665770860211249,0.0095238095238095,True,0.053113333333334,0.2545689629975811,0.0095238095238095,0.3332446808510638
ENSG00000075131,0.1718066666666651,0.0925175666462458,0.1231016242186875,0.5170086769518782,0.0095238095238095,True,0.1718066666666651,0.1231016242186875,0.0095238095238095,0.33289007092198575
ENSG00000064102,0.3015847619047633,0.0001112860101066,-0.0369973247576922,0.2839346212069046,0.0095238095238095,False,0.3015847619047633,0.0369973247576922,0.0095238095238095,0.3321808510638298
ENSG00000105778,0.3725238095238108,2.479494165311108e-06,0.0024216623676451,0.7345027378243308,0.0095238095238095,True,0.3725238095238108,0.0024216623676451,0.0095238095238095,0.3321808510638298
ENSG00000167608,0.2841504761904758,0.4751097236444204,0.0446046405673286,0.961832283828221,0.0095238095238095,True,0.2841504761904758,0.0446046405673286,0.0095238095238095,0.3318262411347518
ENSG00000182885,0.0129933333333305,0.8926920730686373,0.3140075888578195,0.5245820947204483,0.0095238095238095,True,0.0129933333333305,0.3140075888578195,0.0095238095238095,0.33147163120567374
ENSG00000181284,0.1135447619047633,0.6396583299166944,-0.1764796009449796,0.0184023250737046,0.0095238095238095,False,0.1135447619047633,0.1764796009449796,0.0095238095238095,0.3307624113475177
ENSG00000158623,-0.2000571428571422,0.016908612042336,-0.0945679863864725,0.1614350965940276,0.0095238095238095,True,0.2000571428571422,0.0945679863864725,0.0095238095238095,0.33058510638297867
ENSG00000122257,-0.1283819047619072,0.0091299086396534,-0.16409567785578,7.915393121225426e-05,0.0095238095238095,True,0.1283819047619072,0.16409567785578,0.0095238095238095,0.33058510638297867
ENSG00000005156,-0.1449552380952408,0.0594393159726303,-0.1427699811176808,0.0001701232945605,0.0095238095238095,True,0.1449552380952408,0.1427699811176808,0.0095238095238095,0.3302304964539007
ENSG00000127663,-0.1964904761904744,0.0704082983891413,0.0964753397171271,0.1419355115914396,0.0095238095238095,False,0.1964904761904744,0.0964753397171271,0.0095238095238095,0.3300531914893617
ENSG00000132676,0.2279028571428565,0.0018889887974566,-0.0750960624917453,0.0868312382618091,0.0095238095238095,False,0.2279028571428565,0.0750960624917453,0.0095238095238095,0.32987588652482264
ENSG00000132849,0.0618238095238066,0.694465407915215,-0.2323846860724323,4.115219505407333e-05,0.0095238095238095,False,0.0618238095238066,0.2323846860724323,0.0095238095238095,0.32952127659574465
ENSG00000076984,-0.233002857142857,0.013442315013629,0.0702385349241403,0.1742579216141291,0.0095238095238095,False,0.233002857142857,0.0702385349241403,0.0095238095238095,0.32898936170212767
ENSG00000197136,0.0296895238095249,0.8864151929573321,-0.0189704526913061,0.5161947235421083,0.019047619047619,False,0.0296895238095249,0.0189704526913061,0.019047619047619,0.3288120567375886
ENSG00000119522,-0.2651752380952388,0.0031581147213065,0.0503149305487191,0.5122120710764757,0.0095238095238095,False,0.2651752380952388,0.0503149305487191,0.0095238095238095,0.3286347517730496
ENSG00000196235,0.1871952380952333,0.0894661710587311,0.0994249093895369,0.0081817610647609,0.0095238095238095,True,0.1871952380952333,0.0994249093895369,0.0095238095238095,0.3281028368794326
ENSG00000163346,-0.0335828571428589,0.6115351108691143,0.2833598937356711,6.271037980157409e-06,0.0095238095238095,False,0.0335828571428589,0.2833598937356711,0.0095238095238095,0.3281028368794326
ENSG00000151694,0.315453333333334,0.0009224912120518,0.0222609867279572,0.4989114934975649,0.0095238095238095,True,0.315453333333334,0.0222609867279572,0.0095238095238095,0.32774822695035455
ENSG00000083520,0.2624485714285693,0.0004072435995922,0.0503926578023303,0.2141872401832117,0.0095238095238095,True,0.2624485714285693,0.0503926578023303,0.0095238095238095,0.32757092198581556
ENSG00000105397,-0.1262857142857179,0.1142663019061243,0.1599954694453877,0.0127560172484095,0.0095238095238095,False,0.1262857142857179,0.1599954694453877,0.0095238095238095,0.32739361702127656
ENSG00000189241,-0.293943809523812,1.2729801601615384e-05,-0.0317146836486657,0.2825894323294989,0.0095238095238095,True,0.293943809523812,0.0317146836486657,0.0095238095238095,0.32668439716312053
ENSG00000116641,0.077208571428569,0.1735160739760001,0.2075445320273097,1.752261257598656e-09,0.0095238095238095,True,0.077208571428569,0.2075445320273097,0.0095238095238095,0.32650709219858154
ENSG00000171444,-0.1335285714285721,0.246622971949304,-0.151456780873822,0.0725613085165048,0.0095238095238095,True,0.1335285714285721,0.151456780873822,0.0095238095238095,0.32632978723404255
ENSG00000183530,-0.0091952380952395,0.8707728478522361,0.3075177455482389,0.9834371286924636,0.0095238095238095,False,0.0091952380952395,0.3075177455482389,0.0095238095238095,0.3250886524822695
ENSG00000196821,0.1525314285714252,0.0242159497869682,-0.1290693746664644,0.1669401533727452,0.0095238095238095,False,0.1525314285714252,0.1290693746664644,0.0095238095238095,0.3247340425531915
ENSG00000141376,-0.2018390476190479,0.0035858869981998,0.0845438438754442,0.0112036144880827,0.0095238095238095,False,0.2018390476190479,0.0845438438754442,0.0095238095238095,0.3247340425531915
ENSG00000125817,-0.0108542857142861,0.9778410519832648,0.3050462665796907,2.674455150498899e-08,0.0095238095238095,False,0.0108542857142861,0.3050462665796907,0.0095238095238095,0.32437943262411345
ENSG00000185585,-0.3229780952380956,0.0290943751639982,0.0130574168604056,0.9354256049908224,0.0095238095238095,False,0.3229780952380956,0.0130574168604056,0.0095238095238095,0.32384751773049647
ENSG00000119487,-0.169558095238095,0.0058197500856433,0.1054457438964178,0.0073199464933122,0.0095238095238095,False,0.169558095238095,0.1054457438964178,0.0095238095238095,0.3238475177304964
ENSG00000182197,0.1137971428571429,0.3470229302737858,0.1663447850175927,0.1174624219909867,0.0095238095238095,True,0.1137971428571429,0.1663447850175927,0.0095238095238095,0.3236702127659574
ENSG00000132842,0.0154885714285715,0.5976848845407867,-0.2897744253221574,9.21340458873791e-09,0.0095238095238095,False,0.0154885714285715,0.2897744253221574,0.0095238095238095,0.3218971631205674
ENSG00000120526,0.2749695238095242,0.0059657130482403,0.0373743670915338,0.457612789108164,0.0095238095238095,True,0.2749695238095242,0.0373743670915338,0.0095238095238095,0.3217198581560283
ENSG00000168301,-0.1296133333333315,0.1877558069156393,-0.1448535753984288,0.2289887464074634,0.0095238095238095,True,0.1296133333333315,0.1448535753984288,0.0095238095238095,0.32154255319148933
ENSG00000129932,0.0303514285714285,0.9620260590491726,0.0079772705819394,0.6636707120881754,0.019047619047619,True,0.0303514285714285,0.0079772705819394,0.019047619047619,0.32154255319148933
ENSG00000155287,-0.1344599999999989,0.0722815613827025,0.1383271139428075,0.8711700199114387,0.0095238095238095,False,0.1344599999999989,0.1383271139428075,0.0095238095238095,0.3208333333333333
ENSG00000172716,-0.0518961904761887,0.9399067141093428,0.2283443991769083,0.0007556923837203,0.0095238095238095,False,0.0518961904761887,0.2283443991769083,0.0095238095238095,0.3208333333333333
ENSG00000173120,0.1977638095238099,0.0032391049000438,0.081640141025673,0.1703336557188435,0.0095238095238095,True,0.1977638095238099,0.081640141025673,0.0095238095238095,0.3204787234042553
ENSG00000276231,-0.0001180952380952,0.6227319605107438,-0.0367663823952959,0.4659950031764635,0.019047619047619,True,0.0001180952380952,0.0367663823952959,0.019047619047619,0.3204787234042553
ENSG00000103197,-0.2233371428571438,0.0137296791668368,-0.0645080655890808,0.1314384196141272,0.0095238095238095,True,0.2233371428571438,0.0645080655890808,0.0095238095238095,0.32030141843971627
ENSG00000143569,0.1598866666666669,0.022284738409752,0.1080412025969081,0.0005923058335298,0.0095238095238095,True,0.1598866666666669,0.1080412025969081,0.0095238095238095,0.3199468085106383
ENSG00000105618,0.1553257142857145,0.0438367676682693,0.1139388078912553,0.015530413010234,0.0095238095238095,True,0.1553257142857145,0.1139388078912553,0.0095238095238095,0.31976950354609923
ENSG00000103494,0.2394076190476184,0.0076697576349118,0.0539239097303152,0.5612758361345778,0.0095238095238095,True,0.2394076190476184,0.0539239097303152,0.0095238095238095,0.31941489361702124
ENSG00000162735,0.0415438095238087,0.4296925192041211,0.2421240820244463,4.7494992087572944e-05,0.0095238095238095,True,0.0415438095238087,0.2421240820244463,0.0095238095238095,0.31906028368794326
ENSG00000177191,-0.1703495238095245,0.2631970868995773,-0.1004888415751814,0.3960658207089378,0.0095238095238095,True,0.1703495238095245,0.1004888415751814,0.0095238095238095,0.3187056737588652
ENSG00000107036,-0.2555457142857129,0.0002538654097724,0.0428684264828795,0.7779796875495629,0.0095238095238095,False,0.2555457142857129,0.0428684264828795,0.0095238095238095,0.3183510638297872
ENSG00000163848,0.0405276190476211,0.8926887395893705,-0.2413883914877708,9.677534290319806e-09,0.0095238095238095,False,0.0405276190476211,0.2413883914877708,0.0095238095238095,0.31746453900709215
ENSG00000133422,0.2004876190476192,0.0120151566662598,-0.0752692740209859,0.2585689844643861,0.0095238095238095,False,0.2004876190476192,0.0752692740209859,0.0095238095238095,0.31710992907801416
ENSG00000100372,0.0549219047619047,0.3290500394355079,0.2150649787985408,0.4152938209934835,0.0095238095238095,True,0.0549219047619047,0.2150649787985408,0.0095238095238095,0.31710992907801416
ENSG00000083642,-0.1074285714285725,0.1944602663632905,-0.1625177124192269,1.6401191474783834e-05,0.0095238095238095,True,0.1074285714285725,0.1625177124192269,0.0095238095238095,0.3167553191489361
ENSG00000109062,0.0062523809523789,0.6827810384949335,-0.2935446519501781,4.7174773100848544e-08,0.0095238095238095,False,0.0062523809523789,0.2935446519501781,0.0095238095238095,0.31622340425531914
ENSG00000196199,-0.1199266666666698,0.0940470626073226,0.1461439156207475,0.0022711145664606,0.0095238095238095,False,0.1199266666666698,0.1461439156207475,0.0095238095238095,0.31622340425531914
ENSG00000148362,-0.0515161904761924,0.633992992255334,-0.2189089961221455,1.0000209465361811e-05,0.0095238095238095,True,0.0515161904761924,0.2189089961221455,0.0095238095238095,0.3158687943262411
ENSG00000151458,0.1035038095238078,0.2564723303452511,-0.164587322108332,0.1070926732437014,0.0095238095238095,False,0.1035038095238078,0.164587322108332,0.0095238095238095,0.3158687943262411
ENSG00000100150,-0.1215961904761897,0.0331178288842795,-0.1415032314915194,0.1001386195137405,0.0095238095238095,True,0.1215961904761897,0.1415032314915194,0.0095238095238095,0.3153368794326241
ENSG00000061938,0.1093923809523822,0.3154688765538758,-0.1574618569615395,0.0749281554752683,0.0095238095238095,False,0.1093923809523822,0.1574618569615395,0.0095238095238095,0.3149822695035461
ENSG00000008128,0.0917952380952389,0.3369719849717286,0.1723287056277485,0.1192959176309124,0.0095238095238095,True,0.0917952380952389,0.1723287056277485,0.0095238095238095,0.3144503546099291
ENSG00000166272,-0.1688771428571431,0.0543054723287305,-0.0949296199809595,0.5329178068308503,0.0095238095238095,True,0.1688771428571431,0.0949296199809595,0.0095238095238095,0.31409574468085105
ENSG00000138688,-0.1947476190476198,0.000540384771293,-0.0755632490810533,0.2606839530554053,0.0095238095238095,True,0.1947476190476198,0.0755632490810533,0.0095238095238095,0.31391843971631206
ENSG00000110514,-0.1328676190476212,0.0523313387649776,0.1306851482458562,0.0021483175999448,0.0095238095238095,False,0.1328676190476212,0.1306851482458562,0.0095238095238095,0.313563829787234
ENSG00000064999,-0.3165380952380943,0.0001915275146273,0.0018030637116126,0.8335558933721322,0.0095238095238095,False,0.3165380952380943,0.0018030637116126,0.0095238095238095,0.312854609929078
ENSG00000198718,-0.3070628571428582,1.1194213908957111e-05,-0.0052782568524349,0.8367253474976617,0.0095238095238095,True,0.3070628571428582,0.0052782568524349,0.0095238095238095,0.31232269503546095
ENSG00000147274,-0.055024761904761,0.2564541627001616,0.2061506880206849,0.0017900585987259,0.0095238095238095,False,0.055024761904761,0.2061506880206849,0.0095238095238095,0.31196808510638296
ENSG00000095970,-0.1854904761904752,0.0729147976758428,-0.077504793958461,0.6274700178869204,0.0095238095238095,True,0.1854904761904752,0.077504793958461,0.0095238095238095,0.31196808510638296
ENSG00000138646,0.2256152380952372,0.3193105218459084,-0.0519190613308566,0.310553262761578,0.0095238095238095,False,0.2256152380952372,0.0519190613308566,0.0095238095238095,0.31125886524822693
ENSG00000115145,0.0587476190476223,0.6453091389028796,-0.2021726322951913,4.425526845602829e-07,0.0095238095238095,False,0.0587476190476223,0.2021726322951913,0.0095238095238095,0.31108156028368794
ENSG00000185189,0.0896371428571427,0.4391039999220437,-0.1691615815624132,0.032752904680976,0.0095238095238095,False,0.0896371428571427,0.1691615815624132,0.0095238095238095,0.31108156028368794
ENSG00000078403,-0.1829209523809538,0.0004651435825735,0.0777857763530711,0.6045226643407259,0.0095238095238095,False,0.1829209523809538,0.0777857763530711,0.0095238095238095,0.3109042553191489
ENSG00000056972,-0.2426733333333324,0.0014816684142318,-0.0397722041775665,0.8452633914853521,0.0095238095238095,True,0.2426733333333324,0.0397722041775665,0.0095238095238095,0.3107269503546099
ENSG00000158290,0.1179685714285749,0.2515041763060103,-0.140270021494878,0.0001060978082458,0.0095238095238095,False,0.1179685714285749,0.140270021494878,0.0095238095238095,0.3103723404255319
ENSG00000112763,0.1916352380952357,0.0180344458193259,0.0700863627215575,0.3168619986423635,0.0095238095238095,True,0.1916352380952357,0.0700863627215575,0.0095238095238095,0.30930851063829784
ENSG00000005022,-0.1025619047619024,0.2262217589340538,0.1554787808307942,0.2839346212069046,0.0095238095238095,False,0.1025619047619024,0.1554787808307942,0.0095238095238095,0.30895390070921985
ENSG00000142675,0.1698961904761917,0.9241380849270228,-0.0870903263357831,0.0895586502612901,0.0095238095238095,False,0.1698961904761917,0.0870903263357831,0.0095238095238095,0.3089539007092198
ENSG00000099991,-0.1514638095238094,0.0468241441359478,-0.1012874357214101,0.2154146496397263,0.0095238095238095,True,0.1514638095238094,0.1012874357214101,0.0095238095238095,0.3077127659574468
ENSG00000115657,0.0663323809523799,0.589477518470394,-0.1858707373148753,0.0255811667468658,0.0095238095238095,False,0.0663323809523799,0.1858707373148753,0.0095238095238095,0.30735815602836875
ENSG00000115020,-0.2695942857142839,0.0002137220796635,-0.0172663161329573,0.3654270927938317,0.0095238095238095,True,0.2695942857142839,0.0172663161329573,0.0095238095238095,0.30682624113475176
ENSG00000114446,-0.2099761904761905,0.0007014059705656,-0.0543697454558049,0.461414055630917,0.0095238095238095,True,0.2099761904761905,0.0543697454558049,0.0095238095238095,0.3064716312056738
ENSG00000198561,0.1801990476190464,0.176040539083348,0.0733263264797372,0.0580327785089694,0.0095238095238095,True,0.1801990476190464,0.0733263264797372,0.0095238095238095,0.30629432624113473
ENSG00000104972,-0.2012723809523802,0.1442677764876093,0.0594266072470688,0.7260314106480077,0.0095238095238095,False,0.2012723809523802,0.0594266072470688,0.0095238095238095,0.30593971631205674
ENSG00000140829,0.0061999999999979,0.9715087054367436,0.2689218223746401,1.374149335254547e-10,0.0095238095238095,True,0.0061999999999979,0.2689218223746401,0.0095238095238095,0.3055851063829787
ENSG00000125107,0.1584990476190473,0.003724475346266,0.0904974844297399,0.0034636549979581,0.0095238095238095,True,0.1584990476190473,0.0904974844297399,0.0095238095238095,0.30487588652482267
ENSG00000204104,0.2273038095238089,0.0008000668039788,0.0409963112683868,0.7291212682539112,0.0095238095238095,True,0.2273038095238089,0.0409963112683868,0.0095238095238095,0.30434397163120563
ENSG00000136193,-0.139981904761905,0.2665671986963063,-0.1037747449399972,0.0372779780071194,0.0095238095238095,True,0.139981904761905,0.1037747449399972,0.0095238095238095,0.30416666666666664
ENSG00000131023,-0.2139180952380979,0.0039180651586539,-0.0500735195674906,0.5282459783122111,0.0095238095238095,True,0.2139180952380979,0.0500735195674906,0.0095238095238095,0.30398936170212765
ENSG00000018699,-0.100330476190475,0.1543293311894348,-0.1493519522220232,0.0014043241193077,0.0095238095238095,True,0.100330476190475,0.1493519522220232,0.0095238095238095,0.3036347517730496
ENSG00000165271,-0.149519999999999,0.0318312999310872,0.0970198089843137,0.047385692487473,0.0095238095238095,False,0.149519999999999,0.0970198089843137,0.0095238095238095,0.30328014184397156
ENSG00000047188,-0.2177180952380961,0.0004256179140576,-0.0457608723041715,0.3502001942354852,0.0095238095238095,True,0.2177180952380961,0.0457608723041715,0.0095238095238095,0.3031028368794326
ENSG00000174243,0.2277590476190489,0.0006256005735972,-0.0396593776281797,0.1652048063260907,0.0095238095238095,False,0.2277590476190489,0.0396593776281797,0.0095238095238095,0.3029255319148936
ENSG00000010810,-0.0351657142857142,0.9493793496634888,0.2182732144510168,0.0083734922953569,0.0095238095238095,False,0.0351657142857142,0.2182732144510168,0.0095238095238095,0.30168439716312057
ENSG00000160999,0.2380685714285721,0.1089540007687968,0.030233894265141,0.7392285334799029,0.0095238095238095,True,0.2380685714285721,0.030233894265141,0.0095238095238095,0.3007978723404255
ENSG00000134853,-0.2170161904761887,0.772091904871422,0.0415027771297076,0.7410420967409692,0.0095238095238095,False,0.2170161904761887,0.0415027771297076,0.0095238095238095,0.3006205673758865
ENSG00000135916,0.0157552380952363,0.5255234705495075,-0.2399652511264918,0.0178218408840998,0.0095238095238095,False,0.0157552380952363,0.2399652511264918,0.0095238095238095,0.3004432624113475
ENSG00000008083,-0.0332857142857143,0.5704384274296167,0.2152487676287897,0.9494505494505494,0.0095238095238095,False,0.0332857142857143,0.2152487676287897,0.0095238095238095,0.2995567375886524
ENSG00000107338,0.2395361904761905,0.3449946885446685,-0.0260586413054966,0.5985303275292527,0.0095238095238095,False,0.2395361904761905,0.0260586413054966,0.0095238095238095,0.29937943262411343
ENSG00000131016,-0.1256761904761916,0.4949615883114913,0.1077619636830142,0.1664759885519395,0.0095238095238095,False,0.1256761904761916,0.1077619636830142,0.0095238095238095,0.29902482269503544
ENSG00000177189,-0.0034971428571424,0.59769188193933,0.2546779018644756,5.7742838228547056e-05,0.0095238095238095,False,0.0034971428571424,0.2546779018644756,0.0095238095238095,0.29796099290780137
ENSG00000115694,-0.0518085714285732,0.4413902479632376,0.1855320091553629,0.0026427014859091,0.0095238095238095,False,0.0518085714285732,0.1855320091553629,0.0095238095238095,0.2977836879432624
ENSG00000088247,-0.2045428571428562,0.0132885827815276,-0.0461532047780899,0.1639409438736676,0.0095238095238095,True,0.2045428571428562,0.0461532047780899,0.0095238095238095,0.29654255319148937
ENSG00000186111,-0.1781676190476204,0.0741888405836389,0.0625897978047582,0.042497998858962,0.0095238095238095,False,0.1781676190476204,0.0625897978047582,0.0095238095238095,0.2961879432624113
ENSG00000174197,-0.1815999999999977,0.0002040291075986,0.0582609833758063,0.5421113055856485,0.0095238095238095,False,0.1815999999999977,0.0582609833758063,0.0095238095238095,0.2954787234042553
ENSG00000164190,-0.1380657142857142,0.0118832477832007,-0.0953735693130539,0.0597049105284575,0.0095238095238095,True,0.1380657142857142,0.0953735693130539,0.0095238095238095,0.2953014184397163
ENSG00000164880,-0.1223904761904748,0.4556922203377477,-0.1070517804639017,0.0011127839462966,0.0095238095238095,True,0.1223904761904748,0.1070517804639017,0.0095238095238095,0.2953014184397163
ENSG00000165025,-0.2384019047619041,0.0232356905927841,0.0218993078484075,0.3654270927938317,0.0095238095238095,False,0.2384019047619041,0.0218993078484075,0.0095238095238095,0.29530141843971625
ENSG00000126945,0.1199771428571434,0.0801504110506975,0.1073566416129381,0.0001729751538821,0.0095238095238095,True,0.1199771428571434,0.1073566416129381,0.0095238095238095,0.29476950354609927
ENSG00000085788,-0.1961190476190513,0.0056817644333683,0.0493593641828304,0.1963333497956001,0.0095238095238095,False,0.1961190476190513,0.0493593641828304,0.0095238095238095,0.29423758865248223
ENSG00000185900,0.1223790476190469,0.2247056129310236,0.1053527354120689,0.151014896945678,0.0095238095238095,True,0.1223790476190469,0.1053527354120689,0.0095238095238095,0.29406028368794324
ENSG00000166341,-0.128010476190477,0.3827116082137577,0.1022581014415102,0.1221828887048579,0.0095238095238095,False,0.128010476190477,0.1022581014415102,0.0095238095238095,0.29406028368794324
ENSG00000129292,0.2567457142857137,0.0019167360939798,-0.0096035353537331,0.1449356587880281,0.0095238095238095,False,0.2567457142857137,0.0096035353537331,0.0095238095238095,0.2938829787234042
ENSG00000146834,-0.1192047619047613,0.0490679955486815,0.1073891804730955,0.0106821564558239,0.0095238095238095,False,0.1192047619047613,0.1073891804730955,0.0095238095238095,0.29370567375886525
ENSG00000110046,-0.0524142857142848,0.5812890303723903,-0.1757314617016518,0.0475676423557681,0.0095238095238095,True,0.0524142857142848,0.1757314617016518,0.0095238095238095,0.2933510638297872
ENSG00000175073,0.1123495238095202,0.224699173764157,-0.1175437816831426,5.98180423384876e-05,0.0095238095238095,False,0.1123495238095202,0.1175437816831426,0.0095238095238095,0.2931737588652482
ENSG00000149328,0.128978095238093,0.8707768510590788,0.099397065067464,0.772722089139023,0.0095238095238095,True,0.128978095238093,0.099397065067464,0.0095238095238095,0.29246453900709213
ENSG00000172366,0.0235685714285684,0.72995738086737,-0.2135708120185739,0.252958373373718,0.0095238095238095,False,0.0235685714285684,0.2135708120185739,0.0095238095238095,0.2922872340425532
ENSG00000198483,0.0234333333333323,0.5359516940351985,0.2123212390979389,0.2571953333249732,0.0095238095238095,True,0.0234333333333323,0.2123212390979389,0.0095238095238095,0.29175531914893615
ENSG00000090863,-0.0566466666666674,0.3470380011003652,0.167787457469128,0.0002692945343204,0.0095238095238095,False,0.0566466666666674,0.167787457469128,0.0095238095238095,0.29140070921985817
ENSG00000141858,0.062993333333333,0.3958413021709563,-0.1644453194440949,0.0234052211596978,0.0095238095238095,False,0.062993333333333,0.1644453194440949,0.0095238095238095,0.29140070921985817
ENSG00000130940,0.235365714285713,0.2876343667368181,0.0189566516176569,0.6310930915712786,0.0095238095238095,True,0.235365714285713,0.0189566516176569,0.0095238095238095,0.2905141843971631
ENSG00000137770,0.0376390476190469,0.7599568840349942,-0.1926834612305157,0.0035102309346505,0.0095238095238095,False,0.0376390476190469,0.1926834612305157,0.0095238095238095,0.29015957446808505
ENSG00000115839,0.0492866666666707,0.2401985830358621,0.174902830562015,3.3125069574947084e-08,0.0095238095238095,True,0.0492866666666707,0.174902830562015,0.0095238095238095,0.28980496453900706
ENSG00000047578,0.0143114285714265,0.7964715345844283,0.2175418951997585,0.0253270563542884,0.0095238095238095,True,0.0143114285714265,0.2175418951997585,0.0095238095238095,0.28980496453900706
ENSG00000136051,0.0268999999999994,0.8303457871957958,0.2044188817385546,3.231559180388467e-09,0.0095238095238095,True,0.0268999999999994,0.2044188817385546,0.0095238095238095,0.28927304964539
ENSG00000103249,-0.2549895238095239,0.0124288001656203,0.0036477649027162,0.8661657926479606,0.0095238095238095,False,0.2549895238095239,0.0036477649027162,0.0095238095238095,0.28927304964539
ENSG00000072958,-0.0608780952380971,0.5490652631627834,-0.1640376293912133,8.483908775480083e-05,0.0095238095238095,True,0.0608780952380971,0.1640376293912133,0.0095238095238095,0.28891843971631204
ENSG00000176623,0.027202857142857,0.4091684656282961,0.2026986803640191,0.0005923058335298,0.0095238095238095,True,0.027202857142857,0.2026986803640191,0.0095238095238095,0.28874113475177304
ENSG00000161381,-0.0112323809523822,0.7720922896430605,0.2211291205811001,0.0396490230085482,0.0095238095238095,False,0.0112323809523822,0.2211291205811001,0.0095238095238095,0.28856382978723405
ENSG00000136937,-0.1005095238095243,0.1188924387565808,-0.1242770748404353,0.001841339261148,0.0095238095238095,True,0.1005095238095243,0.1242770748404353,0.0095238095238095,0.28856382978723405
ENSG00000115504,0.1290085714285709,0.117040962444907,-0.091948342409708,0.1211255964047835,0.0095238095238095,False,0.1290085714285709,0.091948342409708,0.0095238095238095,0.28785460992907796
ENSG00000134243,-0.2443495238095234,0.0085236658239567,-0.0078481277215018,0.3502001942354852,0.0095238095238095,True,0.2443495238095234,0.0078481277215018,0.0095238095238095,0.28785460992907796
ENSG00000132313,0.1726352380952409,0.0040696680440184,0.0540285521854784,0.8757632495539358,0.0095238095238095,True,0.1726352380952409,0.0540285521854784,0.0095238095238095,0.287145390070922
ENSG00000175054,0.1787200000000002,0.0056799240142592,-0.0508619703323454,0.7567980877866693,0.0095238095238095,False,0.1787200000000002,0.0508619703323454,0.0095238095238095,0.28714539007092194
ENSG00000141447,-0.2354809523809535,0.0165498654947053,0.0145908359001012,0.5122120710764757,0.0095238095238095,False,0.2354809523809535,0.0145908359001012,0.0095238095238095,0.28714539007092194
ENSG00000096968,-0.1952228571428573,0.3289996491885978,0.0395648231514194,0.6474612861442588,0.0095238095238095,False,0.1952228571428573,0.0395648231514194,0.0095238095238095,0.28679078014184395
ENSG00000100991,-0.0487219047619049,0.2531368111538873,-0.1695015952108036,0.149061484501188,0.0095238095238095,True,0.0487219047619049,0.1695015952108036,0.0095238095238095,0.2864361702127659
ENSG00000108395,0.0839971428571431,0.177303953260851,0.1324142137225443,0.5994821352426831,0.0095238095238095,True,0.0839971428571431,0.1324142137225443,0.0095238095238095,0.28572695035460993
ENSG00000141503,-0.1713152380952394,0.0472578937366771,-0.0536763713389092,0.1601930705853718,0.0095238095238095,True,0.1713152380952394,0.0536763713389092,0.0095238095238095,0.2851950354609929
ENSG00000087087,0.1737514285714283,0.0160083492040837,0.051703214096527,0.2235409954895969,0.0095238095238095,True,0.1737514285714283,0.051703214096527,0.0095238095238095,0.2851950354609929
ENSG00000132466,-0.1398780952380995,0.0042260387423177,-0.0782433214898432,0.0017649135583626,0.0095238095238095,True,0.1398780952380995,0.0782433214898432,0.0095238095238095,0.2850177304964539
ENSG00000129484,0.1155552380952382,0.0321518377105679,-0.101812256544413,0.1920452823268567,0.0095238095238095,False,0.1155552380952382,0.101812256544413,0.0095238095238095,0.28501773049645385
ENSG00000089050,-0.0436019047619034,0.5949500047970266,0.174049965259428,0.0275677740079985,0.0095238095238095,False,0.0436019047619034,0.174049965259428,0.0095238095238095,0.28448581560283687
ENSG00000189079,-0.1528923809523803,0.0061078619695174,-0.0653021207219417,0.2348186692192349,0.0095238095238095,True,0.1528923809523803,0.0653021207219417,0.0095238095238095,0.2843085106382979
ENSG00000100726,-0.0030428571428569,0.7359302670491763,0.2261087363938827,0.0519508612312829,0.0095238095238095,False,0.0030428571428569,0.2261087363938827,0.0095238095238095,0.2843085106382979
ENSG00000060339,0.1026352380952388,0.0589160399531906,0.1099426875503617,0.0420756087435828,0.0095238095238095,True,0.1026352380952388,0.1099426875503617,0.0095238095238095,0.28395390070921983
ENSG00000182168,-0.052470476190475,0.8272584609938439,-0.1627217846423025,0.5394605394605395,0.0095238095238095,True,0.052470476190475,0.1627217846423025,0.0095238095238095,0.28359929078014184
ENSG00000080371,0.2091085714285725,0.0107316933807709,0.0226984808066461,0.7565508681960509,0.0095238095238095,True,0.2091085714285725,0.0226984808066461,0.0095238095238095,0.28253546099290777
ENSG00000105404,0.1770676190476194,0.1722655084418867,-0.0464984622901845,0.3270985477527114,0.0095238095238095,False,0.1770676190476194,0.0464984622901845,0.0095238095238095,0.28253546099290777
ENSG00000101361,0.1190657142857158,0.1837634873390158,0.0940641104981274,0.0553324552955702,0.0095238095238095,True,0.1190657142857158,0.0940641104981274,0.0095238095238095,0.28253546099290777
ENSG00000138398,0.1665419047619085,0.1004433173286844,0.0536432087515166,0.5672053631362719,0.0095238095238095,True,0.1665419047619085,0.0536432087515166,0.0095238095238095,0.28182624113475174
ENSG00000169221,0.0789704761904754,0.453324671251299,0.130587753989289,0.015530413010234,0.0095238095238095,True,0.0789704761904754,0.130587753989289,0.0095238095238095,0.28147163120567376
ENSG00000124151,0.1976638095238083,0.0045544523304255,-0.0295086166971749,0.3257993418739758,0.0095238095238095,False,0.1976638095238083,0.0295086166971749,0.0095238095238095,0.28147163120567376
ENSG00000123352,0.1083990476190468,0.1685683197905931,-0.1021884604000469,0.0255811667468658,0.0095238095238095,False,0.1083990476190468,0.1021884604000469,0.0095238095238095,0.2812943262411347
ENSG00000130479,0.0559533333333348,0.8551818985755244,0.1529025690298695,5.284908005778753e-05,0.0095238095238095,True,0.0559533333333348,0.1529025690298695,0.0095238095238095,0.28076241134751767
ENSG00000152382,0.1493800000000007,0.1227296166254049,-0.0648197221191573,0.3054562888859707,0.0095238095238095,False,0.1493800000000007,0.0648197221191573,0.0095238095238095,0.2804078014184397
ENSG00000148291,-0.1393104761904764,0.137839636239243,-0.0713162083081009,0.4224195837613913,0.0095238095238095,True,0.1393104761904764,0.0713162083081009,0.0095238095238095,0.27987588652482265
ENSG00000124383,0.1646942857142868,0.0081326635151268,0.0527832063310249,0.54763959122705,0.0095238095238095,True,0.1646942857142868,0.0527832063310249,0.0095238095238095,0.27969858156028365
ENSG00000158985,-0.0500285714285695,0.6059776421852836,0.1604566356207755,0.0436416826416053,0.0095238095238095,False,0.0500285714285695,0.1604566356207755,0.0095238095238095,0.27969858156028365
ENSG00000158941,-0.1784819047619041,0.0084169666211492,-0.0394056606996535,0.2267229087717198,0.0095238095238095,True,0.1784819047619041,0.0394056606996535,0.0095238095238095,0.2779255319148936
ENSG00000171219,0.1058771428571407,0.9178366524478134,-0.0997531286653057,0.1994445128270523,0.0095238095238095,False,0.1058771428571407,0.0997531286653057,0.0095238095238095,0.27792553191489355
ENSG00000143373,-0.0835800000000031,0.1685557511313821,-0.121386665287094,0.0112036144880827,0.0095238095238095,True,0.0835800000000031,0.121386665287094,0.0095238095238095,0.2777482269503546
ENSG00000068354,-0.1826828571428542,0.0312066101883934,0.0349567863064024,0.4144294793192137,0.0095238095238095,False,0.1826828571428542,0.0349567863064024,0.0095238095238095,0.27757092198581557
ENSG00000164031,0.1882828571428554,0.3698704419982067,0.0298048496164895,0.9320183888842802,0.0095238095238095,True,0.1882828571428554,0.0298048496164895,0.0095238095238095,0.2773936170212766
ENSG00000110321,0.1883847619047642,0.0034971826387905,0.0283797257497795,0.7251189250432647,0.0095238095238095,True,0.1883847619047642,0.0283797257497795,0.0095238095238095,0.27703900709219853
ENSG00000145901,0.1148895238095271,0.3827091295350803,-0.0893450557151993,0.2568192383456369,0.0095238095238095,False,0.1148895238095271,0.0893450557151993,0.0095238095238095,0.2759751773049645
ENSG00000162613,0.2085380952380919,0.0002038782756232,0.0151683853626707,0.7628878110306341,0.0095238095238095,True,0.2085380952380919,0.0151683853626707,0.0095238095238095,0.2757978723404255
ENSG00000137055,-0.0727657142857136,0.3135246103063418,-0.1279429835146075,0.0002251816374776,0.0095238095238095,True,0.0727657142857136,0.1279429835146075,0.0095238095238095,0.2752659574468085
ENSG00000116688,0.0338714285714285,0.7180511682355482,-0.1711325120509421,2.8781703676249523e-06,0.0095238095238095,False,0.0338714285714285,0.1711325120509421,0.0095238095238095,0.27508865248226944
ENSG00000126870,0.0709895238095246,0.2876268340412102,-0.1296054996643185,0.2104399311706997,0.0095238095238095,False,0.0709895238095246,0.1296054996643185,0.0095238095238095,0.2749113475177305
ENSG00000003056,0.0946200000000008,0.1985764711923129,-0.1039395299509315,0.1211255964047835,0.0095238095238095,False,0.0946200000000008,0.1039395299509315,0.0095238095238095,0.27455673758865246
ENSG00000080345,0.2240180952380939,0.02228799279377,0.0019251526693118,0.823825839275562,0.0095238095238095,True,0.2240180952380939,0.0019251526693118,0.0095238095238095,0.27437943262411346
ENSG00000198793,-0.0751952380952385,0.1760412896385514,0.1224436634867878,0.0026427014859091,0.0095238095238095,False,0.0751952380952385,0.1224436634867878,0.0095238095238095,0.27349290780141844
ENSG00000107816,-0.0603104761904766,0.6311508125839801,-0.1332312368868997,0.0122866657489305,0.0095238095238095,True,0.0603104761904766,0.1332312368868997,0.0095238095238095,0.2722517730496454
ENSG00000162402,-0.1491228571428582,0.003365616211627,0.0547108720750877,0.135749275379291,0.0095238095238095,False,0.1491228571428582,0.0547108720750877,0.0095238095238095,0.2720744680851064
ENSG00000104327,-0.2170219047619044,0.3193138827614838,0.0021255847988825,0.9472482168527672,0.0095238095238095,False,0.2170219047619044,0.0021255847988825,0.0095238095238095,0.27171985815602834
ENSG00000181827,-0.1543942857142823,0.1999865854226292,-0.0500498587090412,0.710753008839516,0.0095238095238095,True,0.1543942857142823,0.0500498587090412,0.0095238095238095,0.27171985815602834
ENSG00000182541,0.1098038095238091,0.2930234725555066,-0.0869497581483322,0.0614168135996131,0.0095238095238095,False,0.1098038095238091,0.0869497581483322,0.0095238095238095,0.2713652482269503
ENSG00000101974,-0.0017438095238109,0.7660042720327916,-0.2001456960859329,0.0026067563600974,0.0095238095238095,True,0.0017438095238109,0.2001456960859329,0.0095238095238095,0.2706560283687943
ENSG00000131558,-0.1962733333333322,0.0252308638972239,0.0159565141491775,0.8498287284002443,0.0095238095238095,False,0.1962733333333322,0.0159565141491775,0.0095238095238095,0.2703014184397163
ENSG00000085433,0.0963399999999996,0.1142851657476455,0.0966287226470257,0.0056896297504508,0.0095238095238095,True,0.0963399999999996,0.0966287226470257,0.0095238095238095,0.2697695035460993
ENSG00000135632,-0.0370171428571453,0.4205687124366785,-0.1617570810167024,0.0002872543201326,0.0095238095238095,True,0.0370171428571453,0.1617570810167024,0.0095238095238095,0.2697695035460993
ENSG00000143190,-0.074092380952381,0.0932323009743581,-0.1140820924445229,0.0224629830431188,0.0095238095238095,True,0.074092380952381,0.1140820924445229,0.0095238095238095,0.26959219858156025
ENSG00000102595,-0.0095571428571439,0.9746759571142608,0.1867108462268021,7.006168892072749e-05,0.0095238095238095,False,0.0095571428571439,0.1867108462268021,0.0095238095238095,0.2688829787234042
ENSG00000047932,0.2009219047619037,0.0344401514301313,0.0098850853854841,0.9552008827846544,0.0095238095238095,True,0.2009219047619037,0.0098850853854841,0.0095238095238095,0.2681737588652482
ENSG00000048828,0.1814457142857115,0.0324666983580163,0.0209285479076086,0.4831963405166644,0.0095238095238095,True,0.1814457142857115,0.0209285479076086,0.0095238095238095,0.2678191489361702
ENSG00000122687,0.1634933333333297,0.0279434179130573,0.0376762318540571,0.5495147824094211,0.0095238095238095,True,0.1634933333333297,0.0376762318540571,0.0095238095238095,0.2674645390070922
ENSG00000116539,-0.1029285714285688,0.0194357856437789,-0.0871888171269965,0.4663847955035921,0.0095238095238095,True,0.1029285714285688,0.0871888171269965,0.0095238095238095,0.26746453900709216
ENSG00000144589,-0.1183447619047619,0.1256436971468556,-0.0721303230646412,0.2331833558708524,0.0095238095238095,True,0.1183447619047619,0.0721303230646412,0.0095238095238095,0.2669326241134752
ENSG00000126216,-0.1361095238095266,0.023232579138998,0.0567866321809908,0.4303708348254821,0.0095238095238095,False,0.1361095238095266,0.0567866321809908,0.0095238095238095,0.26657801418439714
ENSG00000047621,0.0596961904761919,0.5152425904468882,0.127352578774758,0.0222187188330403,0.0095238095238095,True,0.0596961904761919,0.127352578774758,0.0095238095238095,0.26640070921985815
ENSG00000140553,-0.0139028571428543,0.8025988314356194,0.1756158521519211,0.0002649720050729,0.0095238095238095,False,0.0139028571428543,0.1756158521519211,0.0095238095238095,0.2660460992907801
ENSG00000110367,-0.1545457142857138,0.00842388973324,-0.0406699865494815,0.0853093328284639,0.0095238095238095,True,0.1545457142857138,0.0406699865494815,0.0095238095238095,0.2660460992907801
ENSG00000105705,-0.0325733333333353,0.753940840076802,-0.1604014152287263,0.0004623111814839,0.0095238095238095,True,0.0325733333333353,0.1604014152287263,0.0095238095238095,0.2658687943262411
ENSG00000109920,-0.0559285714285735,0.3309830043524798,-0.1282059262791115,0.0227095782834669,0.0095238095238095,True,0.0559285714285735,0.1282059262791115,0.0095238095238095,0.2653368794326241
ENSG00000122970,0.0364352380952368,0.5333346615075013,-0.1553235040127205,0.0015886927798155,0.0095238095238095,False,0.0364352380952368,0.1553235040127205,0.0095238095238095,0.2653368794326241
ENSG00000182973,-0.063527619047619,0.2665671986963063,-0.1190745945628002,0.0372779780071194,0.0095238095238095,True,0.063527619047619,0.1190745945628002,0.0095238095238095,0.2651595744680851
ENSG00000070047,0.0075495238095211,0.9525383762195798,0.1808065340171651,0.0485361245566731,0.0095238095238095,True,0.0075495238095211,0.1808065340171651,0.0095238095238095,0.2649822695035461
ENSG00000089154,0.0071838095238074,0.902106910709488,-0.181959789262649,0.0117475573845992,0.0095238095238095,False,0.0071838095238074,0.181959789262649,0.0095238095238095,0.26480496453900704
ENSG00000174938,-0.1240438095238101,0.4391159189653617,0.0628017465907291,0.3568325829216678,0.0095238095238095,False,0.1240438095238101,0.0628017465907291,0.0095238095238095,0.263563829787234
ENSG00000131697,-0.1140799999999995,0.2142849155798665,-0.0705338443676311,0.3949970355730359,0.0095238095238095,True,0.1140799999999995,0.0705338443676311,0.0095238095238095,0.263386524822695
ENSG00000038219,0.0540314285714291,0.2581290357418563,-0.1262732085367517,0.0752503889314023,0.0095238095238095,False,0.0540314285714291,0.1262732085367517,0.0095238095238095,0.262854609929078
ENSG00000114573,0.0932628571428537,0.1285934745817885,0.0896127854487538,0.0041698036621316,0.0095238095238095,True,0.0932628571428537,0.0896127854487538,0.0095238095238095,0.26249999999999996
ENSG00000080845,-0.0294095238095266,0.8458501507601772,-0.1563330838018366,8.782431676409216e-05,0.0095238095238095,True,0.0294095238095266,0.1563330838018366,0.0095238095238095,0.26214539007092197
ENSG00000227057,0.0546485714285687,0.3635485721251795,0.1239449640450693,0.0989559498540572,0.0095238095238095,True,0.0546485714285687,0.1239449640450693,0.0095238095238095,0.261968085106383
ENSG00000127616,0.1321885714285731,0.1431410420604812,0.053946338796436,0.4703084933278165,0.0095238095238095,True,0.1321885714285731,0.053946338796436,0.0095238095238095,0.26143617021276594
ENSG00000171804,-0.0066219047619047,0.6867396295084196,-0.1777321997959369,0.1437435793903016,0.0095238095238095,True,0.0066219047619047,0.1777321997959369,0.0095238095238095,0.26125886524822695
ENSG00000152795,0.11278380952381,0.2172052578485146,-0.0683820988270511,0.2585689844643861,0.0095238095238095,False,0.11278380952381,0.0683820988270511,0.0095238095238095,0.2609042553191489
ENSG00000082516,-0.1288733333333311,0.0089261538585001,-0.055698518069299,0.0655697046253725,0.0095238095238095,True,0.1288733333333311,0.055698518069299,0.0095238095238095,0.2607269503546099
ENSG00000131437,0.0824285714285686,0.3349557469117965,-0.0936758711028069,0.0046902663088289,0.0095238095238095,False,0.0824285714285686,0.0936758711028069,0.0095238095238095,0.2601950354609929
ENSG00000117408,-0.1236447619047602,0.2013913427847045,-0.0582548918234913,0.4817257666394016,0.0095238095238095,True,0.1236447619047602,0.0582548918234913,0.0095238095238095,0.25930851063829785
ENSG00000090372,0.1376438095238068,0.0372298154438919,-0.0469097990985432,0.660652787167278,0.0095238095238095,False,0.1376438095238068,0.0469097990985432,0.0095238095238095,0.25913120567375886
ENSG00000125944,0.1409819047619027,0.1475503189213249,-0.0420950319171105,0.1314384196141272,0.0095238095238095,False,0.1409819047619027,0.0420950319171105,0.0095238095238095,0.2591312056737588
ENSG00000182107,0.123489523809523,0.4461683381368655,0.0575331312512652,0.8298159482818563,0.0095238095238095,True,0.123489523809523,0.0575331312512652,0.0095238095238095,0.2587765957446808
ENSG00000164066,-0.1416009523809496,0.0924569901065285,0.0408901388255529,0.9212121212121214,0.0095238095238095,False,0.1416009523809496,0.0408901388255529,0.0095238095238095,0.2582446808510638
ENSG00000131351,0.1506333333333334,0.0917505436523801,0.034679425963862,0.5155448342357403,0.0095238095238095,True,0.1506333333333334,0.034679425963862,0.0095238095238095,0.25735815602836876
ENSG00000186001,-0.0463171428571431,0.2547966934931219,0.1283501268538422,0.0065404795249728,0.0095238095238095,False,0.0463171428571431,0.1283501268538422,0.0095238095238095,0.25735815602836876
ENSG00000114480,0.1773038095238099,0.1673490589289609,-0.0109055555309574,0.269240896074733,0.0095238095238095,False,0.1773038095238099,0.0109055555309574,0.0095238095238095,0.25629432624113474
ENSG00000124191,0.1708638095238095,0.5812923115101177,0.0149558963313793,0.5476190476190476,0.0095238095238095,True,0.1708638095238095,0.0149558963313793,0.0095238095238095,0.2559397163120567
ENSG00000126012,0.0368914285714296,0.8149098163472767,-0.1364942817427419,0.1920507078701927,0.0095238095238095,False,0.0368914285714296,0.1364942817427419,0.0095238095238095,0.2557624113475177
ENSG00000140968,0.0931828571428567,0.4775747424613239,-0.0799722876479869,0.1253113676506865,0.0095238095238095,False,0.0931828571428567,0.0799722876479869,0.0095238095238095,0.2557624113475177
ENSG00000166526,0.0132076190476215,0.8056775677238803,-0.1612003753970832,0.7087743835001532,0.0095238095238095,False,0.0132076190476215,0.1612003753970832,0.0095238095238095,0.2554078014184397
ENSG00000070540,0.1497171428571437,0.079467372199952,-0.0313930981139414,0.4279418577087731,0.0095238095238095,False,0.1497171428571437,0.0313930981139414,0.0095238095238095,0.2550531914893617
ENSG00000087302,0.0759638095238113,0.2948537386766067,-0.0905817213860977,0.0168190715038823,0.0095238095238095,False,0.0759638095238113,0.0905817213860977,0.0095238095238095,0.2546985815602837
ENSG00000130779,0.1648095238095237,0.0092440683483499,-0.0173805977959062,0.3523504789851941,0.0095238095238095,False,0.1648095238095237,0.0173805977959062,0.0095238095238095,0.25452127659574464
ENSG00000102362,0.0188819047619031,0.9557027263986404,0.1542642880303795,0.1690403932021543,0.0095238095238095,True,0.0188819047619031,0.1542642880303795,0.0095238095238095,0.25434397163120565
ENSG00000116209,0.0016409523809528,0.6827747886732767,-0.170883176866063,0.062019128814583,0.0095238095238095,False,0.0016409523809528,0.170883176866063,0.0095238095238095,0.25416666666666665
ENSG00000165832,0.1742019047619027,0.0232356905927841,-0.0046992092102762,0.2765212267728723,0.0095238095238095,False,0.1742019047619027,0.0046992092102762,0.0095238095238095,0.25132978723404253
ENSG00000108443,-0.0779819047619039,0.4002264044883945,-0.0837896594247737,0.3814522482158043,0.0095238095238095,True,0.0779819047619039,0.0837896594247737,0.0095238095238095,0.25115248226950354
ENSG00000106278,0.0190866666666673,0.852070122817723,-0.1476474687602049,1.0,0.0095238095238095,False,0.0190866666666673,0.1476474687602049,0.0095238095238095,0.25115248226950354
ENSG00000068001,-0.1445466666666632,0.1486451666072009,0.0301249332916277,0.9273308438201362,0.0095238095238095,False,0.1445466666666632,0.0301249332916277,0.0095238095238095,0.2511524822695035
ENSG00000178950,0.151135238095236,0.1734981484867512,-0.0224038530445866,0.2481938826465871,0.0095238095238095,False,0.151135238095236,0.0224038530445866,0.0095238095238095,0.25026595744680846
ENSG00000130559,-0.0477066666666647,0.273426669857887,0.1110848719455326,0.0121707581206093,0.0095238095238095,False,0.0477066666666647,0.1110848719455326,0.0095238095238095,0.24991134751773048
ENSG00000124496,0.1022257142857139,0.3349784052144454,-0.064169908260002,0.4388454486843952,0.0095238095238095,False,0.1022257142857139,0.064169908260002,0.0095238095238095,0.24937943262411344
ENSG00000118046,-0.1273923809523811,0.136774980928168,0.0409777383174194,0.3957116100073657,0.0095238095238095,False,0.1273923809523811,0.0409777383174194,0.0095238095238095,0.24937943262411344
ENSG00000072736,-0.1314914285714277,0.0265320602004972,-0.0394238294966058,0.7113134201368752,0.0095238095238095,True,0.1314914285714277,0.0394238294966058,0.0095238095238095,0.24920212765957445
ENSG00000130699,0.0670238095238104,0.7210276641911413,-0.0903288871100045,0.0092448872382938,0.0095238095238095,False,0.0670238095238104,0.0903288871100045,0.0095238095238095,0.24849290780141842
ENSG00000116213,0.0643666666666664,0.4485624296454081,-0.0905400490448542,0.5383526736260346,0.0095238095238095,False,0.0643666666666664,0.0905400490448542,0.0095238095238095,0.24707446808510636
ENSG00000138604,0.1604180952380947,0.044668645713268,0.011152578437894,0.8957124695731036,0.0095238095238095,True,0.1604180952380947,0.011152578437894,0.0095238095238095,0.24689716312056736
ENSG00000126464,0.1315904761904747,0.4274727468970813,0.0339674345174643,0.6972191485395443,0.0095238095238095,True,0.1315904761904747,0.0339674345174643,0.0095238095238095,0.24512411347517726
ENSG00000086758,-0.1481790476190472,0.0282257035701382,-0.0194823058187019,0.4255208798496565,0.0095238095238095,True,0.1481790476190472,0.0194823058187019,0.0095238095238095,0.24494680851063827
ENSG00000115464,-0.0757895238095223,0.0679685144948282,-0.0771775866307145,0.2512412808666275,0.0095238095238095,True,0.0757895238095223,0.0771775866307145,0.0095238095238095,0.24441489361702126
ENSG00000066117,-0.1246466666666634,0.0215967121329891,0.0380233330253396,0.2953049344012678,0.0095238095238095,False,0.1246466666666634,0.0380233330253396,0.0095238095238095,0.24441489361702123
ENSG00000145191,0.1534638095238083,0.0161845220524405,-0.0125072521386684,0.7883908645083231,0.0095238095238095,False,0.1534638095238083,0.0125072521386684,0.0095238095238095,0.24406028368794325
ENSG00000088827,0.1424219047619068,0.4047303557740356,-0.0202116630529829,0.8270662613117976,0.0095238095238095,False,0.1424219047619068,0.0202116630529829,0.0095238095238095,0.2433510638297872
ENSG00000104320,0.0267285714285687,0.6769593962406495,-0.1280456070618427,0.0004014256936332,0.0095238095238095,False,0.0267285714285687,0.1280456070618427,0.0095238095238095,0.2431737588652482
ENSG00000127980,-0.10502761904762,0.031501694112029,0.0518159251765197,0.225127936873455,0.0095238095238095,False,0.10502761904762,0.0518159251765197,0.0095238095238095,0.2424645390070922
ENSG00000124313,-0.1627419047619032,0.2930645411345139,0.0013600420830393,0.9739393493335337,0.0095238095238095,False,0.1627419047619032,0.0013600420830393,0.0095238095238095,0.24193262411347516
ENSG00000060749,-0.0258399999999987,0.7629895289142111,-0.126110983752131,0.0981874496499888,0.0095238095238095,True,0.0258399999999987,0.126110983752131,0.0095238095238095,0.24104609929078014
ENSG00000114127,0.0513571428571424,0.538548297700888,0.0939984818002344,0.006063166463496,0.0095238095238095,True,0.0513571428571424,0.0939984818002344,0.0095238095238095,0.2405141843971631
ENSG00000185104,-0.0668638095238076,0.1475172745603252,-0.0786093563719205,0.0058364797351873,0.0095238095238095,True,0.0668638095238076,0.0786093563719205,0.0095238095238095,0.2403368794326241
ENSG00000273559,-0.0612514285714276,0.130580941373362,-0.0835590092055937,0.0560382352458251,0.0095238095238095,True,0.0612514285714276,0.0835590092055937,0.0095238095238095,0.23998226950354606
ENSG00000198408,0.0446914285714292,0.5050377376049382,0.1009940823817387,0.007788105976988,0.0095238095238095,True,0.0446914285714292,0.1009940823817387,0.0095238095238095,0.23962765957446808
ENSG00000170266,-0.0108828571428549,0.3429455489294148,-0.1364758298226327,0.0023673961541433,0.0095238095238095,True,0.0108828571428549,0.1364758298226327,0.0095238095238095,0.23945035460992903
ENSG00000173559,0.0703095238095237,0.5490874621653656,-0.0694423433733923,0.8767870883365486,0.0095238095238095,False,0.0703095238095237,0.0694423433733923,0.0095238095238095,0.23625886524822692
ENSG00000204371,-0.1006752380952402,0.1786020576097671,-0.0480421553041701,0.5042096019644626,0.0095238095238095,True,0.1006752380952402,0.0480421553041701,0.0095238095238095,0.23608156028368793
ENSG00000105669,0.0279980952380949,0.8801434944080244,-0.110802512117079,0.0293751269244855,0.0095238095238095,False,0.0279980952380949,0.110802512117079,0.0095238095238095,0.23608156028368793
ENSG00000154016,-0.0251247619047605,0.7690606857743995,0.1164646569755127,0.0381426849658528,0.0095238095238095,False,0.0251247619047605,0.1164646569755127,0.0095238095238095,0.2359042553191489
ENSG00000171988,0.054120952380952,0.3212272276334657,-0.0817466419326855,0.0868312382618091,0.0095238095238095,False,0.054120952380952,0.0817466419326855,0.0095238095238095,0.23484042553191486
ENSG00000170832,0.0785628571428596,0.2449954854745505,-0.060676745386285,0.5172552842243727,0.0095238095238095,False,0.0785628571428596,0.060676745386285,0.0095238095238095,0.23466312056737587
ENSG00000157212,-0.0324971428571423,0.7873141664001957,-0.1043025083586961,0.1160667033674112,0.0095238095238095,True,0.0324971428571423,0.1043025083586961,0.0095238095238095,0.23359929078014183
ENSG00000138802,0.007409523809521,0.6396292640359671,0.1312093440680328,0.0017400936098185,0.0095238095238095,True,0.007409523809521,0.1312093440680328,0.0095238095238095,0.2334219858156028
ENSG00000162923,0.0422457142857126,0.7121176440258814,0.0929945861020726,0.0056896297504508,0.0095238095238095,True,0.0422457142857126,0.0929945861020726,0.0095238095238095,0.23271276595744678
ENSG00000074603,-0.0201247619047624,0.8427367930738374,-0.1130255687382373,0.0141572214389865,0.0095238095238095,True,0.0201247619047624,0.1130255687382373,0.0095238095238095,0.23218085106382977
ENSG00000165312,-0.1028752380952386,0.3784149709763241,0.0399534498433915,0.6378941656312587,0.0095238095238095,False,0.1028752380952386,0.0399534498433915,0.0095238095238095,0.23200354609929075
ENSG00000196998,-0.1212752380952366,0.0710016146932024,0.0215937085044082,0.8205884177943333,0.0095238095238095,False,0.1212752380952366,0.0215937085044082,0.0095238095238095,0.2309397163120567
ENSG00000138600,0.1199657142857155,0.1063282504251465,0.02195512639015,0.9121927306200408,0.0095238095238095,True,0.1199657142857155,0.02195512639015,0.0095238095238095,0.23076241134751768
ENSG00000102996,-0.091135238095239,0.3656649663283615,-0.0492071730959651,0.6819978793455665,0.0095238095238095,True,0.091135238095239,0.0492071730959651,0.0095238095238095,0.2305851063829787
ENSG00000057608,0.0853542857142866,0.1431632670180808,-0.0508240775783264,0.1577307098943894,0.0095238095238095,False,0.0853542857142866,0.0508240775783264,0.0095238095238095,0.22952127659574467
ENSG00000164597,-0.0664142857142859,0.47020119207989,0.0635555694416289,0.3901758427808985,0.0095238095238095,False,0.0664142857142859,0.0635555694416289,0.0095238095238095,0.22916666666666663
ENSG00000170471,0.109659999999998,0.0135834450027983,-0.0279043987174674,0.4677538965385839,0.0095238095238095,False,0.109659999999998,0.0279043987174674,0.0095238095238095,0.2284574468085106
ENSG00000181744,-0.0128409523809533,0.6059807704022717,0.1142151037159351,0.1136073086696769,0.0095238095238095,False,0.0128409523809533,0.1142151037159351,0.0095238095238095,0.2281028368794326
ENSG00000107290,0.0102104761904797,0.7995405951895235,-0.1181069524047799,0.0261357216351728,0.0095238095238095,False,0.0102104761904797,0.1181069524047799,0.0095238095238095,0.22739361702127656
ENSG00000151490,0.1336885714285713,0.9841725572320216,0.0040379243730281,0.9530469530469532,0.0095238095238095,True,0.1336885714285713,0.0040379243730281,0.0095238095238095,0.22597517730496453
ENSG00000143878,0.1094714285714317,0.4557164764950419,0.0242918596544825,0.508229291891267,0.0095238095238095,True,0.1094714285714317,0.0242918596544825,0.0095238095238095,0.2254432624113475
ENSG00000134900,0.0703428571428581,0.220177638189304,0.0557923412198206,0.1077642683816582,0.0095238095238095,True,0.0703428571428581,0.0557923412198206,0.0095238095238095,0.2252659574468085
ENSG00000178409,-0.0389619047619049,0.4605299388812577,0.0856776858778403,0.5594031279187399,0.0095238095238095,False,0.0389619047619049,0.0856776858778403,0.0095238095238095,0.22455673758865247
ENSG00000101158,0.0942400000000045,0.2984724768474793,-0.0380107002718475,0.3332986057230533,0.0095238095238095,False,0.0942400000000045,0.0380107002718475,0.0095238095238095,0.22455673758865247
ENSG00000144909,-0.0373085714285714,0.482485119725542,0.087416365019699,0.0773201434979831,0.0095238095238095,False,0.0373085714285714,0.087416365019699,0.0095238095238095,0.22455673758865247
ENSG00000112941,-0.0968438095238077,0.053792495631497,0.0358565431757185,0.1846783170874621,0.0095238095238095,False,0.0968438095238077,0.0358565431757185,0.0095238095238095,0.22367021276595742
ENSG00000139620,-0.1049142857142868,0.0917336330953552,0.0228461674433511,0.7006564541910109,0.0095238095238095,False,0.1049142857142868,0.0228461674433511,0.0095238095238095,0.22207446808510634
ENSG00000108021,0.1028847619047628,0.0165508051626008,0.025946811407536,0.6843318850623437,0.0095238095238095,True,0.1028847619047628,0.025946811407536,0.0095238095238095,0.22189716312056734
ENSG00000108510,-0.0507400000000011,0.3936144043307122,0.0674804505705921,0.3494747374405733,0.0095238095238095,False,0.0507400000000011,0.0674804505705921,0.0095238095238095,0.22171985815602835
ENSG00000006715,-0.0450180952380936,0.5490722007010495,0.0751738018054908,0.0574841233715359,0.0095238095238095,False,0.0450180952380936,0.0751738018054908,0.0095238095238095,0.22171985815602835
ENSG00000136636,-0.0757600000000024,0.2769704500816894,0.0457980667251725,0.4786476017948956,0.0095238095238095,False,0.0757600000000024,0.0457980667251725,0.0095238095238095,0.2206560283687943
ENSG00000185049,0.0478400000000007,0.5359467381724184,0.0691920971368666,0.0998100657064219,0.0095238095238095,True,0.0478400000000007,0.0691920971368666,0.0095238095238095,0.2203014184397163
ENSG00000142694,0.0365666666666673,0.9557030337268896,0.08107568184165,0.4626254138062488,0.0095238095238095,True,0.0365666666666673,0.08107568184165,0.0095238095238095,0.21906028368794322
ENSG00000145555,-0.0298828571428568,0.4726577603707039,0.0848253235582277,0.9320183888842802,0.0095238095238095,False,0.0298828571428568,0.0848253235582277,0.0095238095238095,0.2179964539007092
ENSG00000143390,0.0770990476190487,0.5921767364457499,0.0400788331850137,0.2533444480982557,0.0095238095238095,True,0.0770990476190487,0.0400788331850137,0.0095238095238095,0.2179964539007092
ENSG00000130640,-0.0091533333333302,0.7209784537912938,0.1023232248474812,0.0065404795249728,0.0095238095238095,False,0.0091533333333302,0.1023232248474812,0.0095238095238095,0.21710992907801416
ENSG00000153201,-0.0777990476190471,0.1179836168870343,0.0385557664755928,0.7756090881495159,0.0095238095238095,False,0.0777990476190471,0.0385557664755928,0.0095238095238095,0.21693262411347514
ENSG00000129696,0.0312438095238096,0.3490888916564475,-0.0819778239486517,0.85012113136099,0.0095238095238095,False,0.0312438095238096,0.0819778239486517,0.0095238095238095,0.21675531914893614
ENSG00000085872,-0.1161247619047625,0.2014007334894982,-0.005254124274689,0.5928428890472028,0.0095238095238095,True,0.1161247619047625,0.005254124274689,0.0095238095238095,0.2149822695035461
ENSG00000158805,-0.1171161904761906,0.1046385545772393,-0.0038501993659068,0.9284381099745516,0.0095238095238095,True,0.1171161904761906,0.0038501993659068,0.0095238095238095,0.21480496453900708
ENSG00000177548,-0.0448476190476174,0.3490888916564475,0.0645605467312506,0.1540910815352822,0.0095238095238095,False,0.0448476190476174,0.0645605467312506,0.0095238095238095,0.21427304964539004
ENSG00000185340,0.0460238095238114,0.7389233956024809,0.0619509990002811,0.2275462102534473,0.0095238095238095,True,0.0460238095238114,0.0619509990002811,0.0095238095238095,0.21338652482269502
ENSG00000101333,-0.0731771428571441,0.6596422098416386,-0.0376846944708653,0.5785341601910862,0.0095238095238095,True,0.0731771428571441,0.0376846944708653,0.0095238095238095,0.212854609929078
ENSG00000174106,0.029144761904762,0.87388108519408,-0.0763825136371316,0.1171821794865375,0.0095238095238095,False,0.029144761904762,0.0763825136371316,0.0095238095238095,0.21143617021276595
ENSG00000158669,-0.0214504761904752,0.4509108984218997,-0.0813680249767188,0.2475355498282245,0.0095238095238095,True,0.0214504761904752,0.0813680249767188,0.0095238095238095,0.21090425531914891
ENSG00000138375,0.0062828571428568,0.7995467269346497,-0.0948925972895473,0.3632268641567222,0.0095238095238095,False,0.0062828571428568,0.0948925972895473,0.0095238095238095,0.20948581560283686
ENSG00000078269,0.0403571428571414,0.9936678824692016,0.0610548872151923,0.2464934217753177,0.0095238095238095,True,0.0403571428571414,0.0610548872151923,0.0095238095238095,0.20877659574468083
ENSG00000122566,0.1005990476190472,0.2027930358493667,0.0106348963735385,0.8270662613117976,0.0095238095238095,True,0.1005990476190472,0.0106348963735385,0.0095238095238095,0.2078900709219858
ENSG00000100614,-0.0271847619047616,0.662478800425349,-0.0714813187931007,0.0008026236630264,0.0095238095238095,True,0.0271847619047616,0.0714813187931007,0.0095238095238095,0.20771276595744678
ENSG00000196839,0.0005485714285704,0.9241382162433815,0.0964425703565368,0.1809477897118534,0.0095238095238095,True,0.0005485714285704,0.0964425703565368,0.0095238095238095,0.20664893617021274
ENSG00000149930,-0.0481733333333362,0.5075054405990407,0.0518559751186593,0.0537631164595889,0.0095238095238095,False,0.0481733333333362,0.0518559751186593,0.0095238095238095,0.20664893617021274
ENSG00000168214,0.0207247619047628,0.9146873372961608,-0.0763273123772165,0.0372779780071194,0.0095238095238095,False,0.0207247619047628,0.0763273123772165,0.0095238095238095,0.20611702127659573
ENSG00000124225,-0.0085638095238103,0.8614136581284526,0.086979487096741,0.4522136815850589,0.0095238095238095,False,0.0085638095238103,0.086979487096741,0.0095238095238095,0.20523049645390068
ENSG00000115524,0.0581028571428561,0.2564673756508049,0.0393326176353987,0.229936995414573,0.0095238095238095,True,0.0581028571428561,0.0393326176353987,0.0095238095238095,0.20434397163120566
ENSG00000068654,-0.0207761904761891,0.5517134842678599,-0.0720778453876747,0.1114568831524471,0.0095238095238095,True,0.0207761904761891,0.0720778453876747,0.0095238095238095,0.20416666666666664
ENSG00000128829,-0.0662114285714317,0.1046180680381569,0.0307612558654035,0.7064758703862268,0.0095238095238095,False,0.0662114285714317,0.0307612558654035,0.0095238095238095,0.20363475177304963
ENSG00000133318,-0.0981466666666683,0.1431542382565928,0.0027401590249063,0.7915953794618141,0.0095238095238095,False,0.0981466666666683,0.0027401590249063,0.0095238095238095,0.20203900709219857
ENSG00000136830,0.0685847619047592,0.9209856765485388,0.0244008223999934,0.810894688181772,0.0095238095238095,True,0.0685847619047592,0.0244008223999934,0.0095238095238095,0.20186170212765955
ENSG00000130741,-0.0566438095238073,0.4800283478239747,0.0368430336950957,0.3765526228737246,0.0095238095238095,False,0.0566438095238073,0.0368430336950957,0.0095238095238095,0.20115248226950352
ENSG00000173226,-0.0276028571428579,0.8365400304412742,0.0588674636562984,0.5494632617960311,0.0095238095238095,False,0.0276028571428579,0.0588674636562984,0.0095238095238095,0.1979609929078014
ENSG00000135316,-0.0615933333333327,0.4605135869304776,0.0260486979700402,0.7628878110306341,0.0095238095238095,False,0.0615933333333327,0.0260486979700402,0.0095238095238095,0.19760638297872338
ENSG00000099204,-0.0583609523809496,0.852066314486226,-0.0271892558961113,0.9419478370769262,0.0095238095238095,True,0.0583609523809496,0.0271892558961113,0.0095238095238095,0.19671985815602835
ENSG00000110063,0.006718095238094,0.6856960383564116,-0.0757894314021818,0.4550969332791362,0.0095238095238095,False,0.006718095238094,0.0757894314021818,0.0095238095238095,0.19654255319148933
ENSG00000103966,-0.0815476190476207,0.2128061246317665,0.0065697991719098,0.6278282642416717,0.0095238095238095,False,0.0815476190476207,0.0065697991719098,0.0095238095238095,0.1954787234042553
ENSG00000172037,-0.0680733333333325,0.5385588760594755,-0.0165446763330336,0.9552008827846544,0.0095238095238095,True,0.0680733333333325,0.0165446763330336,0.0095238095238095,0.1947695035460993
ENSG00000163521,0.0210628571428568,0.830351588904367,0.0599174992078772,0.5846045261840792,0.0095238095238095,True,0.0210628571428568,0.0599174992078772,0.0095238095238095,0.19459219858156027
ENSG00000135372,0.0646095238095245,0.2127902374728479,0.0181611747388465,0.8205884177943333,0.0095238095238095,True,0.0646095238095245,0.0181611747388465,0.0095238095238095,0.19388297872340424
ENSG00000047315,0.0230704761904778,0.6453263477021696,0.0562225250658272,0.042497998858962,0.0095238095238095,True,0.0230704761904778,0.0562225250658272,0.0095238095238095,0.19246453900709218
ENSG00000100109,0.0408371428571427,0.3826892990653099,0.0382588999276123,0.2499025342149698,0.0095238095238095,True,0.0408371428571427,0.0382588999276123,0.0095238095238095,0.19104609929078012
ENSG00000138685,-0.0282342857142854,0.9620260590491726,0.0492097851680384,0.5563165169024655,0.0095238095238095,False,0.0282342857142854,0.0492097851680384,0.0095238095238095,0.19015957446808507
ENSG00000181481,-0.0158638095238092,1.0,0.0454503169234854,0.5580906219282429,0.0095238095238095,False,0.0158638095238092,0.0454503169234854,0.0095238095238095,0.17987588652482267
ENSG00000121892,0.0142142857142868,0.7599694085372957,0.0464065195049272,0.1906313423734454,0.0095238095238095,True,0.0142142857142868,0.0464065195049272,0.0095238095238095,0.17952127659574466
ENSG00000171681,-0.0515028571428555,0.4751051233481506,0.0114198878762898,0.3459246579426763,0.0095238095238095,False,0.0515028571428555,0.0114198878762898,0.0095238095238095,0.17952127659574466
ENSG00000110713,0.041545714285716,0.156620852739995,0.0172635872841233,0.8596236957716981,0.0095238095238095,True,0.041545714285716,0.0172635872841233,0.0095238095238095,0.17650709219858154
ENSG00000156030,0.0500476190476177,0.4974327549218147,0.0080203055994587,0.8990051552809231,0.0095238095238095,True,0.0500476190476177,0.0080203055994587,0.0095238095238095,0.17650709219858154
ENSG00000188522,-0.012713333333334,0.2985580664694015,-0.0405796303814121,0.584591395074439,0.0095238095238095,True,0.012713333333334,0.0405796303814121,0.0095238095238095,0.17437943262411346
ENSG00000048405,0.0212666666666656,0.6509878884465379,0.0345035997416367,0.6870907337837076,0.0095238095238095,True,0.0212666666666656,0.0345035997416367,0.0095238095238095,0.17420212765957444
ENSG00000187555,0.0375733333333343,0.5100993341588456,-0.0155611156414359,0.3994222558716631,0.0095238095238095,False,0.0375733333333343,0.0155611156414359,0.0095238095238095,0.17171985815602836
ENSG00000147140,0.038024761904758,0.384876554118303,0.0116708192246441,0.6160679305854524,0.0095238095238095,True,0.038024761904758,0.0116708192246441,0.0095238095238095,0.16923758865248226
ENSG00000113360,0.0243219047619032,0.8707579437564477,0.0209615798183193,0.7092644429031234,0.0095238095238095,True,0.0243219047619032,0.0209615798183193,0.0095238095238095,0.16764184397163118
ENSG00000204560,0.0185047619047633,0.9588602646783644,-0.0237027313677558,0.7597173233165314,0.0095238095238095,False,0.0185047619047633,0.0237027313677558,0.0095238095238095,0.1655141843971631
ENSG00000100243,0.0362123809523797,0.9525395286892964,0.0069038815185287,0.5615811009154887,0.0095238095238095,True,0.0362123809523797,0.0069038815185287,0.0095238095238095,0.16356382978723402
ENSG00000142207,-0.0180028571428572,0.8210649477403722,0.0203937049109121,0.6396838768343456,0.0095238095238095,False,0.0180028571428572,0.0203937049109121,0.0095238095238095,0.16267730496453897
ENSG00000173638,-0.0262238095238114,0.7449214626530616,0.0121256197813117,0.7948902097039933,0.0095238095238095,False,0.0262238095238114,0.0121256197813117,0.0095238095238095,0.16161347517730495
ENSG00000089177,0.0213657142857144,0.8458297960250072,0.014593533780296,0.9452597360400462,0.0095238095238095,True,0.0213657142857144,0.014593533780296,0.0095238095238095,0.1603723404255319
ENSG00000108557,0.0054352380952416,0.8707741822958539,-0.0268358667093799,0.9386369415660588,0.0095238095238095,False,0.0054352380952416,0.0268358667093799,0.0095238095238095,0.15859929078014182
ENSG00000099817,-0.0239495238095219,0.8365361128670671,0.0089459124750241,0.7756090881495159,0.0095238095238095,False,0.0239495238095219,0.0089459124750241,0.0095238095238095,0.1580673758865248
ENSG00000109103,-0.0186780952380942,0.8427456864836251,0.0135430776983618,0.8707652199412061,0.0095238095238095,False,0.0186780952380942,0.0135430776983618,0.0095238095238095,0.15735815602836878
ENSG00000174953,-0.0110666666666645,0.7209993481772607,-0.0164050131415152,0.3610349444536617,0.0095238095238095,True,0.0110666666666645,0.0164050131415152,0.0095238095238095,0.1552304964539007
ENSG00000100320,0.0066276190476166,0.6339823916470165,0.0197199806143615,0.4401664155741143,0.0095238095238095,True,0.0066276190476166,0.0197199806143615,0.0095238095238095,0.15452127659574466
ENSG00000244038,0.0003038095238085,0.8645292911607219,-0.0256752715533501,0.2448011416414963,0.0095238095238095,False,0.0003038095238085,0.0256752715533501,0.0095238095238095,0.15434397163120567
ENSG00000105323,0.0199571428571445,0.911537907628616,-0.0068934323388667,0.9518863160276412,0.0095238095238095,False,0.0199571428571445,0.0068934323388667,0.0095238095238095,0.15416666666666665
ENSG00000169375,-0.0145704761904728,0.8770145765932398,0.005894771756413,0.5421113055856485,0.0095238095238095,False,0.0145704761904728,0.005894771756413,0.0095238095238095,0.1506205673758865
ENSG00000137815,0.0026085714285724,0.9873357678833936,-0.0168904103755487,0.9088934243953064,0.0095238095238095,False,0.0026085714285724,0.0168904103755487,0.0095238095238095,0.14937943262411346
ENSG00000105617,0.0043114285714276,0.6283507553752299,0.01096863535858,0.8606867934503062,0.0095238095238095,True,0.0043114285714276,0.01096863535858,0.0095238095238095,0.14583333333333331
