gene	log2fc	pval
ENSG00000000003	-0.7447865608268565	2.5497972428316618e-08
ENSG00000000419	-0.5469190584068571	1.3712892113787754e-06
ENSG00000000457	-0.4280063902377016	4.4255268456028286e-07
ENSG00000000460	-0.10612627175408917	0.7077179113792387
ENSG00000000938	0.4345640627727967	0.013372396652934123
ENSG00000000971	0.8138926256369388	2.1853834377624033e-12
ENSG00000001036	-0.020115267749417853	0.5122120710764757
ENSG00000001084	-0.4299191376632763	1.0638547903069844e-12
ENSG00000001167	0.01841036410974084	0.709707513789788
ENSG00000001461	0.07726651224028558	0.9378728196119499
ENSG00000001497	-0.002593448168816792	0.6910728430299067
ENSG00000001561	0.32170030135368677	3.4350102364721986e-05
ENSG00000001617	0.9646585717326985	0.016010076879642097
ENSG00000001626	-1.818866499875785	6.614986326918718e-17
ENSG00000001629	0.010390043127085136	0.32915685938847383
ENSG00000001630	-0.5473958140810069	2.3890853464437273e-07
ENSG00000002016	-0.4477235972804703	0.3736263736263737
ENSG00000002330	0.1839043706801604	0.06258050947180249
ENSG00000002549	0.4146038616678709	6.869892612909052e-10
ENSG00000002586	-0.48328606180117717	3.539584707088135e-10
ENSG00000002587	1.044456045175881	1.3673805675325232e-06
ENSG00000002726	0.8156677351561754	6.85073636989826e-09
ENSG00000002746	-0.49784406839729556	0.5208065412399778
ENSG00000002822	0.18918535569853745	7.117433616906725e-07
ENSG00000002834	0.6283625769301651	2.031750107713592e-13
ENSG00000002919	-0.06023099620910344	0.7628455144758917
ENSG00000003056	-0.10393952995093159	0.1211255964047835
ENSG00000003096	-0.5383448886991111	0.15418810250261528
ENSG00000003147	-0.5692011018249374	5.138034301250926e-10
ENSG00000003393	-0.1876474675504447	0.032446325056730035
ENSG00000003400	0.392884853255584	1.0175220139259744e-09
ENSG00000003402	-0.2461639516419929	0.007472655643611235
ENSG00000003436	0.9244809153121345	3.707683663120003e-13
ENSG00000003509	-0.1790391789253576	0.025857158643026432
ENSG00000003756	0.020373109463381667	0.8596236957716981
ENSG00000003987	-0.052185099454824524	0.9090717817818682
ENSG00000003989	-0.5920220232036684	0.0010686517806897634
ENSG00000004059	-0.25972871521417673	0.00022518163747767988
ENSG00000004139	-0.003463009308351417	0.6102242668264857
ENSG00000004142	-0.4092033736534084	9.245218634974503e-08
ENSG00000004399	0.10372875445777296	0.4231079166876959
ENSG00000004455	-0.42141586069810444	1.6870384702631276e-11
ENSG00000004468	0.38695416963088647	0.0010143651209783043
ENSG00000004478	-0.13067412584853955	0.001306413833495326
ENSG00000004487	-0.08592685950374701	0.002400311303335485
ENSG00000004534	-0.11966477390012287	0.0023673961541433694
ENSG00000004660	-0.5833196375350447	9.695030489772836e-10
ENSG00000004700	0.23164840669292985	1.3071103968870308e-05
ENSG00000004766	-0.1521374951672776	0.0006492812942832491
ENSG00000004776	0.07593323438630506	0.28769132651142293
ENSG00000004779	-0.7574239663114106	7.928224899333046e-11
ENSG00000004799	-0.967622799251572	8.832691014765486e-09
ENSG00000004848	0.14124885556734057	0.8073622322086782
ENSG00000004864	-0.007795056678109091	0.7345027378243308
ENSG00000004866	-0.19397812403522963	0.3369362735968441
ENSG00000004897	0.046606187349741646	0.978421340043115
ENSG00000004939	-0.8279658800428926	9.38875790575851e-07
ENSG00000004961	0.029634344862731865	0.5756920098969223
ENSG00000004975	0.31429661864990166	9.572744988615487e-05
ENSG00000005001	0.8015310834807714	0.002328287182609701
ENSG00000005007	0.02920037758219607	0.2765212267728723
ENSG00000005020	0.4817268600936373	0.00044111840490158703
ENSG00000005022	0.15547878083079425	0.2839346212069046
ENSG00000005059	0.24519344047171998	0.09358127967826899
ENSG00000005100	-0.26175275858090075	0.004324807454878099
ENSG00000005108	-0.4541121198372551	8.776231800039922e-06
ENSG00000005156	-0.1427699811176808	0.00017012329456054807
ENSG00000005175	-0.11624310721093778	0.005405886035755181
ENSG00000005187	-1.3079133157878005	3.512326982502653e-12
ENSG00000005194	-0.07431796941173374	0.2516193862037637
ENSG00000005206	0.021986755087361587	0.5314835025931843
ENSG00000005243	0.2483300289000816	0.0004078006480503658
ENSG00000005249	-0.8484402700341036	3.1087061591124088e-18
ENSG00000005302	-0.5032891400939192	5.632695944584856e-05
ENSG00000005339	-0.16066706461947433	0.00011359084008403806
ENSG00000005381	0.538850113579425	0.007229402457557596
ENSG00000005421	0.2649102068890379	0.012756017248409503
ENSG00000005436	-0.4479743346561982	1.0674952951496852e-08
ENSG00000005448	0.34153918679622564	9.664432976360077e-06
ENSG00000005469	0.3130512516540058	3.479084344743694e-07
ENSG00000005483	0.1206904583068642	0.13241794541585616
ENSG00000005486	-0.06239207583925577	0.2932492163102445
ENSG00000005700	-0.7559577786715685	3.575843583527599e-14
ENSG00000005801	-0.4607189609882578	0.2167832167832168
ENSG00000005810	-0.13255162047258295	6.531935446420411e-05
ENSG00000005812	-0.33835804348106535	0.0119961053166838
ENSG00000005844	0.34064956079565434	0.0004920479190253648
ENSG00000005882	-1.1347694079708788	1.2300937006469528e-14
ENSG00000005884	0.6899364410928257	1.0963992616114029e-11
ENSG00000005889	-0.8959444165112629	0.06666666666666667
ENSG00000005893	0.8644188374280262	3.6354689143443846e-10
ENSG00000005961	-0.07312180615580388	0.3912830824324791
ENSG00000006007	-0.05909985754122005	0.48871888900722493
ENSG00000006025	-0.08269391479292665	0.2588529573911672
ENSG00000006047	-0.7294097336854257	0.16839692203854006
ENSG00000006071	-0.17780576386789804	0.4727233102519144
ENSG00000006118	0.12381786174790577	0.20285665025545718
ENSG00000006125	0.4674903682742375	2.3749558874673965e-11
ENSG00000006128	-0.363162465010582	0.22527472527472528
ENSG00000006194	-0.29005796712367804	0.15283797729618162
ENSG00000006282	-0.5792638139850865	1.2206429665548774e-09
ENSG00000006327	0.6132091184676014	3.7293923513409237e-06
ENSG00000006451	0.1350123250985753	0.07662513184492546
ENSG00000006453	0.9485635263092185	9.17409313392292e-19
ENSG00000006530	0.011626926366368195	0.8335558933721322
ENSG00000006534	0.8219393264510835	1.8171666874383594e-14
ENSG00000006555	-0.059475209507034776	0.37318120075437
ENSG00000006607	0.08658389757658469	0.18094778971185344
ENSG00000006611	0.7781963500739089	1.3482826326341057e-07
ENSG00000006625	-0.2404440070014573	0.07389584931202194
ENSG00000006652	-1.4053664785830797	1.733248680131348e-11
ENSG00000006704	-0.3798282888287403	0.15998707175177765
ENSG00000006712	-0.024835157481255976	0.7948034199273442
ENSG00000006715	0.07517380180549083	0.05748412337153596
ENSG00000006740	-0.39126499172666485	0.0004214362930281962
ENSG00000006744	-0.28626296181199606	2.3656359781157687e-10
ENSG00000006747	0.7141593440848446	4.3301343964209795e-07
ENSG00000006756	-0.6746069430647452	3.150800761763588e-09
ENSG00000006757	0.10741027617144638	0.5772642927593039
ENSG00000006831	-0.16910418815991157	0.496969696969697
ENSG00000007047	-0.13215592708309742	0.19210001638550867
ENSG00000007062	0.4186035339429104	0.004569772964974592
ENSG00000007080	-0.2600197726762943	2.373319865214249e-08
ENSG00000007168	-0.10777610940761662	0.0016439897243743357
ENSG00000007202	-0.11787026637171394	0.019950590438163236
ENSG00000007216	-0.3082161457446517	0.1829004329004329
ENSG00000007237	0.44127124153797936	1.1007997445031751e-05
ENSG00000007255	-0.46534426456514666	8.04475099996971e-06
ENSG00000007306	0.9435385495909294	1.332007243709466e-07
ENSG00000007350	0.06684008639433969	0.8636363636363636
ENSG00000007376	-0.2646004468877621	0.4121212121212121
ENSG00000007384	0.2885380902430441	0.0022398266556136284
ENSG00000007392	0.2161075498827003	0.008698819595549542
ENSG00000007402	-0.8370073265465656	1.910803082682401e-10
ENSG00000007520	0.1196896924955233	0.09859932908478444
ENSG00000007541	-0.2592504403552027	0.2547317646066901
ENSG00000007866	0.49799523626592546	4.3301343964209795e-07
ENSG00000007923	-0.15337314855212014	0.1601930705853718
ENSG00000007933	-0.2554065281119833	0.06199640216678007
ENSG00000008018	0.4889577223322874	1.5044538818196484e-11
ENSG00000008056	-1.015379970638591	3.2915915363088418e-15
ENSG00000008083	0.21524876762878975	0.9494505494505494
ENSG00000008086	0.31680276255359274	0.03366908167453593
ENSG00000008128	0.1723287056277485	0.11929591763091243
ENSG00000008130	0.5739731990927908	3.779093075864839e-11
ENSG00000008256	0.09686053160521979	0.19411337718644162
ENSG00000008277	0.5103601084024838	0.0005165952769644894
ENSG00000008282	-0.020484711802819078	0.6426623713797366
ENSG00000008283	-1.5272277136551757	3.0716399408386673e-07
ENSG00000008294	-0.4074224458446345	2.9341987444544113e-10
ENSG00000008311	-0.9022362699825841	2.2327087484456852e-18
ENSG00000008324	-0.17777577624078233	0.5058177117000646
ENSG00000008382	-0.13305042478939555	0.21181683847361565
ENSG00000008394	-0.7105420521133681	2.2528383829428665e-05
ENSG00000008438	0.801584515048809	0.00017207347109614527
ENSG00000008441	-0.23218652737843115	0.000744364493044797
ENSG00000008513	0.1301973562966694	0.2246368236529822
ENSG00000008516	0.7112281449824529	0.002196312443154598
ENSG00000008517	0.20180942666669566	0.03859396463602877
ENSG00000008838	0.01542598161323383	0.29664698792617217
ENSG00000008869	-0.21477238534101417	7.915393121225426e-05
ENSG00000008952	-0.7305280399034721	5.618033445377585e-07
ENSG00000008988	-0.6645319964136611	7.94713496637227e-09
ENSG00000009307	-0.17818245436576774	6.359187865228765e-09
ENSG00000009335	0.2677408106608148	1.6326471013712265e-07
ENSG00000009413	-0.9949334987281873	0.043765540333046055
ENSG00000009724	-0.13659407215192232	0.41383047643330395
ENSG00000009765	0.014771025668810722	0.7619639027851384
ENSG00000009780	-0.19454345710909493	0.02742952172968103
ENSG00000009790	0.2805344698050902	0.0008270904851681822
ENSG00000009830	-0.6146417885478037	0.0012692793217046123
ENSG00000009844	0.4131291668610366	1.189374344751586e-09
ENSG00000009954	0.012091617670062504	0.3765526228737246
ENSG00000010017	0.007695139270175844	0.624879150846561
ENSG00000010072	-0.9248717693801503	0.14789766744294366
ENSG00000010165	-0.17169216710773227	0.0005155107298759038
ENSG00000010244	-0.14113459278645024	0.00042083524792184364
ENSG00000010256	0.1748141136232313	0.04042139956987062
ENSG00000010278	0.2944609868254169	0.001214837680051155
ENSG00000010292	0.4901147310327616	1.5049115664511994e-06
ENSG00000010322	-0.13693755396015206	0.01968062068511217
ENSG00000010327	0.28113433540201527	2.7594418855185613e-05
ENSG00000010404	0.12406676400196304	0.03295413840548805
ENSG00000010438	-2.5147800269108878	1.3803584465654895e-11
ENSG00000010610	0.18907977175163282	0.09136044494662207
ENSG00000010671	0.6110120486082771	2.3890853464437273e-07
ENSG00000010704	0.35495035036159095	0.0001525244150916727
ENSG00000010803	-0.9588053109897494	2.026958548697679e-05
ENSG00000010810	0.21827321445101688	0.008373492295356971
ENSG00000010818	-0.18240538088684133	0.20171138560905333
ENSG00000010932	-0.4067657086419594	0.00021535790765899934
ENSG00000011007	-0.951844097195039	7.352209667284521e-17
ENSG00000011009	0.23791553275848898	5.556548481826914e-08
ENSG00000011021	0.08620937409813756	0.6216030271757825
ENSG00000011028	0.657348360336254	1.4619210482549633e-11
ENSG00000011105	-0.0770267191334284	0.15773070989438942
ENSG00000011132	-0.30665201180572765	0.028077441250812053
ENSG00000011143	-0.18158957136597564	0.4126984126984127
ENSG00000011198	-0.2915621454414641	0.06395875673634761
ENSG00000011201	0.7488467585713892	1.3569051260029503e-07
ENSG00000011243	-0.07160740276399125	0.034700575334563076
ENSG00000011258	-0.42638565079726476	0.18794851976259663
ENSG00000011260	-0.21774347352088697	8.631950963235408e-05
ENSG00000011275	-0.3282533974727464	0.002657540027597175
ENSG00000011295	-0.47748123611697935	1.4371643125170013e-05
ENSG00000011304	-0.06631670466991935	0.046007959138606155
ENSG00000011347	-0.42217090558741077	0.028618726532797147
ENSG00000011376	-0.3344792451228322	1.8684778898162458e-07
ENSG00000011405	0.03823576796417072	0.24144108257561459
ENSG00000011422	0.9603195090217085	1.0504752666459142e-15
ENSG00000011426	0.9406532291037806	1.0420352957184256e-10
ENSG00000011451	0.06806819519137619	0.09073201769479895
ENSG00000011454	0.027275463314246906	0.7597173233165314
ENSG00000011465	0.604977819498977	2.7079656153774633e-06
ENSG00000011478	-0.43781221333434317	0.004920006678153529
ENSG00000011485	0.3651357367042216	1.1588871188305543e-09
ENSG00000011523	-0.8452507243191221	9.07909563577777e-18
ENSG00000011566	-0.11368471867763574	0.0024025311431929235
ENSG00000011600	0.8981194807795383	1.1593088732287919e-07
ENSG00000011638	0.5685551313757351	8.224331489611396e-07
ENSG00000012048	-0.030914917316508195	0.8000877602461636
ENSG00000012061	0.3758101586251499	6.070500598652014e-05
ENSG00000012124	-0.8598216786610564	0.0038666647362299534
ENSG00000012171	-0.4032421684351988	0.0003721434364486714
ENSG00000012223	0.651890609356899	0.2388703084355258
ENSG00000012232	0.21644954060520405	0.28207791905653623
ENSG00000012660	0.21143992975752468	0.12310608396207824
ENSG00000012779	0.6995087491911285	2.0615080177113404e-15
ENSG00000012822	0.14206031142567	0.0021784326199546958
ENSG00000012963	-0.0608497906867953	0.02450253151987272
ENSG00000012983	0.5843208111084373	2.2801631887560364e-17
ENSG00000013016	0.4729827503895905	6.81881707022901e-07
ENSG00000013275	0.03282059449412955	0.19346691881488776
ENSG00000013288	-0.5817270514879915	1.206292807290259e-08
ENSG00000013293	-0.5049093253249186	0.12637362637362637
ENSG00000013364	0.6495357879099473	1.5932857760103514e-17
ENSG00000013374	0.011950078236949935	0.7883908645083231
ENSG00000013375	-0.4742702727439223	1.5219899362933755e-06
ENSG00000013392	-0.4478027971578147	0.024455936220642106
ENSG00000013441	-0.616874252876336	0.002249537915585985
ENSG00000013503	-0.2553503327409139	7.514316276030443e-08
ENSG00000013523	-0.23536101384669905	0.04641839310361719
ENSG00000013561	-0.16514525485440856	0.0010647852625267006
ENSG00000013563	0.17253427656106624	0.05618872423552916
ENSG00000013573	0.18689460325667184	0.21782696199322316
ENSG00000013583	-0.3483065356357571	1.7352177411645422e-05
ENSG00000013588	1.308695880059588	3.5215927946603614e-16
ENSG00000013725	-0.02203611845451192	1.0
ENSG00000013810	0.420558995327287	0.00010978402865376545
ENSG00000014123	-0.5004697899183022	3.25695717858146e-07
ENSG00000014138	-0.2658721664539456	0.9222636250562741
ENSG00000014164	0.6745131670338509	0.030077667701302102
ENSG00000014216	0.3155739086594558	4.483631314499304e-09
ENSG00000014257	0.23944099489791526	0.006031608139237663
ENSG00000014641	0.0019254212003509963	0.5421113055856485
ENSG00000014824	0.057889497410954505	0.4207029833342387
ENSG00000014914	0.15922249021608081	0.041207275623390584
ENSG00000014919	-0.24806663188285683	0.007911454376467944
ENSG00000015133	-0.2523288682207898	0.002302802408276816
ENSG00000015153	-0.3647812711095355	0.006214778420040051
ENSG00000015171	-0.4306943402158616	5.79554605223745e-13
ENSG00000015285	0.3516287871625785	1.7029490680687246e-05
ENSG00000015413	-0.5911132962295227	9.080910264180866e-06
ENSG00000015520	-0.11744294269729139	0.5109881422924901
ENSG00000015532	-0.09481957890465154	0.43382468193845114
ENSG00000015676	0.4047911980340153	9.887304129733379e-14
ENSG00000016391	-0.64805221361215	3.834905151788702e-10
ENSG00000016402	-0.28982254565907795	0.0005304044540461181
ENSG00000016490	0.1217216388030593	0.8400568851302858
ENSG00000016602	0.49315924735177674	0.7662488879880184
ENSG00000016864	-0.025895628735678855	0.6546335040132796
ENSG00000017260	0.5342784848484889	9.716336642430768e-13
ENSG00000017427	-0.1923313472450019	0.6870468661773009
ENSG00000017483	-1.8987097354684863	1.0911785826483348e-11
ENSG00000017797	-0.20641897705157675	4.219558941739691e-06
ENSG00000018189	-0.09136786090593318	0.03063588133123842
ENSG00000018236	0.023702152436204216	0.7787989873457799
ENSG00000018280	-0.5039271391238458	0.04284346893042545
ENSG00000018408	0.12529432144591723	0.06931111207649762
ENSG00000018510	0.572025130371177	3.224886893990036e-18
ENSG00000018610	-0.03855386656573856	0.2283259240637443
ENSG00000018625	-0.4820806677207763	9.572744988615487e-05
ENSG00000018699	-0.14935195222202324	0.0014043241193077052
ENSG00000019102	0.9783438290349054	9.773184516282376e-07
ENSG00000019144	0.38793434227570245	7.27142805479129e-07
ENSG00000019169	0.7186414937075476	3.306057297589688e-05
ENSG00000019186	-0.03207298378528378	0.40042913608131
ENSG00000019485	-0.2814332719463941	0.0983905483155858
ENSG00000019505	0.5458239278780788	9.556958810329209e-05
ENSG00000019549	0.21781941484963596	0.21497490111523976
ENSG00000019582	0.42272080756485053	9.080910264180866e-06
ENSG00000019991	0.48562547199325934	8.631950963235408e-05
ENSG00000020129	0.4632376136022458	4.54331197820597e-11
ENSG00000020181	-0.19189259380666357	0.03392447089864194
ENSG00000020256	-0.13276099095421046	0.020401868149516625
ENSG00000020426	-0.026536650551818752	0.6015052490166353
ENSG00000020577	0.49190646828269635	1.2462901279415315e-05
ENSG00000020633	0.044355705410467294	0.417749468181281
ENSG00000020922	-0.008586212006235883	0.885845409359862
ENSG00000021355	0.01719616497607035	0.9452597360400462
ENSG00000021574	0.22097197546995773	4.7494992087572944e-05
ENSG00000021762	-0.084437965866897	0.430509407580687
ENSG00000021776	-0.22233564867760336	3.2498818019906876e-06
ENSG00000021826	-0.013916836370555075	0.5122120710764757
ENSG00000021852	0.7033152719604558	3.266508651405378e-10
ENSG00000022267	0.19877859368367012	0.013840349764755787
ENSG00000022277	-0.11535800090701542	0.018613223509427117
ENSG00000022556	-0.057866454489452934	0.33951000478216353
ENSG00000022840	-0.2619251953221813	0.015343834114878552
ENSG00000023041	0.039764226099947564	0.9658385386987796
ENSG00000023171	0.2702440532477546	0.016938117335008267
ENSG00000023191	0.5334635148834153	6.176308953240247e-11
ENSG00000023228	-0.501913616254285	6.692964083323971e-08
ENSG00000023287	-0.2273359649182467	1.8355562791958665e-05
ENSG00000023318	-0.4548915744463429	1.3021154042210492e-07
ENSG00000023330	0.244210380642798	0.031714563497550786
ENSG00000023445	-0.1605433846642299	1.0
ENSG00000023516	-0.0009208831668061634	0.42794185770877313
ENSG00000023572	0.7362903735468578	0.020702513477289738
ENSG00000023697	0.16943546010228872	0.012906168797182451
ENSG00000023734	-0.08408677649272533	0.0527376725754724
ENSG00000023839	-0.5995958005232964	0.0038909681302578356
ENSG00000023892	0.2797439204059806	1.4925662157151654e-05
ENSG00000023902	0.08997465284535267	0.1261999840672004
ENSG00000023909	0.11910577977187486	0.030958236086904015
ENSG00000024048	-0.2297307309411245	4.948154702246751e-06
ENSG00000024422	0.1661256456839162	0.01081045662739508
ENSG00000024862	-0.6006433358667316	1.2868765899217633e-15
ENSG00000025293	-0.5201232511664422	0.2572389851810263
ENSG00000025708	0.8164965838679379	1.2002876413772277e-12
ENSG00000025770	-0.3142872759333244	0.034836330547427095
ENSG00000025772	0.17259009505334078	0.0014874761962627267
ENSG00000025796	-0.8881973504984124	4.672321358940423e-11
ENSG00000025800	-0.04505187069721117	0.6972191485395443
ENSG00000026025	0.7962260099097733	8.954911171455997e-12
ENSG00000026103	0.3021671707826492	0.00031845435311245597
ENSG00000026297	0.5879698176711088	3.733887319564153e-10
ENSG00000026508	0.14333467599466232	0.09477252366130548
ENSG00000026652	-0.1453254854270476	0.7138634260269254
ENSG00000026950	0.00775187189373483	1.0
ENSG00000027001	-0.17625241166269845	0.002271114566460635
ENSG00000027075	0.09717241755408779	0.31932083094168817
ENSG00000027697	0.18405070381346533	0.02393998953787242
ENSG00000027847	-0.2296623319208173	0.03291510536952252
ENSG00000027869	-0.3596306919662702	0.15414531398938877
ENSG00000028116	-0.024803310619873287	0.5728564712712656
ENSG00000028203	-0.004998332184484866	0.6740637052586181
ENSG00000028277	-0.09585754096975663	0.7202178479942996
ENSG00000028310	0.11483642657012894	0.18954844169736218
ENSG00000028528	0.324906977219122	2.208722004827e-08
ENSG00000028839	-0.2367959021740802	0.07039823531642221
ENSG00000029363	-0.05196714507938793	0.03329727802663553
ENSG00000029364	-0.7750704394740247	5.756849949727945e-09
ENSG00000029534	-0.3769531995518882	0.006458651836016812
ENSG00000029639	-0.14320945006386054	0.059859884096711405
ENSG00000029725	0.034331451935312174	0.17163431818991803
ENSG00000029993	0.29623270327552476	0.0011627765145378118
ENSG00000030066	-0.045880642957683904	0.21882822245298594
ENSG00000030110	0.2478538436356139	0.034345754006712845
ENSG00000030419	-0.313808418033247	0.5166666666666666
ENSG00000030582	0.6522188853380477	1.6486580258156522e-14
ENSG00000031081	0.11001470484458054	0.02149973437837253
ENSG00000031691	0.3593470421836411	0.3833333333333333
ENSG00000031698	-0.4432548099039657	5.6151633966521214e-09
ENSG00000031823	-0.2000455023937917	1.5962498113062184e-07
ENSG00000032219	-0.3962030028438335	3.150800761763588e-09
ENSG00000032389	-0.032613142352065694	0.4401664155741143
ENSG00000032444	0.3030153759884726	1.0133038446795068e-07
ENSG00000032742	-0.19483130425607698	0.0007788299340251591
ENSG00000033011	-0.5821960803164821	1.085250337450355e-07
ENSG00000033030	-0.27891243440177504	4.191630329061094e-12
ENSG00000033100	0.43901995925043025	3.09054384893767e-08
ENSG00000033170	0.13237629996928746	0.08015172234752757
ENSG00000033178	0.38171085840048846	4.3282641826358376e-16
ENSG00000033327	-0.02395202969966803	0.48060352887666336
ENSG00000033627	0.1573600409310636	0.005069200316517431
ENSG00000033800	0.35071649591483833	0.003137259035813643
ENSG00000033867	0.2151333950689498	0.6927361190821673
ENSG00000034152	0.3413947228013967	7.010496793510809e-08
ENSG00000034510	0.520222422660801	8.404185383975579e-06
ENSG00000034533	0.16513003797546233	0.32252775865358785
ENSG00000034693	0.1717472940436764	0.00818176106476094
ENSG00000034713	-0.10651346286644525	0.23811362110722023
ENSG00000034971	0.3587303189283091	0.022533860769185916
ENSG00000035115	-0.20564654498210544	0.01732610917702899
ENSG00000035141	-0.7380629900570632	3.951995906701708e-12
ENSG00000035403	0.6934081920881567	6.164519422377653e-17
ENSG00000035664	0.027045483065819553	0.7575929340596023
ENSG00000035681	0.015613238651333461	0.8433115062437173
ENSG00000035687	0.5831949568302264	1.0647275753319456e-18
ENSG00000035720	-0.12249828454635647	0.7056088073298425
ENSG00000035862	0.8734145488805432	6.765945894022161e-14
ENSG00000035928	-0.6598817713429845	9.73782297533547e-17
ENSG00000036054	-0.2761569353933986	4.755461125972506e-06
ENSG00000036257	-0.06036290284435353	0.05123019393730133
ENSG00000036473	-0.9926511739114758	2.9417576394476822e-08
ENSG00000036549	-0.3277405022232962	0.00017733656145099328
ENSG00000036828	-0.9119472303717941	9.809596122155631e-08
ENSG00000037241	-0.7148605981771254	1.892590653219094e-09
ENSG00000037474	0.125169548968465	0.0008522476988242955
ENSG00000037637	-0.17464904460845787	0.1400983041776396
ENSG00000037757	0.23116221789416258	0.0013842167729265708
ENSG00000037897	-0.17869401626109038	0.05089074672173592
ENSG00000038002	-0.5736661134543226	4.4418296448753456e-11
ENSG00000038210	-0.019755199525484102	0.8115232966550845
ENSG00000038219	-0.12627320853675172	0.07525038893140235
ENSG00000038274	0.38889753011582684	9.102622505143746e-11
ENSG00000038358	0.14415965531877717	3.817655077963534e-06
ENSG00000038382	0.46652693385145483	6.765945894022161e-14
ENSG00000038427	1.2944699196691474	3.24773580863498e-14
ENSG00000038532	-0.29727515664941606	3.89498008227162e-06
ENSG00000038945	0.26608060659155086	0.003903852081905391
ENSG00000039068	-0.2414640079289221	0.0021784326199546958
ENSG00000039123	-0.07647765537034701	0.006458651836016812
ENSG00000039319	0.04923074227616553	0.08530933282846397
ENSG00000039523	0.34648652299400595	1.694813139697746e-08
ENSG00000039537	0.5178996510972418	1.085250337450355e-07
ENSG00000039560	0.7282416272709966	3.470258530543528e-18
ENSG00000039650	-0.02701518034632855	0.7470761936774952
ENSG00000040199	0.1445774635243886	0.8251773353402105
ENSG00000040275	0.024197190848028072	0.9441606469409496
ENSG00000040341	-0.3643724727029962	8.474987269649754e-10
ENSG00000040633	-0.26154669333061875	9.080910264180866e-06
ENSG00000040933	0.15141319823017696	0.001893966595990889
ENSG00000041353	-0.12024023539954243	0.06867563863383183
ENSG00000041357	0.10436363154000361	0.2036352950282595
ENSG00000041802	-0.35366325555498435	4.8293447820601993e-08
ENSG00000041982	1.2176562604540777	1.232224270445737e-13
ENSG00000042088	-0.2448371790265078	9.725175250536722e-05
ENSG00000042286	0.415519013662486	2.156360424474972e-08
ENSG00000042429	-0.5756644881060211	5.06310460461265e-06
ENSG00000042445	0.022156186657511512	0.7915953794618141
ENSG00000042493	0.9225424964163054	1.2441237689093573e-15
ENSG00000042753	0.07144723432824662	0.1390534615209038
ENSG00000042980	0.6978569198823656	3.403016318887894e-08
ENSG00000043093	0.1696326428173478	4.501488193403292e-05
ENSG00000043143	-0.23033847954970454	0.002092803685806964
ENSG00000043462	0.42710140431956134	0.0001618307883933606
ENSG00000043514	-0.40781310847637187	0.0010093323743185782
ENSG00000044090	-0.13968811986022445	0.007229402457557596
ENSG00000044115	-0.11671492378239634	0.02012232232651324
ENSG00000044446	-0.2698346495582449	4.14526531364016e-07
ENSG00000044459	-0.3749631693777893	0.18763232999488433
ENSG00000044524	-0.1860939878652026	0.14113509631430557
ENSG00000044574	-0.6808569195233822	1.1659655694546193e-10
ENSG00000046604	0.11793629149825335	0.5756920098969223
ENSG00000046647	0.5542761012831328	2.085192454161558e-06
ENSG00000046651	-0.40543416566774937	2.791526511152168e-06
ENSG00000046653	-0.2971505503149867	0.056275699746990614
ENSG00000046889	0.5909878150780656	0.036545780289432
ENSG00000047056	-0.3430960910656893	8.9895275192236e-09
ENSG00000047188	-0.045760872304171585	0.3502001942354852
ENSG00000047230	0.04043554538365868	0.9651490035971579
ENSG00000047249	0.26565876004475797	4.3301343964209795e-07
ENSG00000047315	0.056222525065827256	0.04249799885896208
ENSG00000047365	-0.04079675178238418	0.6276539090986869
ENSG00000047410	0.10524381326386845	0.0061404728009422874
ENSG00000047457	0.40906402513873275	1.3837269454422599e-05
ENSG00000047578	0.21754189519975853	0.025327056354288408
ENSG00000047579	0.3478415836911104	1.065883975806703e-06
ENSG00000047621	0.12735257877475803	0.0222187188330403
ENSG00000047644	0.2597999790087471	0.0005400130236603917
ENSG00000047648	-0.2833170481017717	0.03656078899787561
ENSG00000047849	0.374844377197018	1.9587064747065807e-08
ENSG00000047932	0.00988508538548416	0.9552008827846545
ENSG00000048028	-0.14489077538937778	0.0005907787124501761
ENSG00000048052	0.8921073357201905	0.0005142583335094868
ENSG00000048162	-0.2743972706742639	4.189864616209047e-05
ENSG00000048342	-0.04742665617568953	0.7538228971638583
ENSG00000048392	0.21648094353360392	0.0023673961541433694
ENSG00000048405	0.03450359974163675	0.6870907337837076
ENSG00000048471	0.17479308188013576	0.00013009900171646527
ENSG00000048544	-0.28626176989562424	4.2367271288368764e-07
ENSG00000048649	-0.062332951059154595	0.008913689496559485
ENSG00000048707	-0.04704415594510891	0.3152288716376441
ENSG00000048740	0.2679149512172856	0.0014453490857525674
ENSG00000048828	0.020928547907608674	0.4831963405166644
ENSG00000048991	0.29412572150272354	0.1751366031794961
ENSG00000049130	0.7551191747450936	7.189503585142155e-05
ENSG00000049167	-0.25296197875295334	0.0813369220293585
ENSG00000049239	0.6840394327825514	1.2300937006469528e-14
ENSG00000049245	1.1345354015968567	2.5859631389889787e-11
ENSG00000049246	-0.5048421165845234	6.765524557428538e-07
ENSG00000049283	-0.7515284653325018	2.0960104455361852e-08
ENSG00000049323	1.150523506463049	3.461585705064727e-19
ENSG00000049449	0.72937291531942	3.152246692686417e-11
ENSG00000049540	0.03229186093034997	0.5506864186954076
ENSG00000049541	0.12423039634191113	0.05428204863418428
ENSG00000049618	-0.17513510129148457	8.568699214011113e-06
ENSG00000049656	-0.8169501609867353	9.658139399866937e-10
ENSG00000049759	-0.4371899116738298	5.4283839698543694e-08
ENSG00000049769	-0.9370590952170161	5.28484421949022e-10
ENSG00000049860	0.3364661821765438	8.242693018322496e-06
ENSG00000049883	-0.14136723249997019	0.5692908742444346
ENSG00000050165	0.30080975974046	0.023746072623446926
ENSG00000050327	0.16025859596709324	0.02670063732845715
ENSG00000050393	-1.1323442031957462	1.8171666874383594e-14
ENSG00000050405	0.24557338002282236	5.26516293250547e-07
ENSG00000050426	-0.46469585990147877	4.256310952793146e-06
ENSG00000050555	-0.9801961412341456	5.138034301250926e-10
ENSG00000050748	-0.1561093806842493	0.015178556063422582
ENSG00000050820	0.45281324603439543	1.7937117134306492e-13
ENSG00000051009	0.5165774824050615	2.1747995396323153e-13
ENSG00000051108	-0.7439223410185214	3.6094444171747853e-07
ENSG00000051128	0.4447129778243948	4.5229449804755814e-07
ENSG00000051341	0.039899886239659565	0.6686846338999506
ENSG00000051382	0.07165970029202384	0.7948034199273442
ENSG00000051523	0.3583565074197992	0.0004142700707433524
ENSG00000051596	-0.1946147234642588	0.000790643727950585
ENSG00000051620	0.22788556367306256	0.0002607145855217422
ENSG00000051825	-0.6383184117556517	0.5989010989010988
ENSG00000052126	0.09233426474234818	0.01799739576475073
ENSG00000052344	0.39523704171697815	2.3951751373559154e-05
ENSG00000052723	0.05556259800619756	0.6878394881496865
ENSG00000052749	-0.12755828705237704	0.014001720692045064
ENSG00000052795	-0.5551119864031122	3.425170602299035e-05
ENSG00000052802	0.3638110505238288	0.0001100856098754289
ENSG00000052841	-0.18101659949950744	0.015050460580511566
ENSG00000053254	-0.33613159792828107	0.22681208951231835
ENSG00000053371	0.157986714637655	0.004115333853810236
ENSG00000053372	0.22940506852606646	0.0021784326199546958
ENSG00000053501	-0.9064933292938662	1.0963992616114029e-11
ENSG00000053702	0.0993076439123044	0.06315129482049547
ENSG00000053747	1.3957319175423102	6.454531244453166e-18
ENSG00000053770	0.13080016965116315	0.005436144361932728
ENSG00000053900	-0.2526907144260768	1.1595758772812754e-06
ENSG00000053918	-0.4288416068223846	0.004087625966582222
ENSG00000054116	0.34985723743541186	9.245218634974503e-08
ENSG00000054118	-0.20100136173163463	1.332007243709466e-07
ENSG00000054148	-0.8294883212212874	2.558714387252197e-19
ENSG00000054179	0.06626687436215306	0.9432789432789432
ENSG00000054219	0.4272421956672403	0.002487169075163631
ENSG00000054267	-0.058232771179028475	0.4677538965385839
ENSG00000054282	0.07446637858285143	0.21831993557019225
ENSG00000054356	-0.41191935493580445	0.012155223856418464
ENSG00000054523	0.13732005390143343	0.0016914139109255885
ENSG00000054598	0.3775746714057533	0.10844487244687911
ENSG00000054611	0.1651879383392938	0.0009601402795520688
ENSG00000054654	0.1321213261908376	0.03227693332025404
ENSG00000054793	0.08293768559044068	0.17691135924792623
ENSG00000054938	0.0414178430908585	0.9335864962947554
ENSG00000054965	0.9071205721860665	8.393966962587215e-09
ENSG00000054983	0.6000781936360333	2.3825051024650094e-09
ENSG00000055044	-0.34155770508543526	1.0163106108769169e-10
ENSG00000055070	0.2121029622863233	0.001306413833495326
ENSG00000055130	0.29008054197639055	1.4619210482549633e-11
ENSG00000055147	-0.4624122143945435	3.759843200817178e-15
ENSG00000055163	0.10800315915869163	0.1703336557188435
ENSG00000055208	0.02982729613012225	0.225127936873455
ENSG00000055332	0.5846349032038667	7.208762732864679e-14
ENSG00000055483	0.037953513816098905	0.4283625279735753
ENSG00000055609	-0.1239682894762133	0.040025079817435576
ENSG00000055813	-0.9771920331685351	1.720621159840274e-07
ENSG00000055917	0.03489493460779869	0.1977781780497435
ENSG00000055950	0.5041445394531507	1.0004415739892256e-06
ENSG00000055955	0.2736466408745386	5.8771766863564834e-05
ENSG00000055957	0.6886839532340119	3.08495471000556e-08
ENSG00000056050	-0.31661993085673856	5.497949676849342e-07
ENSG00000056097	-0.060758624655885995	0.01352252706563732
ENSG00000056277	0.060434790937136995	0.6184812510641235
ENSG00000056558	0.7511313519061389	3.70542908482312e-08
ENSG00000056586	0.532614222050519	4.411455738641449e-06
ENSG00000056972	-0.03977220417756655	0.8452633914853521
ENSG00000056998	0.18956442915222738	0.07378961618653516
ENSG00000057019	0.4320390130266034	0.0002049942520255789
ENSG00000057149	1.2514082707664542	3.312445991908427e-05
ENSG00000057252	-0.6084589871783734	5.711809223845271e-10
ENSG00000057294	-0.19544413269435168	0.0005923058335298057
ENSG00000057593	0.3332322913743866	0.06945664574168921
ENSG00000057608	-0.05082407757832641	0.15773070989438942
ENSG00000057663	-0.15155230819008025	0.0002649720050729967
ENSG00000057704	0.2111040512794311	0.018188324673959706
ENSG00000057757	0.4515789547167941	1.501576938668277e-08
ENSG00000057935	0.13912148219136355	0.06199640216678007
ENSG00000058056	-0.36942170500720195	1.0443786090645707e-09
ENSG00000058063	0.08320100577053324	0.0527376725754724
ENSG00000058085	1.717891100277484	2.027806048646081e-20
ENSG00000058091	-0.24361381720642683	0.0004614887465585285
ENSG00000058262	-1.4576401059397206	1.1344062110837854e-10
ENSG00000058272	0.44103392452977275	3.353672901759583e-14
ENSG00000058404	-0.5018482657554628	0.0001883360976577358
ENSG00000058453	-0.36549125061913657	3.353672901759583e-14
ENSG00000058600	0.10707652286789582	0.08606756787233902
ENSG00000058668	0.32589965205713867	1.7967462090892522e-06
ENSG00000058729	-0.24076568477261162	0.0002215272218944697
ENSG00000058799	-0.2642718326326232	0.012738617743146262
ENSG00000058804	-0.3609870960190129	4.189864616209047e-05
ENSG00000059122	0.2492221193474009	0.18107484719178873
ENSG00000059145	-0.0020781478935312236	0.7926571084779083
ENSG00000059377	0.9013074934566383	3.1450914951460436e-14
ENSG00000059378	-0.11860571666433728	0.02670063732845715
ENSG00000059573	-0.3795145910140292	0.006458651836016812
ENSG00000059588	0.08637003338355242	0.6471404078064651
ENSG00000059691	-0.5972548616174116	8.173786088380689e-09
ENSG00000059728	0.4138544837522211	0.3539240257506512
ENSG00000059758	0.2818351047535401	0.0009558310546664399
ENSG00000059769	-1.545893741362498	8.101421550066326e-12
ENSG00000059804	0.6687404522324165	5.074235102751658e-05
ENSG00000060069	-0.04182824024485754	0.1626843808044769
ENSG00000060138	-0.9182024025775526	7.623680571659824e-13
ENSG00000060237	0.1425688907404954	0.0007221803185770528
ENSG00000060339	0.10994268755036174	0.04207560874358288
ENSG00000060491	0.1477460642316295	0.0009744824895793842
ENSG00000060558	-0.11268502030055672	0.9581657161515494
ENSG00000060656	0.1339041786314361	0.05552414131422654
ENSG00000060688	-0.3445676764789205	9.580528494712295e-14
ENSG00000060718	1.402464547362488	1.1240850508425559e-15
ENSG00000060749	-0.12611098375213103	0.09818744964998886
ENSG00000060971	0.33697216609889225	3.973805024125849e-06
ENSG00000060982	-1.1648110151742408	5.081231038211694e-11
ENSG00000061273	0.2825640461311494	2.053055275219289e-05
ENSG00000061337	0.411262617423116	0.00031630912242459246
ENSG00000061676	0.19934401688457015	1.5962498113062184e-07
ENSG00000061794	-0.43051076988917814	2.1853339780586376e-07
ENSG00000061918	-0.06904403440336182	0.33538203641284214
ENSG00000061936	0.07934330824264535	0.3416825282355168
ENSG00000061938	-0.15746185696153958	0.0749281554752683
ENSG00000061987	-0.192950939116745	0.0019755019597859293
ENSG00000062038	0.9400665424280028	1.3925163212964154e-12
ENSG00000062194	-0.18032475044513774	0.01762824294064851
ENSG00000062485	0.23563535182152506	0.004280709984384025
ENSG00000062582	-0.09547687645664737	0.1680093735197582
ENSG00000062598	0.5040471571654166	8.854889465937498e-11
ENSG00000062650	-0.04671985168896953	0.23155613527320285
ENSG00000062716	0.25720605921149087	0.018503443646517067
ENSG00000062725	-0.4485068128747258	0.002054567490556039
ENSG00000062822	0.2760934126368966	1.085250337450355e-07
ENSG00000063046	-0.6551611635697476	6.819521609396447e-15
ENSG00000063169	-0.36194199686901385	0.17386853155684723
ENSG00000063176	-0.5083633050851084	0.001002382425951331
ENSG00000063177	-0.555997229408348	8.19499251730903e-05
ENSG00000063241	-0.3944567828396899	6.674072801474726e-07
ENSG00000063244	0.12907775778604247	0.000669378722636705
ENSG00000063245	-0.051627142742763255	0.33957400057270537
ENSG00000063322	0.033432875016959684	0.4626678459440908
ENSG00000063601	0.009054770036026838	0.4831963405166644
ENSG00000063660	0.4888632716272383	3.473166272684205e-08
ENSG00000063761	-0.5843118411339674	4.303868700640495e-07
ENSG00000063854	-0.41499028803465876	5.4283839698543694e-08
ENSG00000063978	1.1591237836332233	0.00021027946103019678
ENSG00000064012	0.7561696401356848	4.017606357653338e-18
ENSG00000064042	-0.04366720710381955	0.8792770918411164
ENSG00000064102	-0.03699732475769224	0.2839346212069046
ENSG00000064115	-0.3955214156656517	0.007008535885326447
ENSG00000064199	-0.2457814978661883	0.16363636363636364
ENSG00000064205	0.15546106500477563	0.08994078605988201
ENSG00000064225	0.6239273015960514	0.010263071643090997
ENSG00000064300	-0.9073833581875306	3.779093075864839e-11
ENSG00000064309	-0.8114228033844455	0.07552447552447553
ENSG00000064313	0.13098984026347438	0.022709578283466925
ENSG00000064393	-0.5433370624465166	0.026451546208308144
ENSG00000064419	0.3464965661041539	1.164650639256564e-12
ENSG00000064490	0.04607650488900106	0.7561685294151854
ENSG00000064545	-0.6709809663628334	4.027356190834171e-06
ENSG00000064547	-0.39424042457624786	0.26190476190476186
ENSG00000064601	0.43879016548484984	1.892590653219094e-09
ENSG00000064607	-0.08847786802352431	0.01779612367491983
ENSG00000064651	0.4651527763206573	2.053055275219289e-05
ENSG00000064652	-0.26873502343602595	0.003740199897015911
ENSG00000064666	1.210075308689973	3.224886893990036e-18
ENSG00000064692	-0.38544770943614637	0.30369630369630374
ENSG00000064703	-0.005140160325463938	0.6576403704710183
ENSG00000064726	0.9002352550166961	8.712316063683234e-09
ENSG00000064787	1.0733691553589004	2.206856912093771e-09
ENSG00000064932	0.5390719471377956	0.07370501352194717
ENSG00000064933	-0.30840766257247765	0.001574608213847429
ENSG00000064961	-0.1550222302707951	0.21076884154063336
ENSG00000064989	-0.3705029954452783	0.14792914896526793
ENSG00000064995	-0.22687826669575273	0.021004823991337476
ENSG00000064999	0.0018030637116126513	0.8335558933721322
ENSG00000065000	-0.17831614059253553	0.00011752191526153993
ENSG00000065029	-0.3742341289489737	0.5213769718413681
ENSG00000065054	0.22835449808087205	3.184885569064941e-06
ENSG00000065057	-0.19928822585206163	0.0016439897243743357
ENSG00000065060	-0.7878623402770337	1.0447601178743282e-14
ENSG00000065135	-0.21782989733439706	1.9779644208593837e-05
ENSG00000065150	0.05982358431998591	0.24990253421496988
ENSG00000065154	0.2209582506050367	0.029067003258674725
ENSG00000065183	-0.12118663761759763	0.003417642201431719
ENSG00000065243	0.08742941488945632	0.07190147385324655
ENSG00000065268	0.18132027092286407	5.1918695317060845e-05
ENSG00000065308	0.2623651015589452	0.0238174688520247
ENSG00000065320	-0.40665326032636173	0.0055682573975102964
ENSG00000065357	0.3475357926156555	8.379040300708164e-11
ENSG00000065361	0.21628312000119365	0.125137349835386
ENSG00000065413	0.23028555000097128	0.0033272819958255584
ENSG00000065427	-0.282494810648366	0.0006592587987369876
ENSG00000065457	0.432721142508683	0.0002033434678638764
ENSG00000065485	0.1084997688545748	0.1565103332524165
ENSG00000065491	-0.2862905204789925	0.0011488520823057836
ENSG00000065518	0.0786035370191307	0.25856898446438614
ENSG00000065526	-0.08810243586089328	0.00970355222640693
ENSG00000065534	0.5374346124978544	4.097188876019721e-08
ENSG00000065559	-0.23354836698790038	6.519098118604219e-09
ENSG00000065600	-0.4507359261925252	0.046218487394957986
ENSG00000065609	-0.456109838699593	0.00011594540018202176
ENSG00000065613	-0.007007608874179283	0.6426623713797366
ENSG00000065615	0.246685821349363	0.0013844817807016794
ENSG00000065618	1.49492622393144	7.77841528560645e-15
ENSG00000065675	-0.40188957780210544	0.000290976625981444
ENSG00000065717	-0.05991182753997393	0.3970613340067476
ENSG00000065802	0.9921752860228779	7.373705824169344e-07
ENSG00000065809	0.17675045583368032	0.030316413364962186
ENSG00000065833	0.08533107682165308	0.301102927810435
ENSG00000065882	-0.5488563909146791	6.869892612909052e-10
ENSG00000065883	-0.06804955957186465	0.41353650832169786
ENSG00000065911	-0.8356368668827336	9.409299203549211e-10
ENSG00000065923	-0.3947526887191657	0.0008388598764494827
ENSG00000065970	0.4059143765899549	0.0036936941175141824
ENSG00000065978	-0.44650812131467177	3.1165471032598095e-07
ENSG00000065989	-0.15345090337876854	0.5518457296454997
ENSG00000066027	0.37611016201724823	1.1487882945640048e-08
ENSG00000066032	-0.5955409789038804	6.323964802639985e-06
ENSG00000066044	0.1032051655565347	0.02613572163517287
ENSG00000066056	0.3172549852439239	0.14630463108940797
ENSG00000066084	0.01055194961468331	0.9187958295195846
ENSG00000066117	0.03802333302533967	0.2953049344012678
ENSG00000066135	-0.15293089978631613	0.1811664489939503
ENSG00000066136	0.24424086804089384	0.003903852081905391
ENSG00000066230	-0.5811120007271224	0.14825174825174825
ENSG00000066248	-0.05661409198544476	0.3545091017282618
ENSG00000066294	0.38689547676286296	0.0027980231223339834
ENSG00000066322	0.6270518157864835	5.677350503935609e-09
ENSG00000066336	0.1393505181696746	0.5453842449202722
ENSG00000066379	0.27688278341354433	0.025477597552553414
ENSG00000066382	0.13229076052761002	0.5696969696969697
ENSG00000066405	1.3759481252290051	0.0002826620365447063
ENSG00000066422	-0.04772121235846427	0.7107095669853769
ENSG00000066427	-0.0776232382790063	0.09642856524948377
ENSG00000066455	-0.09903731803883176	0.04879795434481466
ENSG00000066557	0.6164715493191153	1.4413254415926186e-13
ENSG00000066583	-0.40214953443422274	4.294604417171775e-08
ENSG00000066629	-0.14428913797723197	0.007788105976988035
ENSG00000066651	0.03536126063515255	0.9983399018782908
ENSG00000066654	-0.0390899471813988	0.2746886841719741
ENSG00000066739	-0.5183404117381976	1.073772435245062e-10
ENSG00000066777	0.11561195870427454	0.00445209015921282
ENSG00000066855	-0.29087407481225824	0.0002826620365447063
ENSG00000066926	-0.4135026587008461	4.578016495446891e-12
ENSG00000066933	0.25456896299758114	0.16657708602112498
ENSG00000067048	0.021566603841293386	0.8990051552809231
ENSG00000067057	0.977922464823731	3.774929829069763e-20
ENSG00000067064	-0.011588433276216392	0.6131430250961842
ENSG00000067066	0.4851008591353647	3.4461710617180434e-10
ENSG00000067082	-0.9397506176359407	0.011988011988011988
ENSG00000067113	-0.7373737607598727	6.9876611633131505e-06
ENSG00000067141	0.11795975009691162	0.03961518860817274
ENSG00000067167	-1.2972430280303797	8.930234420008433e-10
ENSG00000067177	-0.13627167495388193	0.06311932369314985
ENSG00000067182	-0.14858370634426876	0.3809897148840735
ENSG00000067208	0.033947858539786324	0.4652070071724873
ENSG00000067221	-1.1900326860199328	0.011188811188811189
ENSG00000067225	0.8068710671240211	1.0816977922403136e-16
ENSG00000067248	-0.43906566771410027	1.8271117947024693e-12
ENSG00000067334	-0.35323111081671144	6.713427071483593e-11
ENSG00000067369	-0.03221928147845432	0.38106073709969945
ENSG00000067533	0.12274331481310696	0.2765212267728723
ENSG00000067560	0.4224198920894793	3.973805024125849e-06
ENSG00000067596	0.2277082372245296	2.0898598604332573e-07
ENSG00000067606	-0.22763256134822996	0.017399488775692782
ENSG00000067704	-0.24576071783029008	0.0001079260701860323
ENSG00000067715	-1.1213742186842524	0.00021137320818636273
ENSG00000067829	0.015558695431174385	0.9651490035971579
ENSG00000067836	0.2447968517709569	0.00018180287482864353
ENSG00000067842	-2.096797945439537	0.04848484848484849
ENSG00000067900	0.39902948410690087	3.1207235095271453e-12
ENSG00000067955	0.7042860501119641	1.802446431514089e-15
ENSG00000067992	-0.15552464177721248	0.043786745245288576
ENSG00000068001	0.030124933291627798	0.9273308438201362
ENSG00000068024	0.10681771436416199	0.019247410298498815
ENSG00000068028	0.4712709503920891	0.01223755213911035
ENSG00000068079	0.631689970626617	7.173916905819551e-13
ENSG00000068097	-0.20655002966327984	0.041746075924146225
ENSG00000068120	-0.5002976138047615	1.8912682252226258e-11
ENSG00000068137	-0.05408730496639791	0.22304145410242582
ENSG00000068305	0.28440404342640235	0.05944936029940376
ENSG00000068308	-0.0994440207398597	0.05711951061231539
ENSG00000068323	0.22488581634227955	0.013840349764755787
ENSG00000068354	0.03495678630640242	0.4144294793192137
ENSG00000068366	0.5615845448947319	4.635671391478868e-16
ENSG00000068383	-0.3908459468687582	7.053376064857872e-06
ENSG00000068394	-0.09183934676333294	0.0661814513859338
ENSG00000068400	0.20755926411745662	3.150800761763588e-09
ENSG00000068438	-0.03846969146221113	0.39942225587166313
ENSG00000068615	-1.1546376615438305	0.00550439938044453
ENSG00000068650	0.336623848635508	1.5795024653608748e-05
ENSG00000068654	-0.0720778453876747	0.1114568831524471
ENSG00000068697	0.0776054747919499	0.9272727272727272
ENSG00000068724	0.24597970250017553	0.0002243895004944594
ENSG00000068784	-0.24214663977381434	1.209345000059816e-06
ENSG00000068796	0.31538422219292883	1.6543279832702332e-08
ENSG00000068831	0.264128892161402	0.005737554849785842
ENSG00000068878	-0.04830693798928465	0.325048612648295
ENSG00000068885	-0.150695884341971	0.14802550189027627
ENSG00000068903	-0.12713357459435315	0.025307726950770687
ENSG00000068912	-0.2978129431037324	0.008282916537384844
ENSG00000068971	0.03646360645329594	0.7366461615377546
ENSG00000068976	-0.2726182445679264	0.0016128124275010696
ENSG00000069020	0.07661114414326775	0.2066107614675584
ENSG00000069122	0.09803677734129934	0.34058399926337
ENSG00000069188	-1.1831980428949436	0.09483266991006929
ENSG00000069248	0.02724796122381079	0.6337443176546507
ENSG00000069275	-0.07939507013625047	0.26032697601733057
ENSG00000069329	0.3748761191723986	3.890873445823729e-13
ENSG00000069345	-0.039300653433770094	0.5284135092144231
ENSG00000069399	0.017826784888676173	0.303275998005742
ENSG00000069424	0.4623366130633393	7.174687503292581e-08
ENSG00000069431	-0.6518693743395616	0.03375222295595573
ENSG00000069509	-0.31143467584372786	0.01600412989657823
ENSG00000069535	0.02018950432639599	0.7915953794618141
ENSG00000069702	-0.26631213888865446	0.049062366970342455
ENSG00000069764	0.2699611270508129	0.1217689394569046
ENSG00000069849	0.02873556459041282	0.5421113055856485
ENSG00000069869	0.14116453610330382	0.0006492812942832491
ENSG00000069943	-0.5714244882776853	0.0007410164691007313
ENSG00000069966	0.016983283311954978	0.7844386963306341
ENSG00000069974	-0.10034796620569963	0.07525038893140235
ENSG00000069998	-0.02013260038346587	0.9254045333936776
ENSG00000070010	0.04191462692003611	0.24480114164149636
ENSG00000070018	-0.4233369652937995	0.005763455150738267
ENSG00000070019	0.7872783247649657	0.006263802221093889
ENSG00000070047	0.18080653401716518	0.04853612455667317
ENSG00000070061	0.011917026323267521	0.8596236957716981
ENSG00000070081	-1.1272648801673597	5.246911205479475e-14
ENSG00000070087	0.13800391373971976	0.06804496118740275
ENSG00000070159	-0.10105798768728746	0.28760851255004405
ENSG00000070182	-0.6660008604970038	2.8203258862963574e-06
ENSG00000070190	0.41783128961340665	0.011859001130318661
ENSG00000070214	0.2920897411863095	7.625896191611951e-06
ENSG00000070269	-0.7278831249236895	0.004206828005455007
ENSG00000070366	-0.2279411338659152	0.002678707486407251
ENSG00000070367	-0.009800127089810928	0.11815845643406533
ENSG00000070371	-0.3515680647179238	0.07045772263163567
ENSG00000070404	-0.13719550691495286	0.24650455735840138
ENSG00000070413	-0.36822173147526627	0.029009917054820204
ENSG00000070423	0.1196926703561374	0.021524706697458873
ENSG00000070444	0.2283630396129901	0.43611231078688484
ENSG00000070476	-0.493095698478232	0.8314167772372107
ENSG00000070495	-0.28325314180397143	9.40214738105426e-05
ENSG00000070501	-0.04597075141834139	0.19063134237344548
ENSG00000070526	0.7271811861441968	2.6872140587657466e-09
ENSG00000070540	-0.03139309811394142	0.42794185770877313
ENSG00000070610	0.03967641142616429	0.6301423956871277
ENSG00000070614	-0.44696697419753306	5.481983650482757e-05
ENSG00000070669	-1.4137182668141541	1.0446553586395182e-10
ENSG00000070718	0.11937086347935022	0.007319946493312221
ENSG00000070756	-0.1127140494895933	0.05428204863418428
ENSG00000070759	0.012697479536758038	0.8329448329448329
ENSG00000070761	0.5975267965885003	1.9051777757243647e-10
ENSG00000070770	0.09067830794396059	0.015530413010234098
ENSG00000070778	-0.25070568861254827	0.053541024820901645
ENSG00000070785	-0.446687202388496	4.672321358940423e-11
ENSG00000070808	0.31945642994078227	0.3952836070885565
ENSG00000070814	-0.18161982040751212	3.479084344743694e-07
ENSG00000070831	-0.4465472611535404	3.486114255824797e-09
ENSG00000070882	0.8458080112369721	1.8565741077190566e-18
ENSG00000070950	-0.5435856388200584	0.05834530233685753
ENSG00000070961	-0.20180670735287976	0.015178556063422582
ENSG00000071051	-0.12686095961645805	0.0029871884988552358
ENSG00000071054	0.4545435876430197	1.5044538818196484e-11
ENSG00000071073	-1.0829113231535814	6.070727184430946e-08
ENSG00000071082	-0.9694343572986384	1.1036823669442519e-10
ENSG00000071127	0.7078762939125234	1.1627724230818817e-15
ENSG00000071189	-0.5405660295074632	5.148399636636385e-09
ENSG00000071205	0.24689301312433543	4.0418373995531516e-05
ENSG00000071243	-0.07500627391401338	0.4910853670081803
ENSG00000071246	-0.26449319008435523	0.025580424183864935
ENSG00000071282	0.7774441997250392	1.7386202973777514e-13
ENSG00000071462	0.00041275306898569397	0.7446959686292957
ENSG00000071537	-0.8655833058177862	1.35392797979084e-09
ENSG00000071539	0.513375399314036	5.2967928556063985e-05
ENSG00000071553	0.062468756768637945	0.3545091017282618
ENSG00000071564	-0.21624355497269576	0.0016384487336411721
ENSG00000071626	0.33860638575565005	1.1291622766025985e-09
ENSG00000071655	0.26146021855248236	1.1719676374477743e-05
ENSG00000071794	-0.5648762590794654	4.5368201035107907e-13
ENSG00000071859	0.4138992824241292	6.006791088218845e-11
ENSG00000071889	-0.20479305093973466	0.06715942564161578
ENSG00000071894	0.20516298034706537	8.145739132219979e-09
ENSG00000071967	-0.13801632773697392	0.17959478447960808
ENSG00000071991	-0.7556507773587171	0.005060180778050052
ENSG00000071994	-0.32841829910908515	0.002304714314160219
ENSG00000072042	-0.6109534799587593	1.8342708111409133e-06
ENSG00000072062	-0.22641804149504097	5.284908005778753e-05
ENSG00000072080	0.3076797650965446	0.03127712492942594
ENSG00000072110	0.5792203959653719	2.1318034759651873e-15
ENSG00000072121	0.02281628288486459	0.44571814897035966
ENSG00000072134	0.2280336755788248	3.316149147569023e-06
ENSG00000072135	0.5311203267621067	6.196373392783023e-05
ENSG00000072163	0.5599426974734172	5.180593807456078e-08
ENSG00000072195	-0.3761918952969374	0.6786546786546787
ENSG00000072201	-0.501788414751072	4.245596804420643e-06
ENSG00000072210	-0.8479525515236652	3.040434190627826e-13
ENSG00000072274	0.8712000605170083	6.177648924723238e-15
ENSG00000072310	0.0943572604581604	0.7278860824479432
ENSG00000072364	-0.0695580812558525	0.30305232949008276
ENSG00000072415	-0.11021402316949036	0.039778179491364245
ENSG00000072501	-0.061734455454118375	0.01352252706563732
ENSG00000072506	-0.18011790315696175	0.022709578283466925
ENSG00000072518	-0.0583768637070925	0.08233023307216039
ENSG00000072571	-0.036742531080211194	0.6818228357226237
ENSG00000072609	0.28212835321178176	0.006339323403721494
ENSG00000072682	0.9744540386570435	1.1153404301644677e-14
ENSG00000072694	0.09079826979083094	0.4893659786799067
ENSG00000072736	-0.03942382949660583	0.7113134201368752
ENSG00000072756	0.35376192322419087	4.717477310084854e-08
ENSG00000072778	-0.3933722333332028	2.7755882542226236e-09
ENSG00000072786	0.4019351350056972	2.2076361777501346e-06
ENSG00000072803	0.02731805356135908	0.4892932220110954
ENSG00000072818	0.3658513931794225	2.2114573017562018e-05
ENSG00000072832	0.08218711576041571	0.17425792161412912
ENSG00000072840	0.10944409180225634	0.1923314558691397
ENSG00000072849	0.22234779895417844	0.007139864840236728
ENSG00000072864	0.6233834441436272	8.607811087796476e-13
ENSG00000072952	0.39613573719955397	4.421583746368924e-05
ENSG00000072958	-0.16403762939121336	8.483908775480083e-05
ENSG00000073008	0.4390457219130077	4.097188876019721e-08
ENSG00000073050	-0.251205379285274	1.3298122723826935e-08
ENSG00000073060	0.2992603751785623	0.0010406001063506453
ENSG00000073067	0.15029841053272897	0.3453059018276409
ENSG00000073111	0.3755739675385463	1.8725478250804506e-06
ENSG00000073169	-0.46431321597093955	6.389383820891407e-08
ENSG00000073282	0.48807880756532995	0.1868545297243851
ENSG00000073331	-0.03605002840370375	0.9257002762828396
ENSG00000073350	-0.08786253096402064	0.04927649173379901
ENSG00000073417	-0.48844277856795415	8.023292090152804e-05
ENSG00000073536	-0.22608382368770563	0.0009320405834651927
ENSG00000073578	-0.365026810906091	3.152246692686417e-11
ENSG00000073584	-0.01511254690480257	0.18643552769774507
ENSG00000073605	1.497234668635251	4.650012213034602e-18
ENSG00000073614	-0.22116841174774393	0.0001079260701860323
ENSG00000073712	0.5484064309324772	7.858827983203558e-13
ENSG00000073737	0.8798284277632504	2.862492103792271e-05
ENSG00000073754	0.4452934646874702	0.00022518163747767988
ENSG00000073756	0.15788588975815188	0.20096327430756356
ENSG00000073792	0.9350787901381779	4.479369715449145e-16
ENSG00000073849	0.6671701999541853	2.7755882542226236e-09
ENSG00000073910	-0.06319382503062698	0.32007049630005824
ENSG00000073921	0.5470684768369338	1.3129706008276193e-14
ENSG00000073969	-0.5144972537821992	3.6585886547202633e-13
ENSG00000074047	-0.07108889460976187	0.6404665382926252
ENSG00000074054	-0.052597888739239096	0.04555627783378202
ENSG00000074071	-0.22988758009719135	0.003282922704209624
ENSG00000074181	0.638508336617214	7.71179998280679e-11
ENSG00000074201	-0.12462420055440049	0.12313585737245121
ENSG00000074266	0.24100084650415	0.0020602480585370764
ENSG00000074276	0.555086889774163	0.0022740294836941263
ENSG00000074317	-1.869729071044432	0.023809523809523808
ENSG00000074319	0.5146389812073693	4.797345093594e-16
ENSG00000074356	-0.014992807550335385	0.325048612648295
ENSG00000074370	-0.4362743288456272	3.89498008227162e-06
ENSG00000074410	-0.7578180295761001	9.725175250536722e-05
ENSG00000074416	0.6306457152288267	1.0053988107989885e-11
ENSG00000074527	-0.07306666871055612	0.27089411716517475
ENSG00000074582	-0.47595064109914986	1.3894052413028543e-09
ENSG00000074590	0.6809365885654444	0.0001563455088054467
ENSG00000074603	-0.11302556873823733	0.014157221438986551
ENSG00000074657	0.960499318774481	1.9880067495766356e-06
ENSG00000074660	-0.1312470974432074	0.9258899794509471
ENSG00000074695	-0.7196811331209858	1.4583510406763832e-07
ENSG00000074696	-0.21311395430984348	0.018200658989971745
ENSG00000074755	-0.17262196278052855	6.531935446420411e-05
ENSG00000074800	0.4274686839953077	6.8945560087566274e-12
ENSG00000074842	0.3949110788482777	0.003417642201431719
ENSG00000074855	-0.30351100735870773	0.28135641391983135
ENSG00000074935	-0.20721943904744222	0.30307181554670803
ENSG00000074964	-0.8089915650668864	3.725808036636507e-12
ENSG00000075089	0.04989257480414011	0.3761040310948255
ENSG00000075131	0.12310162421868753	0.5170086769518782
ENSG00000075142	0.5297205828233977	1.4257880144455806e-09
ENSG00000075151	0.20078761957378077	6.692964083323971e-08
ENSG00000075188	-0.14868274679061955	1.671252741015847e-05
ENSG00000075218	-0.1991500388126397	0.09130047492532681
ENSG00000075223	0.6214506259260908	1.5434670730183743e-08
ENSG00000075234	-0.19503013870154717	0.002433644874424393
ENSG00000075239	-1.4045789958052062	8.170338158647166e-17
ENSG00000075240	0.19471824561602702	0.0021784326199546958
ENSG00000075275	0.7520377502822448	2.3959094965821337e-08
ENSG00000075292	-0.11725299924886201	2.7079656153774633e-06
ENSG00000075303	-0.19557480852801845	0.03347019686858797
ENSG00000075336	-0.5941568413470257	1.7078643351348303e-07
ENSG00000075340	-0.7311169559987114	1.0963992616114029e-11
ENSG00000075391	0.36141915017172366	1.3960957413298563e-08
ENSG00000075399	0.08384332490938462	0.8491839838712325
ENSG00000075413	-0.23575141498695018	3.760541052504298e-05
ENSG00000075415	0.1334782645278274	0.2203911516866215
ENSG00000075420	-0.16829235777100138	0.002302802408276816
ENSG00000075426	1.1408123827768542	7.975802406885733e-14
ENSG00000075539	0.32084673646147976	4.804912512787616e-11
ENSG00000075568	-0.4237161119673445	3.2337717121075627e-06
ENSG00000075618	0.8417213038232987	2.9782487222666637e-15
ENSG00000075624	1.0168974822411307	5.287753947070362e-13
ENSG00000075643	0.25057156025760463	0.147697775550624
ENSG00000075651	-0.20200721076558636	0.008488590606309231
ENSG00000075673	-0.8194223989601745	3.435724619571033e-05
ENSG00000075702	0.10530135901677085	0.6438177797893796
ENSG00000075711	0.1621007255369129	0.0018674826327824375
ENSG00000075785	0.07413461865934678	0.3523504789851941
ENSG00000075856	-0.13700906253937717	0.00020745903967873445
ENSG00000075884	0.3255475738805167	0.004115333853810236
ENSG00000075914	-0.0669126543668952	0.09642856524948377
ENSG00000075945	-0.02419249586002792	0.07593522218755093
ENSG00000075975	-0.17022300096214593	0.002148317599944822
ENSG00000076003	0.5328062976447576	5.711809223845271e-10
ENSG00000076043	-0.12468398692818283	0.07943604654730445
ENSG00000076053	0.7251682956326029	6.257386869172666e-07
ENSG00000076067	0.7407666363572893	2.3571602819054748e-15
ENSG00000076108	-0.15717491457449384	0.026467678388361882
ENSG00000076201	-0.05950719896972956	0.012460344970987245
ENSG00000076242	-0.08241201463563996	0.02126461672992645
ENSG00000076248	-0.23826119151275194	0.00044143161355057547
ENSG00000076321	0.10116983540126157	0.35443924573783736
ENSG00000076356	-1.11231046446931	2.1853834377624033e-12
ENSG00000076382	-0.18479025388846182	0.0643748151846119
ENSG00000076513	0.12145978760998233	0.0008270904851681822
ENSG00000076554	-1.122268542321489	2.5106961889076843e-14
ENSG00000076555	-1.2327113968015055	1.7635288874857552e-15
ENSG00000076604	0.1122824803568605	0.3287382287848889
ENSG00000076641	-0.2662571125169073	0.04751238717822335
ENSG00000076650	0.06073649588628882	0.8530912208174297
ENSG00000076662	0.6885171686347462	3.6499907696416788e-06
ENSG00000076685	0.38353083063980264	2.2065981079015904e-14
ENSG00000076706	0.06519848944695994	0.08233023307216039
ENSG00000076716	0.4090721760064433	4.396740087326614e-08
ENSG00000076770	0.0014054325138417312	0.7313830293263093
ENSG00000076826	-0.38629266341442303	1.459891126484197e-06
ENSG00000076864	-1.1119917854505523	1.9565656457569051e-16
ENSG00000076924	0.06063270148540667	0.07662513184492546
ENSG00000076928	0.32166365468074787	5.003621496981812e-10
ENSG00000076944	0.24364032155640913	3.231559180388467e-09
ENSG00000076984	0.07023853492414034	0.17425792161412912
ENSG00000077044	-0.6031332701440064	1.3171414564176241e-05
ENSG00000077063	-0.5503000313302273	0.08974358974358976
ENSG00000077097	0.16879409666448453	0.011747557384599271
ENSG00000077147	-0.19672336884264752	0.04738569248747304
ENSG00000077150	0.25594658010414406	1.7238978810825313e-06
ENSG00000077152	0.02261376897255829	0.7099096914338159
ENSG00000077157	0.05889201061781435	0.45509693327913625
ENSG00000077232	0.19385026103190484	0.0011127839462966808
ENSG00000077235	-0.04234536159814084	0.07190147385324655
ENSG00000077254	0.14578787040425567	0.2646856393713507
ENSG00000077264	-1.0735517016046927	2.089829908429561e-12
ENSG00000077274	-0.23034317401619475	0.02960705254166564
ENSG00000077279	-0.7939402497995012	0.0004987587920215259
ENSG00000077312	-0.10659323244102481	0.0029072747804055332
ENSG00000077348	-0.2375300184221949	1.7680685264056064e-05
ENSG00000077380	-0.05537702136748379	0.23155613527320285
ENSG00000077420	0.36585740870565786	0.0003265902508067955
ENSG00000077454	0.07374622028726208	0.1059546385742911
ENSG00000077458	0.1363699636569784	0.025933604187230373
ENSG00000077463	-0.13491129506753907	0.05394105577535332
ENSG00000077514	-0.00943313442998317	0.8530912208174297
ENSG00000077522	1.467243881917316	1.4247001691724668e-10
ENSG00000077549	0.5778412775312738	1.2300937006469528e-14
ENSG00000077616	-0.3634300892768323	0.09680082559339526
ENSG00000077684	0.014863585291472248	0.7989657401422106
ENSG00000077721	0.7430140700209336	1.4820150395124316e-08
ENSG00000077782	-0.2981905496432873	0.0007388552193241696
ENSG00000077942	1.0042610245587973	7.77841528560645e-15
ENSG00000077943	-0.09624606059169594	0.5759349150911672
ENSG00000077984	0.8816571288522432	0.06363636363636363
ENSG00000078018	-0.7073588557136539	2.6304313271751246e-17
ENSG00000078043	-0.5265476663601234	2.461613710179109e-05
ENSG00000078053	-0.08980886778231323	0.26068395305540537
ENSG00000078061	-0.18450950185489035	8.338268119008762e-05
ENSG00000078070	-1.236541477920504	3.599766741445197e-18
ENSG00000078081	-0.0400334776597866	0.10463066513702264
ENSG00000078098	1.0172322277892647	6.307257433487665e-16
ENSG00000078114	-0.11417306532629112	0.09395309089092184
ENSG00000078140	0.013325615875810826	0.703385388514152
ENSG00000078142	0.1401006448702411	0.0004142700707433524
ENSG00000078177	-0.58438812943443	1.7090419451712029e-10
ENSG00000078237	0.4917235480361484	6.350503089270394e-11
ENSG00000078246	0.01775884364196756	0.8459504787602883
ENSG00000078269	0.061054887215192366	0.24649342177531774
ENSG00000078304	0.6099698571580809	2.0959514422543835e-13
ENSG00000078369	0.40434283797890913	3.497895805038764e-05
ENSG00000078403	0.07778577635307116	0.6045226643407259
ENSG00000078596	-0.2614564399289101	0.42726056552143504
ENSG00000078618	0.29419071561403953	1.0963992616114029e-11
ENSG00000078668	-0.41102556506009336	8.338268119008762e-05
ENSG00000078674	-0.04865304892267375	0.1652048063260907
ENSG00000078687	-0.13591573543020985	0.01964743020965629
ENSG00000078699	-0.128668555179015	1.0
ENSG00000078747	-0.11575646489207614	0.01799739576475073
ENSG00000078804	0.0717311614927354	0.40503154870020786
ENSG00000078808	0.2696446187163488	3.058613732966285e-06
ENSG00000078902	0.04900337922857645	0.5122120710764757
ENSG00000079102	0.5829217380101834	0.606993006993007
ENSG00000079112	0.5350744203913429	0.02786216737762608
ENSG00000079134	0.258762865632832	7.869492766657454e-08
ENSG00000079150	0.6238308947627971	9.166715276395246e-10
ENSG00000079156	0.015252737582994058	0.6828967926019233
ENSG00000079215	0.26299565092512545	0.27492260061919505
ENSG00000079246	0.2872748459950607	1.2360843897208605e-08
ENSG00000079257	0.5778978027199848	3.3143315422041533e-09
ENSG00000079263	0.25863240005323007	0.31847458706546417
ENSG00000079277	-1.203104956248282	7.28345316228851e-15
ENSG00000079308	0.35981977732305737	3.234904342366112e-08
ENSG00000079313	-0.14340151681008706	0.08917184062601607
ENSG00000079332	-0.34155036376538206	6.203095444224063e-09
ENSG00000079337	-1.0585873633494653	0.09999999999999999
ENSG00000079385	1.1116501660684683	1.575509849179583e-15
ENSG00000079387	0.10066872136083305	0.029996453152731764
ENSG00000079432	-0.10831007297063877	0.10153593115192057
ENSG00000079435	-0.5719131423119634	6.124149960179205e-07
ENSG00000079459	0.5291316842639446	8.568699214011113e-06
ENSG00000079462	-0.17380803714524262	0.011609419646416487
ENSG00000079482	-0.27617455201529495	0.0005832750766842622
ENSG00000079557	0.681108690341464	7.753242229371678e-09
ENSG00000079616	0.42662787311209627	0.455676739797362
ENSG00000079689	-0.3377687930426916	0.08683123826180912
ENSG00000079691	0.10227340914856953	0.005911178555412423
ENSG00000079739	-0.21676520461669924	0.0001025286060390023
ENSG00000079785	-0.27686474627527247	3.528577888608257e-11
ENSG00000079805	0.19872067059823095	8.62926206140546e-08
ENSG00000079819	0.09779750314016056	0.03329727802663553
ENSG00000079931	0.35102595604122655	0.00033718347540717425
ENSG00000079950	0.5430827938013536	1.0446553586395182e-10
ENSG00000079974	-0.13721252778912785	0.25481437719664735
ENSG00000079999	0.06325969705554257	0.13466145864992848
ENSG00000080007	-0.5681898791438336	0.09403582225062526
ENSG00000080031	0.954728967665158	4.8895237186797e-05
ENSG00000080189	0.2949282263338251	0.15743034055727553
ENSG00000080200	-0.3793171851790831	4.813504922805344e-17
ENSG00000080298	0.09115891936263765	0.36001153189174284
ENSG00000080345	0.0019251526693118137	0.823825839275562
ENSG00000080371	0.02269848080664616	0.7565508681960509
ENSG00000080493	-1.709337314316759	5.692870704596445e-16
ENSG00000080503	-0.3903599623156211	1.4305301238525666e-16
ENSG00000080546	-0.9597139969078512	2.6259339176154998e-11
ENSG00000080561	-0.255093256663681	0.017741876917480175
ENSG00000080573	0.4787589553464535	0.001037813100259698
ENSG00000080603	0.34055459806650035	0.17700377425777883
ENSG00000080608	0.10486510508213343	0.08015172234752757
ENSG00000080618	0.7831858656877273	6.90241870584668e-11
ENSG00000080802	-0.23637642170005435	2.053055275219289e-05
ENSG00000080815	0.048482062889011246	0.452588885144776
ENSG00000080819	0.5765828598258551	1.9694817986712155e-13
ENSG00000080822	-0.08207951464171614	0.5142087235138968
ENSG00000080824	0.42180899381159875	9.580528494712295e-14
ENSG00000080839	0.4237029135065882	0.5355521155830754
ENSG00000080845	-0.15633308380183664	8.782431676409216e-05
ENSG00000080910	0.21318694885372125	0.13037746573011294
ENSG00000080986	0.6340700105440185	1.6857992381303798e-06
ENSG00000081014	0.1257391734304001	0.022462983043118893
ENSG00000081019	-0.26547860446214955	6.532291666052415e-07
ENSG00000081026	-0.6259184380052893	9.767426685002154e-12
ENSG00000081059	-0.6286218217035788	0.003020654009457101
ENSG00000081087	-0.06413879559186952	0.5417680359253096
ENSG00000081154	0.17118615933639703	0.03364347037930503
ENSG00000081177	-0.47138811685347903	5.8217330408982715e-08
ENSG00000081181	0.07825791332891541	0.9588235294117646
ENSG00000081189	-0.12009590439610918	0.6340765262259862
ENSG00000081237	0.3848421795962871	0.0008395816967150168
ENSG00000081277	0.48436630085857146	0.0002448816224684183
ENSG00000081307	-0.7096311546041782	8.474987269649754e-10
ENSG00000081320	0.6079828022413345	5.864749838449693e-10
ENSG00000081692	0.0678734607299738	0.8269230769230771
ENSG00000081721	-0.08084428564120216	0.04207560874358288
ENSG00000081760	0.05951432575119853	0.38560183556534267
ENSG00000081803	-0.7157272592752548	6.504152450472385e-12
ENSG00000081870	-0.4726862822572073	5.463151499427572e-06
ENSG00000081913	-0.517746072836573	0.18273413785576387
ENSG00000081923	-0.6672603205417857	2.5342228883935834e-07
ENSG00000082014	-0.5344027173267598	6.191745800684332e-06
ENSG00000082068	-0.040961900997686485	0.4936431173131498
ENSG00000082074	0.3800775817744011	0.00044807977851956255
ENSG00000082153	0.67639389976366	6.765945894022161e-14
ENSG00000082175	-0.19478402496342895	0.14514366716824975
ENSG00000082196	1.2251305715385818	4.2365046898895223e-08
ENSG00000082212	0.09858378020753733	0.06679789287974919
ENSG00000082213	-0.11966542601218322	0.1800872288244756
ENSG00000082258	-0.014508162330546526	0.33317738882165215
ENSG00000082269	0.032754572109222835	0.5065746625576311
ENSG00000082397	-0.1694556983447839	0.04738569248747304
ENSG00000082438	-1.2168129446023883	9.73782297533547e-17
ENSG00000082458	-0.7256282516947401	4.316732602366234e-12
ENSG00000082512	-0.3179174957836892	4.724194198208538e-06
ENSG00000082515	-0.5513337823407767	1.266305544475628e-11
ENSG00000082516	-0.05569851806929904	0.06556970462537255
ENSG00000082701	0.3079407615596885	2.6114044552860266e-08
ENSG00000082781	0.6415395072077708	2.2303903905682904e-13
ENSG00000082805	0.08603457284973004	0.06141681359961317
ENSG00000082898	0.16041637091197813	5.9588838099108215e-08
ENSG00000082996	0.11048222865569812	0.20829149134370284
ENSG00000083093	-0.2690581367337934	0.39285714285714285
ENSG00000083097	-0.16689404299239285	0.04327305452965806
ENSG00000083099	-0.29960066792746787	0.0021784326199546958
ENSG00000083123	-1.2468300841037596	3.24773580863498e-14
ENSG00000083168	0.06821816908124845	0.779184609995652
ENSG00000083223	-0.09771576759714051	0.025581166746865832
ENSG00000083307	-0.18063287220406465	0.002635966597989708
ENSG00000083312	0.10638516360687333	0.0004274974814920865
ENSG00000083444	0.9082367638305122	9.078109100490699e-17
ENSG00000083457	0.6332320743225139	0.0005498434105460394
ENSG00000083520	0.050392657802330376	0.21418724018321178
ENSG00000083535	0.1352159870751386	0.0067218402619599535
ENSG00000083544	-0.5628609270796723	7.88811807309933e-17
ENSG00000083635	-0.2691248898570038	0.26739926739926745
ENSG00000083642	-0.16251771241922697	1.6401191474783834e-05
ENSG00000083720	-0.2788388651422906	3.9696981776121617e-05
ENSG00000083750	-0.1537115589648579	0.18160392372964052
ENSG00000083782	-0.2853588905875384	0.535841867111217
ENSG00000083799	-0.11426604603833823	0.008282916537384844
ENSG00000083838	-0.6800758871347554	4.0674459610323055e-07
ENSG00000083844	-0.42371073459158204	0.7142857142857142
ENSG00000083845	-0.40727220440427203	0.00034259983969600453
ENSG00000083857	0.6699505059562263	2.0256674848995506e-16
ENSG00000083896	0.2622402241714106	1.2878708420246216e-06
ENSG00000083937	0.3103867776553564	0.01217075812060939
ENSG00000084070	-0.28849753141194867	4.5229449804755814e-07
ENSG00000084072	-0.5154372235825875	3.575843583527599e-14
ENSG00000084073	-0.500733999273077	1.0593763807945635e-05
ENSG00000084090	-0.12681163557594388	0.04400623184298815
ENSG00000084092	-0.39907546968820995	6.608337339569025e-05
ENSG00000084093	-0.0450042687487624	0.9505928853754944
ENSG00000084112	0.40450343524794974	2.563452814194808e-07
ENSG00000084234	0.39624611921343345	4.2367271288368764e-07
ENSG00000084463	-0.08526921907317586	0.0027159543782190624
ENSG00000084623	-0.04668746627918807	0.26032697601733057
ENSG00000084636	0.4832511285308243	8.809660114032646e-07
ENSG00000084652	0.01747413879123272	0.4884046694042794
ENSG00000084674	0.23261050220784796	0.03261403048616829
ENSG00000084676	-0.030111250614378804	0.979062295937571
ENSG00000084731	0.15706948524550413	0.5531475748194015
ENSG00000084733	0.22387623984801763	0.001214837680051155
ENSG00000084754	-0.30230400014888303	1.079898435289987e-05
ENSG00000084764	0.6106132479971826	3.641372465529785e-08
ENSG00000084774	0.1802953235760576	2.4455465855776126e-06
ENSG00000085117	0.8025528952591792	2.3224941206560908e-09
ENSG00000085185	-0.16676572912072274	0.1645841365768086
ENSG00000085224	-0.17768845605079875	1.9920387585096643e-06
ENSG00000085231	0.34234493495332075	0.00024031555526917003
ENSG00000085265	0.1457002406600374	0.7470761936774952
ENSG00000085276	-0.12633512146320314	0.092860759983975
ENSG00000085365	0.044169321864586664	0.3566760572729719
ENSG00000085377	-0.07721917297803316	0.010305342006549265
ENSG00000085382	0.18808839195407145	0.21579933594294498
ENSG00000085415	0.024348579638321155	0.4989114934975649
ENSG00000085433	0.09662872264702571	0.0056896297504508255
ENSG00000085449	0.36198782538296825	6.691419297986113e-10
ENSG00000085491	0.5237753027348937	5.287753947070362e-13
ENSG00000085511	-0.13773028066976067	0.011472725060028444
ENSG00000085514	1.2092020513805153	8.138073530199785e-09
ENSG00000085552	0.2971388267819588	0.5734265734265734
ENSG00000085563	-0.5129528227297264	0.0008658612297371556
ENSG00000085662	-0.3111018853846339	8.242693018322496e-06
ENSG00000085719	0.13641489999943346	0.020346399575031586
ENSG00000085721	0.002841090421959791	0.8261350145337186
ENSG00000085733	0.43105909507520224	1.3564453406374439e-14
ENSG00000085741	-0.534804886276806	0.0001378287737120304
ENSG00000085760	-0.7811503308432997	1.15720171020465e-13
ENSG00000085788	0.04935936418283049	0.19633334979560013
ENSG00000085831	-0.17585700696081474	0.01081045662739508
ENSG00000085832	0.30504032501268696	1.8684778898162458e-07
ENSG00000085840	-0.16657231118463045	0.30393246045419964
ENSG00000085871	-0.857875488097342	1.2162822586912167e-07
ENSG00000085872	-0.005254124274689076	0.5928428890472028
ENSG00000085978	0.11231237243416459	0.0019479722272233893
ENSG00000085982	0.012798881452262378	0.8141227892542897
ENSG00000085998	-0.25251198477126024	0.016591446662272077
ENSG00000086015	0.5210776982976562	0.0007261931231122511
ENSG00000086061	0.08555818175067031	0.029999811818275393
ENSG00000086062	0.7503646256425327	1.4240077929417982e-15
ENSG00000086065	0.43705096665331666	3.539584707088135e-10
ENSG00000086102	-0.18325410073946102	1.8725478250804506e-06
ENSG00000086189	-0.46621924611895693	7.0477310790861706e-15
ENSG00000086200	0.0706992724226545	0.31894907767733494
ENSG00000086205	0.06935923434956237	0.6304200032513604
ENSG00000086232	0.2744886096657826	0.013345495084625519
ENSG00000086289	0.7693109872255093	6.517472269444931e-10
ENSG00000086300	0.22017288342875752	0.1816051903008425
ENSG00000086475	-0.2627228949047691	4.00180967182026e-08
ENSG00000086504	-0.3671599773386731	0.0014059116667942554
ENSG00000086506	-0.3695241704411849	0.06475009344049973
ENSG00000086544	0.2087542457886471	1.3837269454422599e-05
ENSG00000086548	1.1246744016215438	1.992164564911407e-09
ENSG00000086570	-0.05880840414858213	0.615600079366337
ENSG00000086589	0.04900235002222075	0.5813828882413051
ENSG00000086598	-0.4098857723598037	1.2112313702605198e-05
ENSG00000086619	-2.2733590001532775	1.998860521589797e-18
ENSG00000086666	0.21162719056257373	0.0014247004764271999
ENSG00000086696	-0.2550846158944218	0.04738569248747304
ENSG00000086712	-0.08948633064722955	0.04879795434481466
ENSG00000086730	-0.2370479135892225	0.026899041185169118
ENSG00000086758	-0.019482305818701917	0.4255208798496565
ENSG00000086827	-0.2511062711815093	3.6269617340328435e-05
ENSG00000087008	0.009253423988837994	0.7533884953001718
ENSG00000087053	0.4781245662395719	2.043847372985949e-09
ENSG00000087076	-0.05256743693503907	0.47927139593082113
ENSG00000087077	0.1829263680237112	6.531935446420411e-05
ENSG00000087086	0.7732816962500273	9.459839356870072e-08
ENSG00000087087	0.051703214096527006	0.22354099548959694
ENSG00000087088	0.5626873270282786	1.274801321611058e-12
ENSG00000087111	0.12486197013224754	0.0184059294939034
ENSG00000087116	0.8934101286116345	2.313384846705088e-11
ENSG00000087152	-0.15626947898933352	0.2298322413082875
ENSG00000087157	-0.12815353174216781	0.39368851798913085
ENSG00000087191	-0.0114448130603364	0.624879150846561
ENSG00000087206	-0.40705039194787673	1.15720171020465e-13
ENSG00000087237	-0.23409570335846297	0.19967679150643913
ENSG00000087245	0.9848688205515224	1.3968905712739639e-13
ENSG00000087250	-0.7488625838253178	0.07416509004940595
ENSG00000087253	0.6319633178558526	1.7210171738213388e-12
ENSG00000087258	-0.12338750784851982	0.33122354599707937
ENSG00000087263	0.3188141043084336	0.0009602657316159648
ENSG00000087266	-0.17309802871338675	0.012231995759275154
ENSG00000087269	-0.33486414420057997	8.34916568807155e-09
ENSG00000087274	-0.35965361899988935	4.3813851892155296e-10
ENSG00000087299	-0.701569940487758	3.18014024353113e-10
ENSG00000087301	-0.8245319164471887	0.21200996235639646
ENSG00000087302	-0.09058172138609777	0.016819071503882333
ENSG00000087303	0.039510243761974095	0.49102014027956076
ENSG00000087338	-0.6019470974067502	0.26190476190476186
ENSG00000087365	-0.23605530130273067	3.539584707088135e-10
ENSG00000087448	-0.19628002607964135	0.2916507965054558
ENSG00000087460	-0.1030667593771426	0.017204094127052923
ENSG00000087470	0.38486952572897337	1.7591955130369096e-14
ENSG00000087502	-0.2604758288196152	0.006377746290853119
ENSG00000087510	-0.39749146442075656	0.1062937062937063
ENSG00000087586	0.3816562131662664	0.117092465522653
ENSG00000087589	0.04199578727297393	0.9607468840975408
ENSG00000087842	0.5144323898127361	1.2162822586912167e-07
ENSG00000087884	0.4333733041347223	5.1918695317060845e-05
ENSG00000087903	-0.11167545931827405	0.9411813298595393
ENSG00000088002	0.6182209535729655	1.0073098547623752e-06
ENSG00000088035	-0.642419343010328	1.0388318984728843e-05
ENSG00000088038	-0.08650667297507653	0.0002179285378261097
ENSG00000088053	-0.06212954779350355	0.9914129810204156
ENSG00000088179	0.9726738363138452	0.00042418319239770184
ENSG00000088205	0.0048316579352736255	0.6576403704710183
ENSG00000088247	-0.04615320477808993	0.16394094387366764
ENSG00000088256	-0.2949611972307906	7.928562558915315e-06
ENSG00000088280	-0.16949190953185678	0.006706937714447935
ENSG00000088298	-0.7808425156623713	1.9148912173089936e-11
ENSG00000088320	0.3179805872068151	0.1976581872234046
ENSG00000088325	0.3763296622627088	0.0009534406876150287
ENSG00000088356	-0.07842780924046977	0.15773070989438942
ENSG00000088367	0.046758087876003884	0.4017542949252023
ENSG00000088386	0.2424917918641647	0.18496226652565406
ENSG00000088387	0.2894180676778717	1.5013604998735864e-09
ENSG00000088448	0.22564738963727038	0.1494717671950748
ENSG00000088682	-0.8042612745509246	3.463006512052052e-14
ENSG00000088726	-0.20987410249861327	0.38095238095238093
ENSG00000088756	0.20059542112294082	0.32460423320566006
ENSG00000088808	-0.5049831899386845	9.690748459508954e-10
ENSG00000088812	0.33068062273935084	7.428629987263001e-07
ENSG00000088827	-0.020211663052982942	0.8270662613117976
ENSG00000088832	-0.3363620882032059	6.682916747219286e-09
ENSG00000088833	-0.24567336644313187	2.7295045253409595e-07
ENSG00000088854	0.5972128389037579	0.0034278814164962167
ENSG00000088882	0.5990353711161802	3.3919140830351274e-08
ENSG00000088888	-0.00561570263357325	0.7883908645083231
ENSG00000088899	0.04227503856590076	0.7894006909872938
ENSG00000088926	0.5177260832832857	1.0674952951496852e-08
ENSG00000088930	-0.09048763854274	0.004813628768105611
ENSG00000088986	-0.18266079067721108	0.003955776292643816
ENSG00000088992	0.0329173006842538	0.9055956888924968
ENSG00000089006	0.06327446918022162	0.14241923395062991
ENSG00000089009	-0.22106433876863463	0.0033272819958255584
ENSG00000089041	0.14165637784829954	0.6146574383967253
ENSG00000089048	-0.24634355578768918	9.738663557820941e-05
ENSG00000089050	0.17404996525942806	0.027567774007998508
ENSG00000089053	-0.022019910728463543	0.09726522503776172
ENSG00000089060	0.5859661297312471	0.002032076680569041
ENSG00000089063	-0.5706332151034808	0.0006651041195037671
ENSG00000089094	-0.24707109453954246	0.017664824148763743
ENSG00000089101	0.1607068548033901	0.1571160489586807
ENSG00000089123	0.13088140741873033	0.7060581048038508
ENSG00000089127	0.9105413269466069	6.350503089270394e-11
ENSG00000089154	-0.181959789262649	0.011747557384599271
ENSG00000089157	-1.0380512868166782	5.451964289810433e-13
ENSG00000089159	0.27865251955105563	5.2101578352234224e-09
ENSG00000089169	-0.5471529834006681	9.91724820370463e-05
ENSG00000089177	0.014593533780296042	0.9452597360400462
ENSG00000089195	0.05963369983424727	0.20811027676489258
ENSG00000089199	-0.49822484610909257	0.0042249267492923395
ENSG00000089220	-0.8698023789500979	6.598589147121211e-15
ENSG00000089234	-0.016610776583029008	0.978421340043115
ENSG00000089248	-0.451297400450251	3.760149443735435e-09
ENSG00000089250	-0.9775352786582623	0.0017584777027986414
ENSG00000089280	-0.3197220692053051	1.1595758772812754e-06
ENSG00000089289	0.2540523932213752	6.359187865228765e-09
ENSG00000089335	-0.40451255708233624	0.1688265070954531
ENSG00000089351	0.18104547513017977	0.10435269201465336
ENSG00000089472	0.780725443235557	2.8559239923796704e-14
ENSG00000089597	0.15193373065929094	6.91680464198128e-06
ENSG00000089639	0.470662644544781	3.312506957494708e-08
ENSG00000089682	0.33051794447571226	0.6867905056759546
ENSG00000089685	-0.3451877294089023	0.10092424737733663
ENSG00000089693	-0.03693352716236831	0.3472784285554865
ENSG00000089737	0.23757446768703971	6.359187865228765e-09
ENSG00000089818	-0.7047711857826116	4.90221504294255e-15
ENSG00000089820	0.38727474146692487	1.0593763807945635e-05
ENSG00000089876	-0.4701665314588155	1.5606377339904226e-07
ENSG00000089902	-0.09462728837083745	0.6219360317032716
ENSG00000089916	-0.12898468676904784	0.4582787825141691
ENSG00000090006	0.6765073220577733	3.231559180388467e-09
ENSG00000090013	-0.16994244633065492	0.2066107614675584
ENSG00000090020	-0.023115848856136267	0.4601364332378711
ENSG00000090054	0.078607753902034	0.14933798398821427
ENSG00000090060	-0.044853263711885916	0.08380906617588522
ENSG00000090061	-0.06113418652375202	0.6189989454871263
ENSG00000090097	-0.2427259365838168	0.01516435909877357
ENSG00000090104	0.2439798404729654	0.34029927760577916
ENSG00000090263	0.37319103409009813	0.2568192383456369
ENSG00000090266	0.3497105489350574	0.10211271893123255
ENSG00000090273	-0.33384791436066763	1.4914499124952545e-10
ENSG00000090316	0.2284989530815693	2.9153790624116784e-05
ENSG00000090339	0.728362718975383	2.0022714820527853e-11
ENSG00000090372	-0.0469097990985432	0.660652787167278
ENSG00000090376	0.721833997304195	8.193641610127197e-11
ENSG00000090402	-0.206304269753236	0.2203911516866215
ENSG00000090432	-0.11177485373674045	0.1956143317128083
ENSG00000090447	-0.7282561543961457	4.691489608053561e-06
ENSG00000090470	-0.19942419544894818	0.4421737038276251
ENSG00000090487	0.10038503127801235	0.04927649173379901
ENSG00000090512	0.4148767806788598	3.0239521881973373e-05
ENSG00000090520	-1.0514923891668424	4.1965608365544934e-14
ENSG00000090530	-0.08536768377933157	0.38963373803504286
ENSG00000090539	0.21394256110331256	0.010686890232881652
ENSG00000090565	-0.09948801835986743	0.46145309138196366
ENSG00000090581	0.05734157688685215	0.49627357649761794
ENSG00000090615	-0.0027651026542585555	0.4989114934975649
ENSG00000090621	-1.432682542176643	3.470258530543528e-18
ENSG00000090659	-0.03283368834043898	0.6092690649038915
ENSG00000090661	-1.9347959457167292	1.0886610581479281e-11
ENSG00000090674	-0.6769466773988544	0.017582417582417582
ENSG00000090686	0.041118168416780065	0.47544072466747456
ENSG00000090776	0.5544104343318104	8.34916568807155e-09
ENSG00000090857	-0.1776208856201471	8.19499251730903e-05
ENSG00000090861	-0.6174648970044245	4.483631314499304e-09
ENSG00000090863	0.16778745746912804	0.0002692945343204551
ENSG00000090889	0.6665577178268265	0.0017930449971720608
ENSG00000090905	0.012416235230201522	0.7984014106653529
ENSG00000090924	0.22716620068034743	0.0017703258100150922
ENSG00000090971	0.0935358326252711	0.5470301660362981
ENSG00000090975	0.026203375398512918	0.3525300057887011
ENSG00000090989	0.03755562859542749	0.5928428890472028
ENSG00000091009	-0.4995971320649275	1.6898388867697942e-09
ENSG00000091039	0.04448216131916993	0.32300705533788265
ENSG00000091073	0.3616414099280192	6.972853041561294e-05
ENSG00000091106	0.20690417577526077	0.2832616608931666
ENSG00000091127	-0.010862314749417123	0.6307833329267092
ENSG00000091129	-1.8636869384206562	3.345352397719069e-18
ENSG00000091136	0.11520304156772099	0.04832332450132777
ENSG00000091140	-0.43401320913766384	2.2533657601139723e-06
ENSG00000091157	-0.2537634993379356	1.1001812552374268e-09
ENSG00000091164	-0.2847039451812954	6.504152450472385e-12
ENSG00000091317	0.2460735281179538	0.054945741476931285
ENSG00000091409	0.34404410721912626	4.665423763616185e-05
ENSG00000091428	-0.575830665458124	0.04175824175824176
ENSG00000091436	0.09180588070892526	0.017399488775692782
ENSG00000091482	0.37103785294546654	0.1016133650110793
ENSG00000091483	-0.6991542882642321	3.9364951624615547e-14
ENSG00000091490	0.04906104596093641	0.5975341093827955
ENSG00000091527	0.05730149410233665	0.35885134011843023
ENSG00000091542	-0.2086395156015186	8.19499251730903e-05
ENSG00000091583	0.8932628292046303	2.308439754580678e-11
ENSG00000091592	0.481910543946519	0.00307852102024149
ENSG00000091640	-0.41751769621303936	1.1300524927799634e-12
ENSG00000091651	-0.031859260849547155	0.7757575757575759
ENSG00000091656	-0.15760787176103008	0.26918125525017345
ENSG00000091704	-2.528529728931229	1.1213924452214201e-13
ENSG00000091732	-0.2606530020705726	1.8684778898162458e-07
ENSG00000091844	0.1879092951053849	0.7142857142857142
ENSG00000091879	0.33943717020570574	0.06094644777808132
ENSG00000091947	0.12779992611207547	1.0
ENSG00000091972	-0.06233581315415293	0.41246313790678935
ENSG00000091986	1.1458931639591263	2.031750107713592e-13
ENSG00000092009	0.3142135211425128	0.008593130390573318
ENSG00000092010	0.28487923682229876	1.6643970351284978e-09
ENSG00000092020	-0.6409460203505333	0.2160633484162896
ENSG00000092036	-0.07143781122381654	0.37635683036340006
ENSG00000092068	-0.42276102214784217	0.14729049627328725
ENSG00000092094	0.01639948499482813	0.4159172648590024
ENSG00000092108	-0.3088134245104044	0.00030145406558092073
ENSG00000092148	0.3418387343798237	5.246911205479475e-14
ENSG00000092199	-0.041947329782743736	0.3502001942354852
ENSG00000092201	0.3729218178521947	3.9385892716773587e-10
ENSG00000092203	-0.06150870610807502	0.08455650748070052
ENSG00000092208	-0.38063866098322663	2.231362538224518e-06
ENSG00000092330	-0.5443816366337018	2.3035526940058653e-06
ENSG00000092421	0.41064629794450624	0.1111111111111111
ENSG00000092439	-0.19088873690841623	0.32065435520903884
ENSG00000092470	-0.24842977138170852	0.3362650462626776
ENSG00000092531	0.024169018388963792	0.5531956114070448
ENSG00000092621	-1.3154572755939	5.959026433013842e-14
ENSG00000092820	0.5045921375461511	2.947904463817858e-13
ENSG00000092841	0.608113716178984	6.176308953240247e-11
ENSG00000092847	-0.4365848504893499	6.349897489821004e-14
ENSG00000092853	-0.3169214326818448	0.6611721611721613
ENSG00000092871	0.38841769294030826	0.000709126536322909
ENSG00000092929	0.5609609719194459	2.660295315855726e-11
ENSG00000092931	-0.015122084300294603	0.8323827349218436
ENSG00000092964	0.3442798866624486	4.055709982413307e-07
ENSG00000092969	1.1649959221489858	3.759843200817178e-15
ENSG00000092978	-0.04437148274121583	0.30919121828412466
ENSG00000093000	0.008359148509022418	0.6941434813912064
ENSG00000093009	0.03239262428082057	0.7648410171064635
ENSG00000093010	0.32152542955264707	4.827770466202874e-07
ENSG00000093072	0.4617495348452003	3.5618736887867264e-05
ENSG00000093144	-0.2803672655406402	3.3731994039604515e-05
ENSG00000093167	0.2110569780651872	7.129718208995007e-05
ENSG00000093217	-0.16093996582158354	0.030316413364962186
ENSG00000094631	-0.09781437126351022	0.003153057892896942
ENSG00000094841	-0.2728284106488026	6.037039246485229e-05
ENSG00000094880	-0.09332459534556747	0.0022398266556136284
ENSG00000094914	0.18776947311464554	0.0005923058335298057
ENSG00000094916	0.06374321462423183	0.2991618964314652
ENSG00000094975	-0.8126469784433681	3.428580557510389e-07
ENSG00000095002	0.13461400313421024	0.08233023307216039
ENSG00000095015	-0.500321690122913	0.6139686400555965
ENSG00000095059	0.41306759547536487	4.479839085253293e-06
ENSG00000095066	-0.6814999810113918	1.8271117947024693e-12
ENSG00000095139	-0.3216085595565268	7.342600197806745e-08
ENSG00000095203	-0.9586510638136794	2.804073406078782e-10
ENSG00000095209	-0.7360292555640235	0.001212529627515672
ENSG00000095261	0.03172162223170716	0.47030849332781655
ENSG00000095303	0.6749162579037602	2.3194735176842135e-12
ENSG00000095319	0.06561510255627212	0.1540910815352822
ENSG00000095321	-1.1969404292425239	1.341265627618183e-11
ENSG00000095370	-0.016457351242692653	0.8701610811443585
ENSG00000095380	-0.28623278474606906	0.0002364873137011237
ENSG00000095383	0.8786927723181606	3.886856367209383e-15
ENSG00000095397	-0.3158829986779992	0.3350467243779045
ENSG00000095485	-0.27272619644318397	1.5761561594237114e-08
ENSG00000095539	-0.13394339770663422	0.5805224523759993
ENSG00000095564	-0.04793289172576465	0.5531956114070448
ENSG00000095574	0.7795436392673949	0.1791091927267221
ENSG00000095585	-0.1619424103529461	0.009587023364790864
ENSG00000095637	0.34015798958984433	1.9414069858724983e-05
ENSG00000095713	0.43153093302772305	9.080910264180866e-06
ENSG00000095787	-0.2959174288863302	2.6380153835865803e-09
ENSG00000095794	-0.6693497886827018	7.172722931769855e-06
ENSG00000095906	-0.32174294853786023	1.073772435245062e-10
ENSG00000095932	-0.3196896562949938	0.14595842079070964
ENSG00000095951	0.3606598774336476	0.04078321269554235
ENSG00000095970	-0.077504793958461	0.6274700178869204
ENSG00000096006	1.0270714113700947	2.2639564512410234e-09
ENSG00000096060	-0.27110406775394225	3.829069387873512e-05
ENSG00000096063	-0.508479714526338	2.8530513136605934e-07
ENSG00000096070	-0.20381248091794646	0.42077365861648097
ENSG00000096080	-0.048800288795554536	0.2802112681301142
ENSG00000096088	0.15715670706083884	0.5015568436499529
ENSG00000096384	0.4573091981215214	2.52026781995698e-15
ENSG00000096395	-0.15130192644034324	0.5365835537460252
ENSG00000096401	-0.11963869267725968	5.475745196701596e-05
ENSG00000096433	1.0566177633000642	2.2327087484456852e-18
ENSG00000096654	-0.5431012778671089	1.634912574898918e-05
ENSG00000096696	0.25030190689926357	0.003801856570243107
ENSG00000096717	-0.32992750246945235	1.26533118139497e-07
ENSG00000096746	0.3705037205896353	1.46558422495661e-08
ENSG00000096872	-0.16822982414972643	0.0012841074028339284
ENSG00000096968	0.039564823151419404	0.6474612861442588
ENSG00000097007	-0.031845349967639436	0.9552008827846545
ENSG00000097021	0.683079784676984	2.6865964615891033e-13
ENSG00000097033	0.6249194017134521	3.77297597817798e-13
ENSG00000097096	0.031729319993587524	0.5887149460823253
ENSG00000099139	0.3978708056470097	0.0007837800626766382
ENSG00000099194	0.18621304744954514	0.07587885252251009
ENSG00000099203	-0.8647616495569714	3.029716041246893e-12
ENSG00000099204	-0.02718925589611132	0.9419478370769262
ENSG00000099219	-0.07114507063861097	0.2765212267728723
ENSG00000099246	-0.46865827029597895	3.473166272684205e-08
ENSG00000099250	0.416409158363372	1.5808317249599164e-09
ENSG00000099256	0.5162254513172506	3.0960030404015684e-10
ENSG00000099260	-0.7277991409964777	3.772480543488844e-16
ENSG00000099282	0.6559717774947451	1.2360843897208605e-08
ENSG00000099284	-0.5164451422132004	2.564963486312211e-10
ENSG00000099290	0.21750281452242248	0.0006107591056887842
ENSG00000099308	-1.0453483320993442	8.595037791633075e-16
ENSG00000099331	0.4004800686767318	3.5752255702835974e-09
ENSG00000099341	0.4170302823143288	9.357127731003617e-11
ENSG00000099364	-0.16317142522764172	0.29578522495600124
ENSG00000099377	-0.38007723228522394	0.025622980851320174
ENSG00000099381	-0.15013789613995243	0.01779612367491983
ENSG00000099385	-0.17983407251642447	0.0019479722272233893
ENSG00000099622	-0.83464192977587	9.2766935203127e-18
ENSG00000099624	0.4108613643585919	0.0017131296372089064
ENSG00000099769	0.6049926724351558	9.035315259102339e-08
ENSG00000099783	-0.2381974210246618	2.8152876714281907e-11
ENSG00000099795	-0.11371377712392672	0.14584720630299233
ENSG00000099797	-0.792339538297469	9.245218634974503e-08
ENSG00000099800	-0.27240303789768205	4.3430258518895265e-05
ENSG00000099804	-0.20579245144323366	0.0530038503238793
ENSG00000099810	-0.45855291678614307	9.218104299996282e-12
ENSG00000099812	1.2532811273408058	8.02547822533288e-18
ENSG00000099814	0.025877624678404487	0.452588885144776
ENSG00000099817	0.008945912475024187	0.7756090881495159
ENSG00000099821	-0.5143468406726797	1.2380444707060752e-06
ENSG00000099834	0.20161380597018663	0.4319596013689029
ENSG00000099849	0.17940772501716395	0.10664000994798388
ENSG00000099864	0.08890859947579344	0.18230834825354691
ENSG00000099866	-0.8001798580019432	0.0008785313828268946
ENSG00000099875	-0.7677763918929852	0.15797559174644824
ENSG00000099889	-0.34980320955777344	1.3294529425111674e-06
ENSG00000099899	0.2318565999181459	3.8987820166643874e-05
ENSG00000099901	-0.046070643513012044	0.07662513184492546
ENSG00000099904	0.5308159723045556	0.34285714285714286
ENSG00000099910	0.10740554127854907	0.2728644523956315
ENSG00000099917	0.22865785556898643	3.74180278278298e-06
ENSG00000099937	0.6273566473111281	4.097188876019721e-08
ENSG00000099940	0.1901804675627332	0.0009890228733151468
ENSG00000099942	0.1525891775180206	0.00042083524792184364
ENSG00000099949	0.28879182526331704	0.00021181045721976082
ENSG00000099953	0.8783620461902579	9.580528494712295e-14
ENSG00000099956	-0.29188590530438674	5.476871561763468e-09
ENSG00000099958	-0.7648983432493814	2.7218960349100413e-05
ENSG00000099968	-0.3478483337802487	1.206292807290259e-08
ENSG00000099991	-0.10128743572141019	0.21541464963972634
ENSG00000099992	-0.0043963805009639145	0.466567044298126
ENSG00000099994	0.2168223129636857	0.02727606754089589
ENSG00000099995	-0.11184880006199904	0.00018483838046215963
ENSG00000099998	0.38453590621872635	5.2101578352234224e-09
ENSG00000100003	0.655220434431083	2.627199851266623e-09
ENSG00000100014	0.5876524403953951	2.9809275773008704e-08
ENSG00000100023	-0.11173684617011759	0.0033272819958255584
ENSG00000100028	0.6391384700023757	6.517472269444931e-10
ENSG00000100029	0.03308011793683008	0.6278282642416717
ENSG00000100030	-0.014476727313095239	0.9817405015829257
ENSG00000100033	0.23294014140481423	0.16608072201571167
ENSG00000100034	0.3763056773583777	5.556548481826914e-08
ENSG00000100038	-0.32270795217593573	4.1583439987793754e-09
ENSG00000100055	0.2300428689449845	0.0079812376718845
ENSG00000100056	0.013558049720138854	0.40879926965689184
ENSG00000100065	0.2759771515854865	0.0003265091047577443
ENSG00000100075	-0.6830190463834818	4.943781822735318e-08
ENSG00000100077	-0.2607766129649569	0.008353443721021262
ENSG00000100079	-1.9041693463104075	2.373290919859118e-13
ENSG00000100083	-0.06628481707489442	0.10328547703551974
ENSG00000100084	-0.1593504605956788	0.0014874761962627267
ENSG00000100092	0.39128274660112083	1.0000209465361813e-05
ENSG00000100097	0.9605441303539592	2.136421814491379e-14
ENSG00000100099	0.09436022880742456	0.674733700581662
ENSG00000100100	0.15401823226940436	0.5083315735521454
ENSG00000100105	-0.6100484334596139	0.0031190947455475766
ENSG00000100106	0.3223923112183513	4.6081236033118025e-08
ENSG00000100109	0.03825889992761233	0.24990253421496988
ENSG00000100116	-1.683733235513099	4.9897862991744444e-12
ENSG00000100122	-0.08683377219425381	0.6039166328134207
ENSG00000100124	0.18700208786385275	0.28577454548933146
ENSG00000100129	-0.0239675534267505	0.2953049344012678
ENSG00000100138	0.33002872168706077	0.003801856570243107
ENSG00000100139	-0.2932422125965033	2.1370817517318716e-07
ENSG00000100142	1.0527628167751217	4.5956552573434185e-05
ENSG00000100147	0.17386629708757084	0.0005923058335298057
ENSG00000100150	-0.14150323149151944	0.10013861951374059
ENSG00000100151	-0.15719626956780175	0.03194282604095981
ENSG00000100154	-0.09122278162851316	0.31693265838363516
ENSG00000100162	0.20185996248238425	0.0882815647115639
ENSG00000100167	-0.29875199196168367	0.054789736846654634
ENSG00000100170	-0.03092855856386123	0.9982317903548006
ENSG00000100196	-0.2138288906513921	0.15635289969986782
ENSG00000100201	-0.2535753015049913	2.1853834377624033e-12
ENSG00000100207	-0.123494474368254	0.017399488775692782
ENSG00000100209	-0.45362887936195406	2.317543824052998e-08
ENSG00000100211	-0.09806604937406505	0.5786659161272165
ENSG00000100216	-0.13167040160687904	0.225127936873455
ENSG00000100220	-0.1434343129340263	4.569966940351117e-06
ENSG00000100221	-0.15650812156413352	0.43956043956043955
ENSG00000100225	0.2477478758382503	9.907294667777274e-05
ENSG00000100226	-0.03560003040728432	0.21727327010823994
ENSG00000100227	0.16537641608228526	0.000767180178886201
ENSG00000100228	-0.383460677538185	0.1569669882535778
ENSG00000100234	0.8757436890300987	9.716336642430768e-13
ENSG00000100239	-0.28970701596200144	5.138034301250926e-10
ENSG00000100241	0.1745638948062158	3.403464855273614e-07
ENSG00000100242	0.468329453566362	4.6206459792409267e-10
ENSG00000100243	0.0069038815185287206	0.5615811009154887
ENSG00000100246	0.36057762116267256	0.0032312643368011163
ENSG00000100258	-1.0786129436334768	3.856070216771728e-09
ENSG00000100263	-0.5528146079613911	1.7100230676862754e-07
ENSG00000100266	-0.3814106285906256	5.864749838449693e-10
ENSG00000100280	0.09020642525142009	0.2036352950282595
ENSG00000100281	0.189862126354857	0.09720320005973034
ENSG00000100284	0.2801220359510701	2.997292779370962e-06
ENSG00000100285	-0.10210854433929839	0.8841683079477839
ENSG00000100288	0.2957649618712921	4.136066020533613e-06
ENSG00000100292	0.20153843268902705	0.022462983043118893
ENSG00000100294	-0.1416177814284083	0.008282916537384844
ENSG00000100296	-0.1076487515959137	0.005405886035755181
ENSG00000100297	0.45687280381481443	1.46558422495661e-08
ENSG00000100299	0.04900386461904205	0.28769132651142293
ENSG00000100300	0.7727531340427056	6.682916747219286e-09
ENSG00000100304	0.3828213141253798	1.6394550701916036e-11
ENSG00000100307	-0.6567963842305637	0.0022961296266968264
ENSG00000100316	-0.6516715989588739	1.575028328707128e-10
ENSG00000100320	0.019719980614361532	0.4401664155741143
ENSG00000100321	0.22629177621746166	0.0412406551216526
ENSG00000100324	-0.11058490691253908	0.0042249267492923395
ENSG00000100325	-0.26462753942081463	1.827007169598743e-07
ENSG00000100330	-0.12388334710833249	0.07282614278084586
ENSG00000100335	-0.3565123603729923	1.2345515282026393e-05
ENSG00000100342	0.425287671553658	5.6730986350955516e-05
ENSG00000100345	0.5504548393071822	4.922928382404464e-14
ENSG00000100347	-0.031434087831218704	0.7660622815044287
ENSG00000100348	0.16653126407923224	0.2348186692192349
ENSG00000100350	-0.17365531419430802	0.7857142857142857
ENSG00000100351	0.10392863262942242	0.04042139956987062
ENSG00000100353	-0.31574957619271515	3.4305668293063134e-11
ENSG00000100354	-0.16440591184773723	3.9696981776121617e-05
ENSG00000100359	-0.7873268289995217	1.46558422495661e-08
ENSG00000100360	0.013077332205732262	0.587099940428432
ENSG00000100362	0.20291194834224413	0.0558573969866281
ENSG00000100364	0.3886464156919729	1.968456205772063e-06
ENSG00000100365	0.9351526276055324	3.692294363816138e-14
ENSG00000100372	0.2150649787985408	0.41529382099348355
ENSG00000100376	-0.013415142531236768	0.7255196719708128
ENSG00000100379	-0.5922823309829202	0.0028848860118209966
ENSG00000100380	-0.10438991754990923	0.04292396969217442
ENSG00000100387	0.09294243191810381	0.26032697601733057
ENSG00000100393	0.14417330937301998	0.004690266308828981
ENSG00000100395	-0.24592229311077318	0.12916434212024935
ENSG00000100401	0.15119727371312308	0.00027813861262809966
ENSG00000100403	-0.14513135444738623	0.011609419646416487
ENSG00000100410	0.5139036028833921	1.374149335254547e-10
ENSG00000100412	-0.6258624357358649	9.716336642430768e-13
ENSG00000100413	-0.2569872497912513	0.055461053679459756
ENSG00000100416	-0.8003105450274504	1.7210171738213388e-12
ENSG00000100417	0.1583781159691675	0.047852578447385524
ENSG00000100418	0.7072042596508261	9.666103861035781e-06
ENSG00000100422	-0.9805732900590698	0.004231166150670795
ENSG00000100425	-0.15470053375804582	0.030638671828566857
ENSG00000100429	0.25529893683349414	0.00034259983969600453
ENSG00000100439	-0.07320514777372367	0.4136956588567132
ENSG00000100441	0.15587755117883972	0.00030145406558092073
ENSG00000100442	-0.20936535151321678	0.000790643727950585
ENSG00000100445	-0.06285735258613201	0.38332716790086574
ENSG00000100450	-0.34784675114044106	0.06761599410171246
ENSG00000100453	1.7794282728573165	1.3365098754093061e-05
ENSG00000100461	-0.17947754647879322	0.0150278725234511
ENSG00000100462	-0.20031794839244554	1.5539840236368305e-06
ENSG00000100473	0.2838546451759818	0.15879941492100214
ENSG00000100478	-0.42280628318078683	2.2250456334552116e-09
ENSG00000100479	0.15168999352574986	0.7251553048339479
ENSG00000100483	-0.03198877434885716	0.6888200894392846
ENSG00000100485	-0.150832873140331	0.034976121954489146
ENSG00000100503	-0.18051335680521774	0.015230848374839664
ENSG00000100504	0.48366529124297486	2.705950519796711e-09
ENSG00000100505	-0.48258253721199296	0.4002579979360166
ENSG00000100519	0.21596205767658816	7.006168892072749e-05
ENSG00000100522	0.2071774587979931	0.015889427627325335
ENSG00000100523	0.3547722214065949	0.015795610912013727
ENSG00000100528	-0.36317561915960184	0.06925590749120161
ENSG00000100554	0.2561208426904784	0.000228892583410228
ENSG00000100558	0.8700139444283757	1.472841559091831e-15
ENSG00000100564	-0.5378689858950949	3.294613507307476e-05
ENSG00000100567	0.25036855208910325	0.00010429879933316817
ENSG00000100568	-0.5128859282614364	7.71179998280679e-11
ENSG00000100575	0.3146781201162483	0.039217227747902414
ENSG00000100577	-0.39819621913905934	0.0001439368038023674
ENSG00000100578	-0.5299810715457731	0.11035201870044986
ENSG00000100580	0.2791723409913587	0.00027368309300876593
ENSG00000100591	0.07319923915529003	0.010940124798104868
ENSG00000100592	-0.09300232213436388	0.22354099548959694
ENSG00000100596	0.5471521403873751	2.677843602157542e-14
ENSG00000100599	0.39199606971769896	3.1860054438466976e-07
ENSG00000100600	0.693714743799088	1.1588871188305543e-09
ENSG00000100601	-0.31465701594764894	0.004100398394394218
ENSG00000100603	-0.19207303779554508	1.3937950593796506e-07
ENSG00000100604	-0.7776288522844901	8.736288136953012e-06
ENSG00000100605	0.2314813211929163	7.512849070179428e-05
ENSG00000100612	0.0026261241929965706	0.9055956888924968
ENSG00000100614	-0.07148131879310071	0.0008026236630264378
ENSG00000100625	0.21422552450903254	0.5208791208791208
ENSG00000100626	-0.5330643016045471	0.00025059993547990215
ENSG00000100629	-0.015323559231749329	0.9854364683627146
ENSG00000100632	0.7651793443774615	3.954371133900604e-09
ENSG00000100650	-0.3319290388047378	0.0001439368038023674
ENSG00000100664	-0.2389091151631071	1.4102042424213875e-05
ENSG00000100665	0.7151336021551593	7.096610358061303e-11
ENSG00000100697	0.037069749233076266	0.29722923287922576
ENSG00000100711	0.0480833336025519	0.452588885144776
ENSG00000100714	-0.2106992742926046	0.00030145406558092073
ENSG00000100721	-0.04259216364501128	0.906271608225154
ENSG00000100722	-0.09380626328625041	0.0018413392611480435
ENSG00000100726	0.22610873639388274	0.05195086123128299
ENSG00000100744	0.4338049161737487	2.0360684121610736e-07
ENSG00000100749	0.1665517324670347	0.004876404492564625
ENSG00000100764	-0.21352125760602902	8.34916568807155e-09
ENSG00000100767	-0.2532962371338101	0.0003593413045340206
ENSG00000100784	-0.3398624125771086	5.9588838099108215e-08
ENSG00000100796	0.01882318495798785	0.7502302540546053
ENSG00000100802	0.04385703507430705	0.6358789129686964
ENSG00000100804	-0.39906527332363595	1.5384276502487125e-08
ENSG00000100811	-0.2737617899460787	4.50122902612172e-08
ENSG00000100813	-0.05823083966807374	0.014663931746286437
ENSG00000100815	-0.5587520747429089	8.10109053950949e-13
ENSG00000100823	-0.12686222203414133	0.00038895412229609074
ENSG00000100836	-0.8708202832187943	5.2995831570107556e-05
ENSG00000100842	0.26172427827926015	0.08046278564007345
ENSG00000100852	0.05526570004884235	0.08683123826180912
ENSG00000100865	-0.30751710629751017	3.8821666193079077e-07
ENSG00000100867	-2.3579228024706076	2.240652777567097e-14
ENSG00000100883	-0.6098711184239995	3.817467848774185e-08
ENSG00000100884	-0.7955584512605576	0.014544279250161603
ENSG00000100888	-0.03166126993116691	0.30191816640759184
ENSG00000100889	-0.9580239322235578	1.8912682252226258e-11
ENSG00000100897	-0.45424063602030884	5.446549821790112e-07
ENSG00000100902	0.3300777475225196	6.389383820891407e-08
ENSG00000100906	0.3730014025981667	0.02330274396560504
ENSG00000100908	-0.36053222443103294	0.028589464587725537
ENSG00000100911	-0.11761641021222502	0.040829694583634044
ENSG00000100916	-0.3554075622446682	1.1220869485812049e-05
ENSG00000100934	0.8392384035030389	4.650012213034602e-18
ENSG00000100938	0.1448372632452859	0.00970355222640693
ENSG00000100941	-0.15046544362098047	1.5539840236368305e-06
ENSG00000100949	0.0868314848601699	0.09642856524948377
ENSG00000100968	0.2562222603078048	0.010940124798104868
ENSG00000100979	0.19797613558396066	0.04001657174220637
ENSG00000100982	0.0452579722998081	0.5842381598285787
ENSG00000100983	0.422868141548836	5.841826815465906e-11
ENSG00000100985	0.5382722368765833	0.0040083268915585965
ENSG00000100991	-0.16950159521080366	0.14906148450118809
ENSG00000100994	0.5793974245296347	2.0025912722032745e-14
ENSG00000100997	-0.4135415455739775	1.3577242268435747e-05
ENSG00000101000	0.8365895555176408	5.771946161740434e-10
ENSG00000101003	-1.0174461912046802	2.7979930932377994e-06
ENSG00000101017	0.19626431675169442	0.11098282451373989
ENSG00000101019	-0.3147372055800979	4.3430258518895265e-05
ENSG00000101040	0.08648636823264866	0.0015307320639987138
ENSG00000101049	-1.3817779607639693	7.346667528187962e-09
ENSG00000101052	-0.04907344999260843	0.5717727915577437
ENSG00000101076	-0.40587222456411354	0.0007329881206597464
ENSG00000101079	0.00289256851483799	0.9883797155832893
ENSG00000101084	-0.08903130635565404	0.9503399225058844
ENSG00000101096	-0.3585569279077525	1.1291622766025985e-09
ENSG00000101104	-1.007047104164613	8.038164938208734e-15
ENSG00000101109	0.5707983409211117	2.705950519796711e-09
ENSG00000101126	0.059302425791013746	0.11239546469408161
ENSG00000101132	0.05663440828551103	0.325048612648295
ENSG00000101138	0.190991049804083	0.00046231118148393907
ENSG00000101146	-0.18826668490465437	4.714108243599781e-09
ENSG00000101150	0.45370251506556514	1.266305544475628e-11
ENSG00000101152	-0.23533102985633647	0.007982760850078442
ENSG00000101158	-0.0380107002718475	0.33329860572305336
ENSG00000101160	0.5235783209595688	2.308439754580678e-11
ENSG00000101161	0.06692169854997942	0.008081712636330219
ENSG00000101162	0.19163472598805242	0.05376311645958891
ENSG00000101181	-0.16833680195447087	0.3030761398814954
ENSG00000101182	-0.08671974291002016	0.23155613527320285
ENSG00000101187	0.8776400068212595	0.00974651347979233
ENSG00000101189	0.4787254308974127	4.19750168230463e-08
ENSG00000101191	-0.01514584259857088	0.5756920098969223
ENSG00000101193	0.005410512894496122	0.9817405015829257
ENSG00000101199	-0.11858601076964703	0.0011127839462966808
ENSG00000101210	-0.316231857504917	0.00013231471255184524
ENSG00000101213	0.9158532257225751	6.501712342954657e-12
ENSG00000101216	-0.2034288006872913	0.0042249267492923395
ENSG00000101220	0.25713932106478055	1.5219899362933755e-06
ENSG00000101246	0.04459284756070048	0.32300705533788265
ENSG00000101247	-0.3796038635968664	5.463151499427572e-06
ENSG00000101251	1.2440986367864824	1.9275253379421042e-10
ENSG00000101265	0.5074507568599351	1.9115916615521564e-06
ENSG00000101266	-0.5143548051019629	5.6511908187614215e-11
ENSG00000101290	-0.10312756446494831	0.13684386604292936
ENSG00000101294	-1.1567528383603758	1.451301973089089e-10
ENSG00000101298	-1.1148468459589118	7.350155567628917e-07
ENSG00000101306	-1.9292564981174145	1.611973933480858e-13
ENSG00000101307	-0.12254577000015487	0.4070068218675029
ENSG00000101310	-0.4086023083108081	2.4258501041009972e-05
ENSG00000101311	0.656377334756467	4.5368201035107907e-13
ENSG00000101333	-0.03768469447086531	0.5785341601910862
ENSG00000101335	0.7838471978910064	4.055109510774515e-09
ENSG00000101336	0.7284807617565008	1.7359734552467427e-11
ENSG00000101337	0.08973934061468114	0.2728644523956315
ENSG00000101343	-0.026024432738598335	0.41353650832169786
ENSG00000101346	0.30765839544275053	9.677534290319806e-09
ENSG00000101347	0.12355171382477437	0.011472725060028444
ENSG00000101350	-0.3042517346282487	5.303086415360918e-08
ENSG00000101353	-0.8085483470602686	0.26190476190476186
ENSG00000101361	0.09406411049812746	0.055332455295570245
ENSG00000101363	-0.6722916438712438	6.411003949628706e-08
ENSG00000101365	0.13724160059710044	0.2991618964314652
ENSG00000101367	0.3826664305526961	1.2665903724777419e-08
ENSG00000101384	0.4644054848988546	3.473629423017691e-07
ENSG00000101391	-0.5400004620901306	4.2644457907352e-05
ENSG00000101400	-0.685268195997697	5.623699209997723e-10
ENSG00000101407	-0.005002376795275154	0.6503835699006733
ENSG00000101413	0.02474511119073952	0.8596236957716981
ENSG00000101417	-0.4542279895280359	0.3811473550603986
ENSG00000101421	0.24348913407122552	6.682916747219286e-09
ENSG00000101425	0.5421595164343422	0.031283498085399326
ENSG00000101439	0.4300893941035895	2.162798515400269e-06
ENSG00000101441	0.1709517529665554	0.8615384615384615
ENSG00000101442	-0.046499725664883584	0.7883908645083231
ENSG00000101443	1.6280921175480643	1.703044699031482e-14
ENSG00000101444	0.11406446101140588	0.06376238048014041
ENSG00000101452	0.0008018772215123704	0.26033846008755024
ENSG00000101457	0.18587285277939714	0.0010647852625267006
ENSG00000101460	0.7704141052063029	5.152362718978593e-07
ENSG00000101464	-0.07988419440898653	0.8270713081368428
ENSG00000101473	0.6667625152950301	3.575843583527599e-14
ENSG00000101474	-0.11279902447599355	0.00533697628087635
ENSG00000101493	-0.2274270435090564	0.004578617080581014
ENSG00000101544	-0.05506454179218778	0.215963909342054
ENSG00000101546	-0.61358458318362	8.458785701954338e-09
ENSG00000101557	0.16002698616515332	5.1918695317060845e-05
ENSG00000101558	-0.1675886695672837	0.024239111920894493
ENSG00000101577	0.08356180866379503	0.11815845643406533
ENSG00000101596	0.22492025694818807	3.048551901232524e-07
ENSG00000101624	0.1830304138090888	0.15056543924262725
ENSG00000101639	-0.3936589436577087	3.944315889014963e-06
ENSG00000101654	0.15699179355943826	0.0004274974814920865
ENSG00000101670	-0.8656351107908513	0.04879795434481466
ENSG00000101680	-0.21502408207760837	0.26032697601733057
ENSG00000101745	-0.37624463276459963	6.518279797377103e-06
ENSG00000101751	-0.42730306531642626	6.154565527722721e-06
ENSG00000101752	0.1512708304184187	2.709249108076042e-05
ENSG00000101782	-0.3470494581846282	0.0003480975143153275
ENSG00000101811	0.12405778791215383	0.06141681359961317
ENSG00000101825	1.2703403084809004	1.926420559539693e-18
ENSG00000101842	0.534661185258166	0.016938516343803927
ENSG00000101843	0.09205112769502577	0.01352252706563732
ENSG00000101844	-0.4921172034816301	3.204733093324894e-05
ENSG00000101849	-0.12595276576793069	0.12607033953653923
ENSG00000101856	0.09090658376243965	0.3788025524381524
ENSG00000101868	0.15538223938599316	0.4795185090512283
ENSG00000101871	-0.046740601761179335	0.39017584278089856
ENSG00000101882	-0.8549854127864585	1.3245270359696563e-06
ENSG00000101888	-0.3408256074605447	0.05602799484357153
ENSG00000101901	-0.9957405747731833	3.31085285421857e-12
ENSG00000101911	-0.06231098614126296	0.08760036964131397
ENSG00000101916	-0.14540479275168394	0.5699556070113342
ENSG00000101928	0.021084877247590228	1.0
ENSG00000101938	-0.29760953088356246	0.03429356902497961
ENSG00000101940	0.07571480822505094	0.07943604654730445
ENSG00000101955	0.5130391964722207	6.1490004765462e-06
ENSG00000101966	-0.05749013746926934	0.29722923287922576
ENSG00000101972	0.20313096845716316	0.0001025286060390023
ENSG00000101974	-0.2001456960859329	0.0026067563600974124
ENSG00000101981	-0.10724959799433265	0.22993699541457302
ENSG00000101986	0.021438029495190136	0.4728707764956094
ENSG00000101997	0.2865599020553091	2.7389820325184483e-08
ENSG00000102003	-1.3273924259304586	5.137541578082692e-16
ENSG00000102007	-0.8212512034853212	1.5311711175406675e-08
ENSG00000102010	0.7206704442123844	0.07602094421508707
ENSG00000102024	0.6230221352304781	9.580528494712295e-14
ENSG00000102030	-0.3619431789467811	1.2658812040014857e-10
ENSG00000102032	0.7820528880142241	2.243748477179506e-11
ENSG00000102034	0.22764802296302378	0.15309990974801957
ENSG00000102038	-0.057378827913947106	0.4255208798496565
ENSG00000102048	-0.6235029451974938	4.201880420443828e-11
ENSG00000102054	-0.0301521766957471	0.45509693327913625
ENSG00000102081	0.34858886970866365	1.2002876413772277e-12
ENSG00000102098	-0.5520713035321663	0.0005086939797783799
ENSG00000102100	-0.4238311314965131	0.00162002827417197
ENSG00000102103	-0.35157722517098833	1.3021154042210492e-07
ENSG00000102109	-0.262847414429352	0.21882822245298594
ENSG00000102119	0.5070929444415881	1.3370909996075283e-10
ENSG00000102125	-0.07316930846284464	0.5342324850334005
ENSG00000102144	0.28995807036091037	0.0004078006480503658
ENSG00000102158	0.090656381605978	0.08760036964131397
ENSG00000102172	0.5082288996929982	1.270867578995315e-14
ENSG00000102178	0.05173015477550891	0.32300705533788265
ENSG00000102181	-0.3194337724910099	0.00018483838046215963
ENSG00000102189	0.08571429774391603	0.007788105976988035
ENSG00000102218	0.7163226487652175	1.437699799030889e-12
ENSG00000102221	-0.471404000513612	0.0005380261061039329
ENSG00000102225	0.24895655132598904	0.006154625381667081
ENSG00000102226	0.36673066983357927	1.0175220139259744e-09
ENSG00000102241	0.020247472633080577	0.6972191485395443
ENSG00000102265	0.8160309659896932	1.6870384702631276e-11
ENSG00000102271	0.2661129560813915	0.26767676767676774
ENSG00000102302	0.06621258625776605	0.7070575494207576
ENSG00000102309	-0.126109063770393	0.05914314731389729
ENSG00000102312	-0.09170526728673423	1.0
ENSG00000102316	0.2566647638967332	5.5721338241166435e-06
ENSG00000102317	0.3433380986205563	1.7786900546137787e-08
ENSG00000102359	0.9188359524382328	7.77841528560645e-15
ENSG00000102362	0.1542642880303795	0.16904039320215436
ENSG00000102390	0.20747267574876105	3.9696981776121617e-05
ENSG00000102393	0.6839575563673641	1.8640353693664207e-15
ENSG00000102401	-0.2110238419400403	0.01352252706563732
ENSG00000102471	-0.2966042680354022	0.2787878787878788
ENSG00000102524	0.03154973858233845	0.747551408756318
ENSG00000102531	-0.812401779560588	3.5476088901786184e-13
ENSG00000102547	-0.4904606730336383	3.486114255824797e-09
ENSG00000102554	0.3134803292921937	0.0009379172675340775
ENSG00000102572	0.486820535574342	4.293785201465619e-15
ENSG00000102575	0.6610437215001852	4.943781822735318e-08
ENSG00000102580	-0.26059301306082716	0.014001720692045064
ENSG00000102595	0.18671084622680212	7.006168892072749e-05
ENSG00000102606	0.07020102111572513	0.23155613527320285
ENSG00000102699	0.8282188905108683	6.9966068023553e-20
ENSG00000102710	0.09472551247212735	0.6347084079715486
ENSG00000102738	-0.3238259424786847	0.00012577206226189514
ENSG00000102743	-1.0303173815064994	3.9938697454518377e-07
ENSG00000102753	0.1660023901929506	0.00014153811128189489
ENSG00000102755	0.21259367304913823	0.00598673793467442
ENSG00000102760	0.09156126417148158	0.1796534564424359
ENSG00000102763	-0.7047224588299699	3.242471211830329e-11
ENSG00000102780	0.31403853803258386	3.1734943509365056e-05
ENSG00000102781	0.32593464468140354	3.5794780221382656e-05
ENSG00000102786	-0.20795826859515998	2.0151768244387255e-05
ENSG00000102804	0.22206971023190647	0.0018413392611480435
ENSG00000102805	0.8158929641982375	1.867679876437867e-10
ENSG00000102837	0.6765428552535688	0.0006297462288957844
ENSG00000102854	1.473017800487625	3.287165723324155e-16
ENSG00000102858	0.007957691557550106	0.8903287700663095
ENSG00000102870	-0.3939327596860984	0.0006349020388536701
ENSG00000102871	0.4220898843641514	7.096610358061303e-11
ENSG00000102879	0.49691134824838556	7.053376064857872e-06
ENSG00000102882	0.1843441220951334	2.9153790624116784e-05
ENSG00000102886	0.43697206166128666	0.0033074061742495277
ENSG00000102890	0.4070119111835915	4.396740087326614e-08
ENSG00000102893	-0.31533592051352954	4.622430094350544e-07
ENSG00000102897	-0.33737665801457695	0.020293342880483935
ENSG00000102898	0.5358910998354816	1.5866241508762451e-06
ENSG00000102900	0.22536762898138107	4.948154702246751e-06
ENSG00000102901	0.5966763221973252	0.2398152243353482
ENSG00000102908	-0.3785093096134169	3.312506957494708e-08
ENSG00000102910	-0.18115549706598344	0.008593130390573318
ENSG00000102921	0.11445512556339921	0.005134980696994677
ENSG00000102931	0.4139086402398533	1.5539840236368305e-06
ENSG00000102934	-0.5366304631596304	0.11666666666666667
ENSG00000102935	-0.25895558151740516	0.07563952489797869
ENSG00000102967	-0.5522329288240577	2.3224941206560908e-09
ENSG00000102970	0.6043026902259463	0.496969696969697
ENSG00000102974	-0.10434942047946905	0.008805669008962623
ENSG00000102977	-0.6741579368236863	0.008357593220303905
ENSG00000102978	-0.1496905585900734	0.0019479722272233893
ENSG00000102996	-0.04920717309596512	0.6819978793455665
ENSG00000103005	0.24984703477925763	0.21930264967931878
ENSG00000103018	-0.04773863015178392	0.367635623618524
ENSG00000103024	0.2266219900469295	0.00013917710402728414
ENSG00000103034	0.1998682477014384	0.30703246176575094
ENSG00000103035	-0.014535386975349951	0.624879150846561
ENSG00000103037	-0.5971333941719941	0.0014250625619923736
ENSG00000103042	0.04697107179009663	0.7653693056169837
ENSG00000103043	0.08342025869055547	0.11524863337218312
ENSG00000103047	-0.21954569232129373	0.0007669457777225121
ENSG00000103051	-0.12779470615057775	0.004629664681692187
ENSG00000103056	0.3854059392486242	0.0007192565284360838
ENSG00000103061	-0.07005807068237502	0.8688250038118639
ENSG00000103064	-0.03893789252137658	1.0
ENSG00000103066	0.6238979945388756	6.317159596296834e-12
ENSG00000103067	0.197521259846674	0.09342407241924625
ENSG00000103089	0.8973263102703122	0.0027676230787608753
ENSG00000103091	-0.18294976785423955	0.0003480975143153275
ENSG00000103111	0.005928734080747233	0.558779118517861
ENSG00000103121	-0.3384077456747363	3.2527329446381974e-05
ENSG00000103126	0.29242330837568886	0.20302092128717517
ENSG00000103148	0.001730521985020772	0.7903072994816132
ENSG00000103150	-0.973465446664509	8.038164938208734e-15
ENSG00000103152	0.24456798000322166	4.391415530302373e-06
ENSG00000103160	-0.08791710964471022	0.435252723430659
ENSG00000103168	-0.038688690114813795	0.7727609207160673
ENSG00000103174	-0.4295462752924557	0.070985635252183
ENSG00000103187	0.8674661122252267	1.0321983030582986e-12
ENSG00000103194	-0.2149258601381412	8.568699214011113e-06
ENSG00000103196	0.34055476781518834	0.005617461744574767
ENSG00000103197	-0.06450806558908084	0.13143841961412725
ENSG00000103202	-0.15169741082935317	0.4102180016418612
ENSG00000103222	0.23607906154184732	0.0013842167729265708
ENSG00000103226	-0.8894837322174709	0.005594714295223494
ENSG00000103227	-0.8583276259285597	7.920127153912821e-07
ENSG00000103245	-0.010577160964608368	0.817354050096439
ENSG00000103248	-0.2237908328516376	0.0018674826327824375
ENSG00000103249	0.003647764902716233	0.8661657926479606
ENSG00000103257	0.23131543119538023	0.22645008556134838
ENSG00000103260	-0.16014665458591182	0.48937728937728936
ENSG00000103266	0.02335139797554575	0.8924215793833479
ENSG00000103274	-0.12258025011243134	0.011747557384599271
ENSG00000103316	0.4180882571775726	0.033137006890853096
ENSG00000103319	-0.4069907650285671	1.2360843897208605e-08
ENSG00000103326	-0.2382688497778247	0.00012577206226189514
ENSG00000103335	0.13273157216664444	0.07606630601090228
ENSG00000103342	-0.47670757852795376	8.699084916543253e-12
ENSG00000103343	-1.5458159253833728	0.0018674136321195143
ENSG00000103351	-0.3524883241780934	2.0469916028686335e-05
ENSG00000103353	-0.07049226975604483	0.06931111207649762
ENSG00000103356	-0.6729302000496418	4.933712389423539e-07
ENSG00000103363	0.4114471583083059	1.0203729147279938e-13
ENSG00000103365	-0.34059228535062047	6.317159596296834e-12
ENSG00000103375	-3.1967299838653176	1.6858875933160132e-15
ENSG00000103381	0.26885418057676347	5.7742838228547056e-05
ENSG00000103404	-0.33407588527185084	0.004629535199184254
ENSG00000103415	-0.08812321140095847	0.18094778971185344
ENSG00000103423	-0.023098646950728607	0.5042096019644626
ENSG00000103429	-0.48488044770939	0.5864465135967845
ENSG00000103479	-0.08386579677320682	0.5104168103623232
ENSG00000103485	-0.116709709695904	0.22354099548959694
ENSG00000103489	0.5196897745633855	2.3350933502168516e-08
ENSG00000103490	0.45581570919511805	8.770942496033933e-09
ENSG00000103494	0.053923909730315245	0.5612758361345778
ENSG00000103495	-0.09940781474599802	0.007229402457557596
ENSG00000103496	-0.1811309058303543	0.0007221803185770528
ENSG00000103502	0.5609868336041082	6.88464693379791e-05
ENSG00000103507	-0.5742745555905415	1.6326471013712265e-07
ENSG00000103510	-0.3812073802757894	1.6111173302831842e-11
ENSG00000103528	-0.1092073993651006	0.684365509552916
ENSG00000103534	1.0931590616257978	1.5266403986863036e-12
ENSG00000103540	-0.08148433545533251	0.5060141904360496
ENSG00000103544	-0.010388388063628184	0.2991618964314652
ENSG00000103549	-0.11027412222965083	0.0016439897243743357
ENSG00000103550	-0.14972703026469603	0.11120562604181936
ENSG00000103591	0.16563622381271514	0.0037022884168965288
ENSG00000103642	0.387296515300509	7.71179998280679e-11
ENSG00000103647	-0.2847838795970219	0.010305342006549265
ENSG00000103653	0.6602914283729326	4.578016495446891e-12
ENSG00000103657	-0.4222299919960193	8.255932472228272e-10
ENSG00000103671	0.026106608921349306	0.452588885144776
ENSG00000103707	0.15717673917971808	0.5457342344004501
ENSG00000103710	0.032003829949339035	1.0
ENSG00000103723	-0.5669517536274533	1.969955790023861e-06
ENSG00000103742	0.276201454110673	0.040001275672727536
ENSG00000103769	-0.11468437697172362	0.8108128756412436
ENSG00000103811	0.2661453903509674	0.004939919912773503
ENSG00000103855	0.6095379805274703	9.767426685002154e-12
ENSG00000103876	0.1986422728135011	0.03882266681467053
ENSG00000103888	0.9290065987289786	9.442697857034982e-09
ENSG00000103932	0.07732893964008625	0.5684819327545938
ENSG00000103942	-1.4768525918416167	2.53372838503997e-16
ENSG00000103966	0.006569799171909807	0.6278282642416717
ENSG00000103978	-0.2722256220604109	0.007229402457557596
ENSG00000103994	0.06082436200621899	0.846251134728994
ENSG00000103995	-0.49607383089243484	0.006472410646612027
ENSG00000104047	0.27886274218527873	0.003273747929916309
ENSG00000104064	0.3059093457233324	0.004510583867443433
ENSG00000104067	-0.19938574602027614	1.4583510406763832e-07
ENSG00000104081	0.014314436886959214	0.9600558146625511
ENSG00000104093	0.030633574444077993	0.3050101036645213
ENSG00000104112	-0.5446238051873138	0.002433644874424393
ENSG00000104129	-0.33087851680873115	1.7978721711052298e-09
ENSG00000104131	-0.7094694614461794	6.554677322463911e-14
ENSG00000104133	0.11368556005106001	0.01120361448808276
ENSG00000104142	0.1392742304973602	0.0010492162160453931
ENSG00000104164	-0.3360894550505833	0.00042154047088402305
ENSG00000104177	-0.9888646630041933	1.2384582178727527e-17
ENSG00000104213	0.8635648482698173	1.1344062110837854e-10
ENSG00000104218	-0.47039450675791805	0.161845883585014
ENSG00000104219	0.4906272300421328	0.03851984993033768
ENSG00000104231	-0.21190589342118926	0.0012690445890740064
ENSG00000104299	-0.3548776500656423	1.0164358954918539e-08
ENSG00000104312	0.4443658054472017	2.241243047612468e-10
ENSG00000104320	-0.12804560706184276	0.00040142569363325653
ENSG00000104324	-0.7197746204777964	4.1965608365544934e-14
ENSG00000104325	-0.49516635360511785	6.029237501866567e-06
ENSG00000104327	0.002125584798882585	0.9472482168527673
ENSG00000104331	-0.5440453925855273	1.111780569633562e-06
ENSG00000104332	-0.03912397671713208	0.525695255799308
ENSG00000104356	-0.04920338555195869	0.15529713089661237
ENSG00000104361	0.015489442269863929	0.8000877602461636
ENSG00000104365	0.3406143086023441	3.399166601654372e-09
ENSG00000104368	0.9452045038727519	6.713427071483593e-11
ENSG00000104369	0.4044255015660525	0.5048449995952483
ENSG00000104375	0.3530747104056502	1.6147827067942198e-08
ENSG00000104381	-0.5744099439733645	8.770942496033933e-09
ENSG00000104388	-0.18701393503808106	0.010555212049188691
ENSG00000104408	-0.5385726626434462	7.523576796833057e-12
ENSG00000104412	0.27552751427885624	0.0002143847967053462
ENSG00000104413	-0.031040562351364542	0.2839346212069046
ENSG00000104415	0.4981131480019627	0.000849160761399855
ENSG00000104419	0.4134703774422128	5.341895447075012e-09
ENSG00000104427	0.2601167669250941	4.717477310084854e-08
ENSG00000104435	-0.12956264938898343	0.7402564087895143
ENSG00000104442	0.07366513896453597	0.9055956888924968
ENSG00000104447	0.22785630709782012	0.026076413111368147
ENSG00000104450	0.1881759093790265	0.005268860787847292
ENSG00000104472	0.5021083748853599	1.3066931058162349e-05
ENSG00000104490	0.06000405936259057	0.2537435049630753
ENSG00000104497	-0.09100786110966652	0.22559105183112416
ENSG00000104517	-0.10511849879468116	0.020801092126897056
ENSG00000104518	0.17015966671910832	0.00018792148307124868
ENSG00000104522	0.4616963289197571	7.342600197806745e-08
ENSG00000104524	0.12474387907602491	0.010940124798104868
ENSG00000104529	0.3094727788495213	4.4255268456028286e-07
ENSG00000104549	0.40634644333670167	1.992164564911407e-09
ENSG00000104611	-0.0766533713927906	0.1601930705853718
ENSG00000104613	-0.13072252357698133	0.015178556063422582
ENSG00000104626	0.4296487543242229	3.6665528054831846e-09
ENSG00000104635	-1.4123860167684086	2.1232472373164716e-10
ENSG00000104643	0.21839660238885727	4.479839085253293e-06
ENSG00000104671	-0.018095153379075413	0.5504141498567223
ENSG00000104679	-0.8399255356054134	1.5455191147531252e-12
ENSG00000104687	-0.252329001229036	7.342600197806745e-08
ENSG00000104689	1.1820944312507535	0.05288913984566159
ENSG00000104695	0.7737390958834176	3.3551658973526483e-10
ENSG00000104714	-0.16866961165779415	0.026720095908353118
ENSG00000104722	-0.5281817508250697	0.009215885383559068
ENSG00000104723	-0.2240726607813741	0.23536143960073952
ENSG00000104728	0.3946863775471563	3.6175238094739838e-12
ENSG00000104731	-0.5806202184321059	2.2639564512410234e-09
ENSG00000104738	0.5611880066674289	6.203095444224063e-09
ENSG00000104756	0.20598017312534012	0.000868474598066152
ENSG00000104760	-2.532050195764171	1.1163031479009735e-15
ENSG00000104763	0.23839219093600406	0.0003593413045340206
ENSG00000104765	0.700731199253255	0.0018743451872594136
ENSG00000104774	0.30512166787881156	1.9514169930735866e-06
ENSG00000104783	0.4473278683442956	0.035099346292097856
ENSG00000104805	0.7721633055342032	5.501486839738048e-16
ENSG00000104812	0.3482567387270237	3.473166272684205e-08
ENSG00000104814	-0.08825753370299338	0.20404477424415957
ENSG00000104823	0.07630602210238635	0.2820687780720833
ENSG00000104824	-0.03529441942186651	0.40409448507719403
ENSG00000104825	0.33560786392619946	0.001582301778010629
ENSG00000104833	-1.655284485449016	1.736156481354543e-13
ENSG00000104835	-0.16266118824080067	0.11621224664578522
ENSG00000104852	-0.10905853784221975	0.00018792148307124868
ENSG00000104853	-0.121606385252921	0.11524863337218312
ENSG00000104856	0.3120805078294957	4.6618303540301025e-06
ENSG00000104859	-0.38014008334938154	8.707573643456657e-08
ENSG00000104863	-0.6243061105714709	0.00015733020145859808
ENSG00000104866	0.09049042401556662	0.026163517066136163
ENSG00000104870	0.3543061069710163	0.0024674016019104166
ENSG00000104872	0.10817066864476033	0.026416874806732302
ENSG00000104880	0.10106901600405749	0.09256145490109897
ENSG00000104881	0.3745407790134543	3.0125308146470174e-08
ENSG00000104884	0.20742945043746275	4.421583746368924e-05
ENSG00000104885	-0.8157308173344546	0.0016214779751394957
ENSG00000104886	0.41803206192744113	0.16111931633743226
ENSG00000104889	-0.06924621480842319	0.3050101036645213
ENSG00000104892	-0.3099388315889726	0.0004850646565286263
ENSG00000104897	0.13258907575269774	0.012756017248409503
ENSG00000104907	0.1741574657513958	0.022958522488514398
ENSG00000104915	-0.1860615123378686	0.05042995151028674
ENSG00000104918	0.6324356154424713	0.00040381112106894617
ENSG00000104921	-0.7338412156483969	0.12960568842921785
ENSG00000104936	-0.29167091598524664	0.049599113768405825
ENSG00000104946	0.030913169042968036	0.9287108455645796
ENSG00000104951	1.0648679400842518	2.7654743066903993e-14
ENSG00000104957	-0.08409830147005692	0.32773594886659685
ENSG00000104960	0.2223244760148937	0.3274509803921568
ENSG00000104964	-0.1395471545805016	0.04879795434481466
ENSG00000104967	-0.48433744924203026	1.585868893484657e-05
ENSG00000104969	0.19609238044619204	0.0005235606163555128
ENSG00000104972	0.05942660724706883	0.7260314106480077
ENSG00000104973	0.17133054172745332	0.005454191062074196
ENSG00000104976	1.182780753366501	1.0072121230039492e-05
ENSG00000104979	0.667515432592733	1.893969886464475e-06
ENSG00000104980	-0.0906703635658559	0.18230834825354691
ENSG00000104983	-0.11843507187576563	0.02197676780798682
ENSG00000105011	-0.44422752928199927	0.015992161696476857
ENSG00000105053	-0.2583416239285121	0.0014373519924675653
ENSG00000105058	-0.11704210342509924	0.012756017248409503
ENSG00000105063	-0.058218433270443626	0.49102014027956076
ENSG00000105085	-0.30141444802336537	0.18933697881066303
ENSG00000105088	0.1458009856631186	0.7236190811476854
ENSG00000105122	0.2977656009528502	4.5827608667782646e-05
ENSG00000105127	0.0064502567264810295	0.4303708348254821
ENSG00000105135	0.09418082094332547	0.06804496118740275
ENSG00000105137	0.6581530086430867	1.374149335254547e-10
ENSG00000105141	0.7390480550167133	0.02067585158844004
ENSG00000105171	0.8353386508980094	8.431623956519644e-06
ENSG00000105176	-0.4200591096743018	2.7720274999055124e-12
ENSG00000105185	-0.34684579272407845	1.1983826019651097e-10
ENSG00000105186	-0.0664732695092134	0.13250605410106364
ENSG00000105193	-0.5486071038560212	3.817467848774185e-08
ENSG00000105197	0.4681753874089125	8.699707081547364e-10
ENSG00000105202	-0.46827365148643807	6.349897489821004e-14
ENSG00000105204	0.27498419068501434	0.09926902382632687
ENSG00000105205	0.13689948770950977	0.1992307703577707
ENSG00000105220	0.3428246463325735	1.071925930975012e-09
ENSG00000105221	0.4409332985293304	1.4257196835375426e-07
ENSG00000105223	0.5418066788191602	1.0367572203834761e-07
ENSG00000105227	-1.6028420713691887	8.911090933758688e-07
ENSG00000105229	0.1287699254508219	0.5803405579182945
ENSG00000105245	0.4401131805785248	4.622430094350544e-07
ENSG00000105248	-0.16083990786129476	0.010738150665308836
ENSG00000105251	0.08380803695152395	0.6216006216006216
ENSG00000105254	0.8537397690848181	9.716336642430768e-13
ENSG00000105255	0.06735586644748537	0.7579144022695748
ENSG00000105258	-0.16000091087425972	0.0005155107298759038
ENSG00000105281	0.13587698984359164	0.4159172648590024
ENSG00000105287	0.06809358074179528	0.08530933282846397
ENSG00000105289	0.3640365411982813	4.5229449804755814e-07
ENSG00000105290	-0.46700530616359615	0.1682533168062098
ENSG00000105298	-0.22655564815647722	0.000620185062866645
ENSG00000105321	-0.5663111832861567	1.9934965090311494e-15
ENSG00000105323	-0.006893432338866745	0.9518863160276411
ENSG00000105325	-0.10263455928269494	0.2694659914744941
ENSG00000105329	0.7107102060392592	3.6175238094739838e-12
ENSG00000105339	0.2224076539441775	0.018613223509427117
ENSG00000105341	-0.9371006313713792	1.2658812040014857e-10
ENSG00000105355	0.41620651594465485	1.0446553586395182e-10
ENSG00000105357	0.7769685146871907	5.137541578082692e-16
ENSG00000105364	-0.4320710177306992	7.198759728593999e-09
ENSG00000105369	-0.11180105501421878	0.41512278163867566
ENSG00000105372	0.05806056069485166	0.4652070071724873
ENSG00000105373	-0.5931299244043338	6.051505876305149e-08
ENSG00000105376	0.4765810553593681	0.022285616908941666
ENSG00000105379	-0.37326632073937915	2.6114560991275902e-05
ENSG00000105383	-0.08319727370189156	0.9038415879753099
ENSG00000105388	0.9724876682128851	2.7079656153774633e-06
ENSG00000105393	0.15045842392072828	0.07662513184492546
ENSG00000105397	0.15999546944538778	0.012756017248409503
ENSG00000105398	-0.15962504341438333	0.5416171370961247
ENSG00000105401	0.27927380655599165	4.137624364749583e-13
ENSG00000105402	0.34061086711624	8.090811644601097e-07
ENSG00000105404	-0.046498462290184506	0.3270985477527114
ENSG00000105409	-0.28917416841049004	0.480788824236861
ENSG00000105426	-0.7916605751355448	1.1153404301644677e-14
ENSG00000105429	0.20496623814143788	0.16248143945155136
ENSG00000105438	-0.2596788342160803	0.25
ENSG00000105443	-0.2053751690931911	0.04498158386208357
ENSG00000105447	-0.03988974637436016	0.16904039320215436
ENSG00000105472	0.9705624050749968	1.9694817986712155e-13
ENSG00000105483	0.1608861698074726	0.06365560912120242
ENSG00000105486	-0.04805006920495458	0.16647598855193957
ENSG00000105499	0.1920441233882677	0.44949565297160865
ENSG00000105514	-1.2587593720108075	3.6665528054831846e-09
ENSG00000105516	-0.4606772557648533	0.00045084503721235696
ENSG00000105518	-0.7867609772570319	6.099163035454522e-08
ENSG00000105519	0.6765257559901521	4.136066020533613e-06
ENSG00000105523	0.5056337282348764	0.0019298468719550627
ENSG00000105538	-0.5246856794067121	2.947904463817858e-13
ENSG00000105552	-0.8673099774051849	4.316732602366234e-12
ENSG00000105559	-0.22879577707626453	0.08379573141070061
ENSG00000105568	0.33422566262725084	2.389512070585937e-12
ENSG00000105576	0.09035573188254276	0.015709018128607904
ENSG00000105607	-0.4322589974435225	2.0898598604332573e-07
ENSG00000105609	-0.43049242805268406	4.644905476581165e-06
ENSG00000105612	1.3009670590003601	3.045639335910155e-14
ENSG00000105617	0.010968635358580059	0.8606867934503062
ENSG00000105618	0.11393880789125532	0.015530413010234098
ENSG00000105619	-0.35779459988553697	0.4135864135864136
ENSG00000105639	0.30833785026353056	0.022899247366508012
ENSG00000105640	0.22459361247233645	0.000711320038512979
ENSG00000105643	-0.31964450274107037	0.2853377986476604
ENSG00000105649	-0.053810598234541374	0.6262516583457685
ENSG00000105655	-0.2635979213920123	0.00016731570536931956
ENSG00000105656	0.07087968206948858	0.24465812584350544
ENSG00000105662	-0.175450793996621	0.0033721865233752313
ENSG00000105664	1.3216365466433473	2.308439754580678e-11
ENSG00000105669	-0.11080251211707903	0.029375126924485524
ENSG00000105671	-0.039798114253905226	0.23715813372447014
ENSG00000105675	-0.34135188142245276	0.052345063273163205
ENSG00000105676	0.31833529868702826	8.830029097135824e-08
ENSG00000105677	-1.8991715692804796	4.655824963920464e-11
ENSG00000105679	-0.3554133913074935	0.018457562657507212
ENSG00000105697	0.0256381367520504	1.0
ENSG00000105698	0.026307184368757675	0.7975576664714263
ENSG00000105699	0.2894024267546875	1.7029490680687246e-05
ENSG00000105700	-0.11038379203057858	0.1703336557188435
ENSG00000105701	0.09007498572854544	0.17824931392203625
ENSG00000105705	-0.1604014152287263	0.00046231118148393907
ENSG00000105722	-0.010398130411132911	0.3033329164285501
ENSG00000105723	0.07250115349675923	0.30305232949008276
ENSG00000105726	-0.34874599660047423	2.563827678363699e-05
ENSG00000105732	-0.21564828371569433	0.0018288729846417967
ENSG00000105738	-0.08607888543640385	0.0316116878634927
ENSG00000105755	0.16863314443447663	0.02197676780798682
ENSG00000105767	-0.9984475166747799	1.6680069920764475e-10
ENSG00000105771	0.23582970950234738	4.827770466202874e-07
ENSG00000105778	0.002421662367645183	0.7345027378243308
ENSG00000105793	-0.6281986727321573	5.147936796678856e-12
ENSG00000105808	-0.8594860454239388	0.14825174825174825
ENSG00000105810	-0.15063432672864607	0.0011127839462966808
ENSG00000105819	0.02614123797867407	0.6456466221583547
ENSG00000105821	0.03989934678915574	0.8990051552809231
ENSG00000105825	-0.6560441997839632	0.02094946857889778
ENSG00000105829	0.17968972936301242	0.005134980696994677
ENSG00000105835	0.6937629994451342	3.6293275383302205e-11
ENSG00000105849	0.2164402721092742	0.0009890228733151468
ENSG00000105851	0.1266667770711969	0.21418724018321178
ENSG00000105852	-0.94180338137161	6.856094422033214e-11
ENSG00000105854	0.5698651098154777	2.780662349205552e-10
ENSG00000105855	1.0310697769385548	2.7436933177434098e-06
ENSG00000105856	-0.3374465146746495	4.946298895169769e-07
ENSG00000105866	-0.1653323658541872	0.03194282604095981
ENSG00000105875	-0.19046824205391744	1.7467186410162175e-07
ENSG00000105879	-0.238930849856974	0.0007943632639453944
ENSG00000105887	0.38972781227723985	2.763597830277451e-06
ENSG00000105894	-0.03852019199322143	0.9751025520670232
ENSG00000105926	-0.35973653455815224	2.373319865214249e-08
ENSG00000105928	0.6656206468955439	9.283113134334131e-14
ENSG00000105939	0.15926505035063698	0.0001025286060390023
ENSG00000105948	0.005015923335943029	0.9660827634419333
ENSG00000105953	-0.06265278966852961	0.11815845643406533
ENSG00000105963	0.8294621183560444	1.774488977899854e-17
ENSG00000105967	0.31090417011795957	0.3543245465442262
ENSG00000105971	-0.05345241557160918	0.7801944126146574
ENSG00000105974	0.185876107440059	0.016629412226052902
ENSG00000105976	0.9417511040965465	2.04805778225548e-17
ENSG00000105983	0.43946887593382833	0.06143790849673203
ENSG00000105989	0.9566701441725911	2.959005761678928e-10
ENSG00000105993	0.30820204299881127	1.6401191474783834e-05
ENSG00000106003	0.3018665506592271	0.00767177267956544
ENSG00000106004	0.004356655279348587	0.9559068444243249
ENSG00000106009	0.22599162950375984	0.0018155325478523816
ENSG00000106012	0.5193621123861689	0.11642624686102948
ENSG00000106028	-0.05917498365498375	0.22993699541457302
ENSG00000106049	-0.1340155616557368	0.023209833681791206
ENSG00000106052	-0.03586512029291811	0.20511910605689476
ENSG00000106066	0.48259176652246083	7.928562558915315e-06
ENSG00000106070	-1.067451871055411	5.246911205479475e-14
ENSG00000106077	-0.12440108427923136	0.06556970462537255
ENSG00000106078	-0.7426299974219184	3.33547631289741e-13
ENSG00000106080	0.6594442991859992	2.8050185193615386e-08
ENSG00000106086	0.6302912815908392	0.0753968253968254
ENSG00000106089	-1.0440017608693708	5.969128762420262e-10
ENSG00000106105	0.0636813707749937	0.19063134237344548
ENSG00000106123	-0.09352823694956314	0.5327811755505878
ENSG00000106125	-0.02321386634296374	0.24600729439791957
ENSG00000106144	-0.0710146043762876	0.2991618964314652
ENSG00000106153	-0.10272808963703639	0.10685641785932748
ENSG00000106178	0.49505271379024407	0.14920174594978147
ENSG00000106211	-0.2103198345259223	0.005069200316517431
ENSG00000106236	-0.9440217467606153	7.933895089049692e-10
ENSG00000106244	-0.5532651643117212	7.173916905819551e-13
ENSG00000106245	0.4125257869736281	9.58980854080934e-07
ENSG00000106258	0.5840093475076422	0.0008089286449983751
ENSG00000106261	-0.17729508937959793	0.0013643752293556722
ENSG00000106263	-0.4216163074881649	1.46558422495661e-08
ENSG00000106266	0.254362826433038	2.3364911202237433e-07
ENSG00000106268	0.4158806077031514	1.8725478250804506e-06
ENSG00000106278	-0.14764746876020496	0.9999999999999999
ENSG00000106290	-0.054496835332074056	0.22993699541457302
ENSG00000106299	0.18521909627522604	0.0014453490857525674
ENSG00000106305	0.3052012312545145	5.356211493104849e-06
ENSG00000106333	0.9956593319134939	4.678108346514104e-13
ENSG00000106344	-0.20744205737588572	0.0002215272218944697
ENSG00000106346	-0.3267224051432436	0.09323559877987687
ENSG00000106348	-0.28998624490321134	1.752261257598656e-09
ENSG00000106351	-0.30264447419559204	6.271037980157409e-06
ENSG00000106355	-0.45798027871548896	1.1487882945640048e-08
ENSG00000106366	1.0613054742481758	8.699707081547364e-10
ENSG00000106367	-0.6462090398586611	4.804912512787616e-11
ENSG00000106392	0.5455321628705327	2.1188361381154713e-06
ENSG00000106397	0.9217386113307597	3.732622576949068e-19
ENSG00000106399	-0.17655460540897394	0.037659161218191115
ENSG00000106400	0.10150175774488446	0.5750379987520682
ENSG00000106404	0.23126680242980768	0.35238095238095235
ENSG00000106415	-0.4272447660936436	0.015592105172703461
ENSG00000106443	0.21429228024344482	6.1490004765462e-06
ENSG00000106459	0.8886937871238061	1.58879420913317e-07
ENSG00000106460	0.24493255186087737	0.0004551435764214553
ENSG00000106462	0.0852412790516297	0.7757143661606121
ENSG00000106477	0.1581995283463833	4.8350098591930995e-05
ENSG00000106483	1.0313729087736938	4.6081236033118025e-08
ENSG00000106484	0.6189325522269762	2.194024797118445e-05
ENSG00000106511	-1.3950697240340908	0.004662004662004662
ENSG00000106524	-0.21596120154529075	1.3321880224833678e-05
ENSG00000106537	1.0590588515170403	3.3919140830351274e-08
ENSG00000106538	0.653063621608176	3.594409738926606e-06
ENSG00000106541	1.0398069957885454	2.1212198691205586e-12
ENSG00000106554	0.0017241006743766718	0.49102014027956076
ENSG00000106560	0.46218010871393034	0.004251284753909086
ENSG00000106565	0.09115739691584679	0.7884279568052048
ENSG00000106571	0.18951278592626863	0.2721278721278721
ENSG00000106591	-0.13076603951527588	0.006218665674956089
ENSG00000106603	-0.48210917793381824	0.0016360345590597078
ENSG00000106605	0.2947631563122073	1.1001812552374268e-09
ENSG00000106608	-0.0416390990494655	0.8141227892542897
ENSG00000106615	-0.020649185651780755	0.4884046694042794
ENSG00000106617	-0.39011417539022375	8.72484701680059e-06
ENSG00000106624	1.1761565999986345	6.693464669892899e-18
ENSG00000106628	0.2701033821239598	3.69317805798762e-05
ENSG00000106635	-0.11699132364625342	0.05586397867328065
ENSG00000106636	0.057301561323143346	0.6367111788948137
ENSG00000106638	-1.086761192509453	2.7755882542226236e-09
ENSG00000106665	-0.13829611608911208	0.002791058089057036
ENSG00000106682	-0.41676837963863633	2.0113273165812148e-10
ENSG00000106683	0.366292602082293	2.162798515400269e-06
ENSG00000106688	0.36108207823718175	0.008652548737564053
ENSG00000106701	-0.9008326252300378	6.556602395425579e-10
ENSG00000106723	-0.16363153865276914	0.007788105976988035
ENSG00000106733	-0.6054799079589159	8.042403576100247e-10
ENSG00000106771	-0.7591023111030424	2.5497972428316618e-08
ENSG00000106772	-0.19466281894302995	0.05061317415160715
ENSG00000106780	0.009457719310358215	0.7121830059972032
ENSG00000106785	0.4956624280585764	1.955729899212303e-06
ENSG00000106789	1.0864252864260848	2.5381824887647336e-17
ENSG00000106799	0.04079030930939709	0.46695629810273487
ENSG00000106803	-0.36861869844859996	0.2839346212069046
ENSG00000106809	0.731150528282491	4.421583746368924e-05
ENSG00000106819	0.8569736860223607	4.055109510774515e-09
ENSG00000106823	0.9351477831069026	1.0348781047378045e-11
ENSG00000106829	-0.5004469183225666	0.0013436153376625729
ENSG00000106853	0.19245905574821265	0.007504092801293961
ENSG00000106927	0.4468455140768057	4.219558941739691e-06
ENSG00000106948	0.13642173505267863	0.2796073101361818
ENSG00000106976	0.4184560626555438	5.0608454273900304e-08
ENSG00000106991	0.2543033274388904	0.005201531567795903
ENSG00000106992	0.1700711843866891	0.0024674016019104166
ENSG00000106993	-0.04663719752688067	0.3480582523625969
ENSG00000107020	-0.22514667792805199	0.0040083268915585965
ENSG00000107021	0.20402176228093083	9.907294667777274e-05
ENSG00000107036	0.042868426482879585	0.7779796875495629
ENSG00000107077	0.14037886961013868	0.41999392517157674
ENSG00000107099	0.26458171530921604	5.8771766863564834e-05
ENSG00000107104	-0.30425346004760456	1.31933429213787e-09
ENSG00000107130	0.16198797519929897	0.062068325863024305
ENSG00000107140	0.4658216028050344	0.007992007992007992
ENSG00000107159	0.5861406008042174	0.00014637374090449847
ENSG00000107164	-0.03365295021512793	0.18922508163773788
ENSG00000107185	0.4056119988169442	0.0004093401845090422
ENSG00000107186	-0.19925182907880767	0.0005400130236603917
ENSG00000107201	0.19282030390128924	0.0030691014692796493
ENSG00000107223	-0.4261356194964101	7.589103443288179e-07
ENSG00000107262	-0.1189934686598626	0.002753272310075276
ENSG00000107263	0.32727778967396404	7.752913669860309e-07
ENSG00000107281	-0.43770044123300167	5.334457463925366e-05
ENSG00000107282	0.2588259840575944	0.07113429426227191
ENSG00000107290	-0.11810695240477997	0.02613572163517287
ENSG00000107295	-0.7088385589748043	1.4953495660547977e-06
ENSG00000107331	0.08712042545631604	0.8966210600993209
ENSG00000107338	-0.02605864130549662	0.5985303275292527
ENSG00000107341	-0.26169922115551003	0.004876404492564625
ENSG00000107362	-0.5188788141655607	1.4462364024364559e-06
ENSG00000107371	0.1740631372411947	0.002302802408276816
ENSG00000107372	0.16511931428395954	0.23138486870283814
ENSG00000107404	-0.27455640939315273	0.003165129378948432
ENSG00000107438	0.26135909440618477	6.029237501866567e-06
ENSG00000107447	0.4186736209363655	0.11428571428571428
ENSG00000107518	-0.41733109758298426	0.03645142267433289
ENSG00000107521	0.20883894906688383	0.47747051932257956
ENSG00000107537	-0.34326332598812215	4.2367271288368764e-07
ENSG00000107551	0.1657429397468988	0.1894469884494896
ENSG00000107554	0.04709129506028731	0.23318335587085248
ENSG00000107560	-0.6008641623007271	1.938539055823626e-07
ENSG00000107562	-1.1420443621761507	1.3682741412652777e-13
ENSG00000107566	0.14252879061655577	0.008488590606309231
ENSG00000107581	-0.19255114435237886	5.379524857223265e-05
ENSG00000107614	-0.6389169183356529	0.00046958139251866097
ENSG00000107625	0.16561386367130027	4.5827608667782646e-05
ENSG00000107643	-0.01682096258488386	0.9651490035971579
ENSG00000107651	-0.18821975964797844	1.342921839689664e-06
ENSG00000107669	-0.2043709483337821	3.234904342366112e-08
ENSG00000107672	0.14929475113054735	0.07629039601528155
ENSG00000107679	0.14559960278172568	0.03063588133123842
ENSG00000107719	0.03209091672399467	0.6849468318650189
ENSG00000107731	0.7128577065326027	4.998076030755078e-08
ENSG00000107738	0.1788874689261526	0.04879795434481466
ENSG00000107742	0.15923574776520866	0.20389825068541167
ENSG00000107745	0.568552869627414	6.151410543031233e-14
ENSG00000107758	0.016962763949170068	0.38106073709969945
ENSG00000107771	0.07026464992520332	0.42194234949227816
ENSG00000107789	-0.33446652709785596	3.452592349739142e-06
ENSG00000107796	1.2829292566590063	7.263952472923426e-06
ENSG00000107798	0.8355762571363528	1.46558422495661e-08
ENSG00000107815	-0.34643887636820025	0.1473756186230467
ENSG00000107816	-0.13323123688689975	0.012286665748930536
ENSG00000107819	0.619203447634284	9.078109100490699e-17
ENSG00000107829	-0.3501595116397098	0.0002065472941937858
ENSG00000107833	0.19755225945295152	0.060271092720930224
ENSG00000107854	-0.9509966788339455	0.024957000343997247
ENSG00000107862	-0.18252048967468681	0.0002443180132646028
ENSG00000107863	0.10898585999517607	0.005762632951682746
ENSG00000107864	-0.6513686756285217	4.5040427772672417e-05
ENSG00000107872	0.014650937062580027	0.824345597787806
ENSG00000107874	-0.10705152568711895	0.4425213234192735
ENSG00000107882	0.17985262147637826	0.014704793282310249
ENSG00000107890	0.5986095272933305	0.005201280303466006
ENSG00000107897	0.6811223102751711	1.3538486945334778e-12
ENSG00000107902	-0.03792568640263383	0.8957124695731036
ENSG00000107929	0.07853382638375805	0.08760036964131397
ENSG00000107937	-0.09534418111864795	0.029686056405322115
ENSG00000107938	-0.054875666880903395	0.7824305201097079
ENSG00000107949	-0.4592432107916302	1.501576938668277e-08
ENSG00000107951	-0.4205883223569735	9.459839356870072e-08
ENSG00000107957	0.512779194149573	2.7755882542226236e-09
ENSG00000107959	-0.09008516060287874	0.05428204863418428
ENSG00000107960	-0.10915796930178345	0.6980381274276537
ENSG00000107968	0.2960362194123327	0.008090325724755225
ENSG00000107984	0.8971117470946339	0.0053227159177976395
ENSG00000108010	0.4704820376183356	1.35392797979084e-09
ENSG00000108021	0.025946811407536075	0.6843318850623437
ENSG00000108039	-0.29255260135174055	0.0012876040829871167
ENSG00000108055	0.061845705553007946	0.09726522503776172
ENSG00000108061	-0.17024714937559438	0.0009601402795520688
ENSG00000108064	-0.3860024121156087	5.911708698706727e-06
ENSG00000108091	0.1694381510455223	0.0007006116699657148
ENSG00000108094	0.11045061733563699	0.0008650907149634095
ENSG00000108100	0.5251502782292121	0.0010865917986650389
ENSG00000108106	0.15878038178457388	0.4605379239422106
ENSG00000108107	-0.2530591847177064	0.1626843808044769
ENSG00000108175	-0.18668164601000115	0.0076383380989192805
ENSG00000108176	-1.1646807915471662	4.735812929021821e-14
ENSG00000108179	-1.4763071238599856	3.402389867319593e-16
ENSG00000108187	-1.0605535999576645	6.05073234377862e-09
ENSG00000108219	0.40498942626989276	0.00012791829018097238
ENSG00000108239	-0.4232573159369082	0.05712410142616092
ENSG00000108242	0.6258540987762053	0.02034625367217136
ENSG00000108244	0.5885422153039492	0.0022830262547110097
ENSG00000108256	0.08022423637074283	0.034700575334563076
ENSG00000108262	0.08105932061207	0.04555627783378202
ENSG00000108298	0.5121703439318921	8.483908775480083e-05
ENSG00000108306	0.4360992659230192	3.5618736887867264e-05
ENSG00000108312	-0.08614661216945763	0.005405886035755181
ENSG00000108344	0.03948776310187796	0.7597173233165314
ENSG00000108349	-0.40682949611064245	1.3960957413298563e-08
ENSG00000108352	1.171843381950918	0.5332387419343941
ENSG00000108381	-0.7617085751807409	8.350679210360604e-13
ENSG00000108384	-0.5737109360659609	0.3757575757575758
ENSG00000108387	0.3836871319446331	0.0014453490857525674
ENSG00000108395	0.13241421372254436	0.5994821352426831
ENSG00000108406	-0.6098215340506918	5.79554605223745e-13
ENSG00000108424	0.3441166060897949	4.804912512787616e-11
ENSG00000108439	-0.414253013235939	6.349897489821004e-14
ENSG00000108443	-0.08378965942477379	0.38145224821580437
ENSG00000108465	-0.0928430460134706	0.7724229703946346
ENSG00000108468	-0.22750015311004645	4.8350098591930995e-05
ENSG00000108469	0.12190151588870535	0.40879926965689184
ENSG00000108479	-0.11435502976543788	0.012756017248409503
ENSG00000108506	-0.1879183980561301	0.0031958164353829074
ENSG00000108510	0.06748045057059215	0.34947473744057334
ENSG00000108515	-0.08250287115680166	0.47710077373990534
ENSG00000108518	0.5426008271106184	1.3564453406374439e-14
ENSG00000108523	-0.638014676903687	1.26322691876377e-06
ENSG00000108528	-0.1301700812258204	0.269240896074733
ENSG00000108557	-0.026835866709379985	0.9386369415660587
ENSG00000108559	-0.17780971657549927	3.556304957784095e-08
ENSG00000108561	-0.5130071332606896	2.6380153835865803e-09
ENSG00000108578	-0.09377153102270697	0.018200658989971745
ENSG00000108582	-0.03763406710837103	0.2728644523956315
ENSG00000108587	0.2476075772838442	0.015530413010234098
ENSG00000108588	-0.9656310457117208	1.0652036703392376e-11
ENSG00000108590	0.17913619872740583	0.008108299042976313
ENSG00000108591	-0.05389848239931183	0.1626843808044769
ENSG00000108592	-0.11065268873418788	0.0026067563600974124
ENSG00000108599	0.038109821346608896	0.09152883841791189
ENSG00000108602	0.5294741163885455	0.0028680540482733
ENSG00000108604	-0.06056641951763453	0.1677545108052696
ENSG00000108622	-0.01573632920798218	0.8400568851302858
ENSG00000108639	0.5636624691521845	2.6380153835865803e-09
ENSG00000108641	-0.19539114278171965	0.009464736015895875
ENSG00000108651	-0.018894504409306734	0.9694327112745226
ENSG00000108654	0.10912673501284331	0.004690266308828981
ENSG00000108666	-0.362526137620403	2.5474435408119462e-06
ENSG00000108669	0.13854403893761358	0.18191128483507368
ENSG00000108671	-0.02932550639216558	0.14933798398821427
ENSG00000108679	1.1776462620090413	3.461585705064727e-19
ENSG00000108733	-0.09649840607903215	0.8650747936119274
ENSG00000108771	0.07929604495684117	0.09413489656246997
ENSG00000108773	-0.23323923378213252	0.12387423176869629
ENSG00000108774	0.4662554496042013	4.8293447820601993e-08
ENSG00000108784	0.06894448161167688	0.18505219901111536
ENSG00000108788	-0.07377177843205374	0.14145943617525178
ENSG00000108797	0.10003287292730434	0.4751230334595511
ENSG00000108798	0.12587748628360984	0.027567774007998508
ENSG00000108799	-0.08859245137946914	0.18425290505521397
ENSG00000108819	0.05134670465900015	0.31693265838363516
ENSG00000108821	0.8570980528076149	2.4967637647643425e-10
ENSG00000108826	0.19366759193660243	0.007139864840236728
ENSG00000108828	0.03921554322970522	0.25334444809825574
ENSG00000108829	-0.96865220741401	1.1889075300536593e-07
ENSG00000108840	-0.023541265626864316	0.6417011494696432
ENSG00000108846	0.1783245830946001	0.034700575334563076
ENSG00000108848	-0.10195104692479973	0.029067003258674725
ENSG00000108849	-0.18955749115504616	0.5756920098969223
ENSG00000108852	-0.46208668570293554	0.014553462613094127
ENSG00000108854	-0.08625686161861523	0.25222648768412315
ENSG00000108861	0.20321025985423447	1.1883319780692162e-05
ENSG00000108883	0.15254490731847525	4.4255268456028286e-07
ENSG00000108946	0.015236814125639597	0.325048612648295
ENSG00000108950	0.7369463704760228	0.00015235203743135207
ENSG00000108953	-0.40948375982808827	1.1114220083423276e-17
ENSG00000108961	-0.024797270497241897	0.47337288714035275
ENSG00000108963	-0.5913974077483388	9.409299203549211e-10
ENSG00000108984	-0.5724796152496836	1.6643970351284978e-09
ENSG00000109016	-0.8123524719771176	5.081231038211694e-11
ENSG00000109062	-0.2935446519501781	4.717477310084854e-08
ENSG00000109065	0.09747380090986368	0.5487394957983193
ENSG00000109072	0.37736560684970044	0.002148317599944822
ENSG00000109079	-0.3167320137063392	0.009717152844433098
ENSG00000109083	-0.3832278405855938	2.162798515400269e-06
ENSG00000109084	-2.236911618453096	4.714410398983432e-12
ENSG00000109089	0.4166625785323177	5.684456891751801e-06
ENSG00000109103	0.013543077698361827	0.8707652199412061
ENSG00000109107	0.5485480901377038	1.4205665527237882e-11
ENSG00000109111	0.19916857006941768	2.2850163790056717e-07
ENSG00000109113	0.7752857917336264	4.90221504294255e-15
ENSG00000109118	-0.10992687448277394	0.03584564132590952
ENSG00000109133	-0.24547821907879452	0.016629412226052902
ENSG00000109171	0.17128841721719823	3.8821666193079077e-07
ENSG00000109180	-0.1716233050363023	0.005836479735187381
ENSG00000109184	0.08454986770120243	0.39372322144773464
ENSG00000109189	-0.3567090155190833	0.019239283023677098
ENSG00000109193	0.5576276154424136	0.01720409412705294
ENSG00000109265	0.604484486000171	2.564963486312211e-10
ENSG00000109270	-0.017782479771238258	0.5448719663112209
ENSG00000109320	0.0414078529716555	0.24311703205074153
ENSG00000109321	0.006717352662233722	0.8391608391608392
ENSG00000109323	-0.03402198621569852	0.38332716790086574
ENSG00000109339	-0.20311473990246753	0.7728299926844475
ENSG00000109381	-0.06878324207797348	0.12313585737245121
ENSG00000109390	-0.08694756931889458	0.35481886880313374
ENSG00000109436	-0.10320676852031241	0.1785377533979443
ENSG00000109445	-0.8067846834429488	9.402261946141178e-17
ENSG00000109452	0.9336685811527374	7.463889842682708e-18
ENSG00000109458	-0.24496601119712835	0.0004142700707433524
ENSG00000109472	-0.3192345831023218	0.008913689496559485
ENSG00000109475	-0.2423578590427269	0.007884895380238607
ENSG00000109501	-0.2917644196666025	1.3321880224833678e-05
ENSG00000109511	1.1576622335960494	5.2101578352234224e-09
ENSG00000109519	-0.2795490543609702	0.00019746333963982724
ENSG00000109534	-0.4629244832201955	7.625896191611951e-06
ENSG00000109536	-0.21613046623479804	1.1487882945640048e-08
ENSG00000109572	-0.11011657866558622	0.17691135924792623
ENSG00000109586	1.0267958958525796	2.449126941226278e-17
ENSG00000109606	0.23449775075716772	1.5326825075997742e-10
ENSG00000109610	-0.0966852147639159	0.37207756327638764
ENSG00000109618	-0.913607340288074	2.605939737437246e-15
ENSG00000109625	0.848448193537557	1.7386202973777514e-13
ENSG00000109654	-0.475860786995721	1.9051777757243647e-10
ENSG00000109670	0.4318169686811295	0.03089095287237702
ENSG00000109685	-0.029325781106070536	0.394037827119876
ENSG00000109686	0.058171705187714196	0.09559767328205789
ENSG00000109689	-0.2025715817259197	0.020513414751378706
ENSG00000109736	1.2434288644113032	3.661393900579718e-09
ENSG00000109743	0.6678734688785752	1.1588871188305543e-09
ENSG00000109756	-0.029107636359846367	0.587099940428432
ENSG00000109758	0.049477673792065247	0.4159172648590024
ENSG00000109762	-0.05885695392034407	0.5785560979774469
ENSG00000109775	-0.5837790491514738	3.9385892716773587e-10
ENSG00000109787	-0.19533497313214454	0.1801051612250968
ENSG00000109790	-0.10257059711798178	0.9133622858444825
ENSG00000109805	0.4422043723077209	0.003183090641247986
ENSG00000109814	-0.08670853205942208	0.07124656234359451
ENSG00000109846	-0.48205746270118155	9.035315259102339e-08
ENSG00000109854	0.7555401965672033	2.437370831962895e-15
ENSG00000109861	0.9347414976001183	2.389512070585937e-12
ENSG00000109906	-0.6178143441425412	0.048848710360872835
ENSG00000109911	-0.4329483856167009	1.341265627618183e-11
ENSG00000109917	0.3921254988528311	2.119645872392172e-11
ENSG00000109919	-0.19481628117208416	0.005617461744574767
ENSG00000109920	-0.12820592627911154	0.022709578283466925
ENSG00000109929	0.21797051590886696	0.4704388578369014
ENSG00000109971	0.056456483826536896	0.004629664681692187
ENSG00000110002	0.2128627769298035	0.0001025286060390023
ENSG00000110013	0.4939105191253219	9.658139399866937e-10
ENSG00000110025	-0.119437294172684	0.07124656234359451
ENSG00000110031	0.33403289961711735	0.001250732339284453
ENSG00000110046	-0.17573146170165188	0.047567642355768124
ENSG00000110047	0.46297100542458125	3.3352215707062374e-11
ENSG00000110048	-0.13774842407212518	0.0017649135583626368
ENSG00000110057	0.43392390477869114	0.0002153089423649546
ENSG00000110060	0.25064795752723157	0.0160777818520061
ENSG00000110063	-0.07578943140218186	0.45509693327913625
ENSG00000110066	-0.19232246417574572	0.26192604004125386
ENSG00000110074	-0.8290665017628669	1.5170528374194178e-10
ENSG00000110075	-0.08894093464235908	0.00039514393681626934
ENSG00000110077	-0.019533117272121814	0.9541937557928528
ENSG00000110080	0.5406686530198677	0.0003802502963825231
ENSG00000110090	0.24387471379320047	0.004169803662131638
ENSG00000110092	-0.2735967833711612	0.5392365719598846
ENSG00000110104	-0.15829001380216923	0.00039514393681626934
ENSG00000110107	-0.24887057896166453	1.9541662749571786e-07
ENSG00000110108	-0.46541129298362804	0.00015915220710892023
ENSG00000110169	0.18647508300007232	0.06804496118740275
ENSG00000110171	0.2571715515260067	2.916832815634923e-07
ENSG00000110172	0.3720630968428118	1.2303801142729413e-11
ENSG00000110195	0.46625123525006984	0.13761049046224821
ENSG00000110200	-0.8400777026033204	0.0006076813625644879
ENSG00000110203	-0.036065278850831106	0.3620470988657863
ENSG00000110218	0.7681835637261578	0.0007711331762836271
ENSG00000110237	0.3154606896128769	7.010496793510809e-08
ENSG00000110243	-0.33780537778609343	0.12981231328860843
ENSG00000110244	0.6207689941942931	2.8203258862963574e-06
ENSG00000110245	0.4950630786043959	1.8702135673122623e-05
ENSG00000110274	0.053964716560820136	0.7961954547568486
ENSG00000110315	-0.019543307334387805	0.7619415775420485
ENSG00000110321	0.02837972574977954	0.7251189250432647
ENSG00000110330	0.2938529334300952	1.4646154830119859e-05
ENSG00000110344	0.13938442380203497	0.02786216737762608
ENSG00000110367	-0.04066998654948151	0.08530933282846397
ENSG00000110395	0.35340728513575925	7.834264788410625e-10
ENSG00000110400	-0.15514416968828826	0.009969129118204106
ENSG00000110429	0.10625253899727483	0.08530933282846397
ENSG00000110435	-0.6215533465399581	1.2002876413772277e-12
ENSG00000110436	-1.15242814067269	6.04571661496739e-05
ENSG00000110442	0.6884453679744915	6.517472269444931e-10
ENSG00000110446	0.3593366407127334	0.06678358351345508
ENSG00000110448	0.11923734514444106	0.05428996788889586
ENSG00000110492	1.5641557569251923	2.2801631887560364e-17
ENSG00000110497	0.42250159201007165	0.000286358299166534
ENSG00000110514	0.1306851482458562	0.002148317599944822
ENSG00000110536	0.5054687796861401	0.0012621032744701553
ENSG00000110583	0.1791812008491256	0.032984475712149214
ENSG00000110619	-0.3164662820854005	8.782431676409216e-05
ENSG00000110628	0.32720559338262944	0.005410758946241476
ENSG00000110651	-0.41617498168654876	6.539467537410818e-08
ENSG00000110693	-1.028417531151291	0.0033613445378151263
ENSG00000110696	-0.33219289049546674	1.073772435245062e-10
ENSG00000110697	0.30483456721045954	3.522816843697087e-06
ENSG00000110700	0.18848973501855681	0.18505219901111536
ENSG00000110711	0.5144527729826223	7.523576796833057e-12
ENSG00000110713	0.01726358728412336	0.8596236957716981
ENSG00000110717	-0.5850880769330864	4.804912512787616e-11
ENSG00000110719	0.22714731062523086	0.0013447963139287295
ENSG00000110721	-0.39023941972160614	3.5652276399364663e-06
ENSG00000110723	-0.005474491302379647	0.633546029919303
ENSG00000110756	-0.22776204769612107	0.007880843202992814
ENSG00000110768	0.046909669554715094	0.5986114518345688
ENSG00000110777	-0.6007254838159248	0.015812837048534988
ENSG00000110799	0.10723542716958079	0.0017649135583626368
ENSG00000110801	-0.1379308327633737	0.001096566462951636
ENSG00000110811	0.7362014018888381	2.1853834377624033e-12
ENSG00000110841	0.37266349627456563	8.613752586311561e-11
ENSG00000110844	-0.2177598878014706	0.0003737732171969453
ENSG00000110848	0.4325166465034478	0.12608800494857467
ENSG00000110851	-1.7697114937824026	2.3473637383820718e-07
ENSG00000110852	0.3158775308101873	0.10427644990864605
ENSG00000110871	-0.39366505747320346	2.4977263879609147e-07
ENSG00000110876	-0.32954473194194733	0.07032462308933309
ENSG00000110880	0.9382220758328224	4.4843356467253906e-17
ENSG00000110888	0.9769748213086054	0.10681114551083593
ENSG00000110906	0.4447997968110968	4.83362974442594e-09
ENSG00000110911	-0.37820545852657617	0.008108621955984904
ENSG00000110917	-1.1408319438306656	1.9575497496210203e-10
ENSG00000110921	-0.1255661380608295	0.06741905437952835
ENSG00000110931	0.20957974269451185	0.0026633127609846847
ENSG00000110934	0.4931683729693468	2.9371522245129576e-06
ENSG00000110955	-0.18296778446081774	0.00015136462412136087
ENSG00000110958	0.008851426669455265	0.5095372414844735
ENSG00000110987	-0.9041179348526036	1.9810893854526266e-12
ENSG00000111011	-0.12085773635923047	0.1626843808044769
ENSG00000111052	0.10764221388148343	0.34518440288106245
ENSG00000111057	-0.7539130877879536	3.040434190627826e-13
ENSG00000111058	-0.47286559601763756	4.1583439987793754e-09
ENSG00000111077	-0.3016115136701316	1.6199227865539073e-06
ENSG00000111087	0.18353962767860565	0.22653276315984072
ENSG00000111110	0.08572604120304916	0.9254045333936776
ENSG00000111142	-0.40402387872405754	1.206292807290259e-08
ENSG00000111144	0.1640161697063185	0.0022398266556136284
ENSG00000111145	0.18679805190587828	0.05956847303998264
ENSG00000111199	0.021689926491401224	0.8019844573715142
ENSG00000111203	0.2911088181444974	5.0616469522602666e-05
ENSG00000111218	-0.5962907547719105	0.0004589350208026429
ENSG00000111229	0.8266546813379385	8.306446918390346e-15
ENSG00000111231	-0.05676485169443524	0.7577570053994892
ENSG00000111237	0.4463210317872992	6.85073636989826e-09
ENSG00000111247	-0.4937148538428495	0.3811473550603986
ENSG00000111249	-0.29048659746900185	0.4377842422527143
ENSG00000111261	0.1876524669681956	0.35704870623273355
ENSG00000111266	-0.09204390317568922	0.42748329853461786
ENSG00000111271	-0.6613625243911834	3.152246692686417e-11
ENSG00000111275	-0.12117901234280026	0.13794525375096542
ENSG00000111276	-0.4503834205907147	1.0053988107989885e-11
ENSG00000111300	-0.13848409169678533	0.004876404492564625
ENSG00000111321	0.7147572772663402	7.336405852530007e-10
ENSG00000111325	0.0636728063126526	0.6873701141161207
ENSG00000111328	0.08293399018187131	0.5613923130367917
ENSG00000111331	1.0256789461868436	6.177648924723238e-15
ENSG00000111335	1.227060064526686	3.6449097605952185e-16
ENSG00000111339	0.19637164847255661	0.043687959897780224
ENSG00000111341	1.0745497066525864	2.096835553565887e-09
ENSG00000111344	0.5390790085804369	1.8665922353746963e-08
ENSG00000111348	0.35744280865710465	0.001096566462951636
ENSG00000111358	-0.1771001200189879	0.020199831494045344
ENSG00000111361	-0.0807477845385165	0.05376311645958891
ENSG00000111364	-0.1693754567902772	0.025857158643026432
ENSG00000111371	-0.2447661701858479	0.04979331477638196
ENSG00000111424	0.35551203564718037	4.523668905645508e-05
ENSG00000111445	-0.3799722178774765	8.930234420008433e-10
ENSG00000111450	-0.15164169044722797	0.1967626776421434
ENSG00000111481	-0.050654582850942376	0.1878264826316457
ENSG00000111490	-1.7449243281529618	5.309778856047188e-11
ENSG00000111530	0.23058373548048294	3.058613732966285e-06
ENSG00000111540	-0.04588078089372516	0.737639586777029
ENSG00000111554	-0.36274381466006034	0.014612288989696666
ENSG00000111581	0.049265637800868234	0.30305232949008276
ENSG00000111596	0.015526012438630943	0.4601364332378711
ENSG00000111602	-0.6689154057338591	0.0004406914534811608
ENSG00000111605	-0.0019125433902331679	0.5756920098969223
ENSG00000111615	-0.1761340800470066	0.0033721865233752313
ENSG00000111639	-0.28669326676309836	0.0021166376037720126
ENSG00000111640	0.3168615987306751	7.053376064857872e-06
ENSG00000111641	-0.19741298099263105	0.00038895412229609074
ENSG00000111642	0.13206679297557145	0.01081045662739508
ENSG00000111647	0.15172567665525705	0.002536203691175354
ENSG00000111652	0.11606496651693732	0.4831963405166644
ENSG00000111653	0.22436908533549982	0.032210337586585036
ENSG00000111664	0.5614584334122394	0.39169068917352673
ENSG00000111665	-1.0081551987083124	0.048484848484848485
ENSG00000111666	0.21449648118298015	0.626088055975068
ENSG00000111667	0.011221604454387801	0.9452597360400462
ENSG00000111669	0.061726076988399825	0.39709837976611695
ENSG00000111670	-0.05326527568535511	0.38959142302806815
ENSG00000111674	0.7083712344172035	1.451301973089089e-10
ENSG00000111676	-0.23650293759025587	9.809516347636416e-06
ENSG00000111678	-0.026726927378309284	0.604405341712505
ENSG00000111679	0.5528174311324463	2.1232472373164716e-10
ENSG00000111684	-1.112472158959008	7.433630509349059e-10
ENSG00000111696	-0.5551925366820605	2.4307859321761155e-08
ENSG00000111707	-0.15095701918377813	0.010113210461114004
ENSG00000111711	-0.8546300388309298	8.920513895437825e-06
ENSG00000111716	-0.8125171236526398	2.858142046594816e-13
ENSG00000111725	-0.14109509639543205	0.015889427627325335
ENSG00000111726	-0.16173634901199208	0.0018674826327824375
ENSG00000111727	0.01712455757483511	0.6555133567383661
ENSG00000111731	-0.021414240041654153	0.2895821977394111
ENSG00000111737	0.41720779578674083	7.71179998280679e-11
ENSG00000111752	-0.5490510683077012	4.72591652540923e-05
ENSG00000111775	-0.9262070297682925	1.9276958821870235e-15
ENSG00000111785	-0.17016595386623834	0.35938468657341194
ENSG00000111786	0.541684280608365	2.8050185193615386e-08
ENSG00000111790	0.3743034748207421	5.446872783233194e-06
ENSG00000111799	1.4131866057787263	8.20311129125081e-19
ENSG00000111801	-0.037889890195124565	0.5485400330412484
ENSG00000111802	-0.43305264892997997	8.829385469038938e-08
ENSG00000111816	0.32232801711062464	0.0004844509199480232
ENSG00000111817	0.2520372593149496	0.056662742756483274
ENSG00000111832	-0.76685913952495	3.734044265565629e-18
ENSG00000111845	-0.6142345603315498	3.4028202071118247e-15
ENSG00000111850	-0.03709297408020262	0.19287584940313707
ENSG00000111859	0.777395119881902	1.6181035793753997e-09
ENSG00000111875	0.22571333088364298	0.11630758295720846
ENSG00000111880	-0.26652174014128605	9.622299570671136e-06
ENSG00000111885	-0.26106296032823906	2.5999081665018603e-06
ENSG00000111897	0.09163253583938769	0.23811362110722023
ENSG00000111906	-0.5587662647752474	3.4399370390092475e-13
ENSG00000111907	-1.1609411070476696	9.887304129733379e-14
ENSG00000111911	-0.021279602699078026	0.41353650832169786
ENSG00000111912	-0.19268780464712165	0.00027813861262809966
ENSG00000111913	-0.7876312234292264	0.0678880382280145
ENSG00000111961	-0.1345751814720053	0.018124599881208705
ENSG00000111962	-0.8719712543841656	0.009372979961215255
ENSG00000112029	0.6389692285754833	0.0017840521158123592
ENSG00000112031	-0.26360920943774957	0.037819514291922124
ENSG00000112062	0.36531235298670595	8.379040300708164e-11
ENSG00000112077	-0.4202897791226121	0.003736368830801053
ENSG00000112078	0.06428126235005749	0.14434725130175668
ENSG00000112079	0.5794645725537677	8.038164938208734e-15
ENSG00000112081	0.005445658160958544	0.9850599792479565
ENSG00000112096	0.4813413659948509	7.27142805479129e-07
ENSG00000112110	-0.15352007285588343	0.1633351287317647
ENSG00000112118	0.6474245305185384	1.7862975448801645e-11
ENSG00000112130	-0.46211044215558417	0.10374919198448611
ENSG00000112139	-2.6611409650556723	0.0054003066065137426
ENSG00000112144	0.05675153950184608	0.5466460268317854
ENSG00000112146	0.09305736748299864	0.4673383276785198
ENSG00000112159	-0.4578580948646618	1.0348781047378045e-11
ENSG00000112167	-0.8558233376396878	5.2191703325660765e-08
ENSG00000112186	0.19113562991323008	0.0005155107298759038
ENSG00000112200	-0.22632904906555495	6.306371015416039e-05
ENSG00000112208	0.4415420000119674	1.1842089088519764e-06
ENSG00000112210	0.659011857290583	1.0652036703392376e-11
ENSG00000112214	-0.39422950861460393	0.00025239145448158006
ENSG00000112234	0.3590494849755679	0.11417006229967792
ENSG00000112242	-0.7604429386996934	0.027394261949761457
ENSG00000112245	-0.45417250161313305	1.649840203839443e-06
ENSG00000112249	-0.21609589200700796	8.557528120342254e-09
ENSG00000112282	-0.1047602236218772	0.06995140689919038
ENSG00000112290	0.0782672247784113	0.4347301121234509
ENSG00000112293	0.14075888950671356	0.1006700510253265
ENSG00000112294	-0.7634892991098639	1.7359734552467427e-11
ENSG00000112297	0.20538570306474568	0.0006014666062218214
ENSG00000112299	0.5120317837907464	0.006877194330308332
ENSG00000112303	0.5307618288013636	0.000790643727950585
ENSG00000112304	-0.5093560072177894	6.257386869172666e-07
ENSG00000112305	-0.05548009461800518	0.2895821977394111
ENSG00000112306	0.2935847669853402	0.0184059294939034
ENSG00000112312	0.1924872672784872	0.20601136677967335
ENSG00000112335	0.18763757708263995	0.00023266086891093272
ENSG00000112339	-0.5646095576751051	2.119645872392172e-11
ENSG00000112343	0.5282542508053325	1.892590653219094e-09
ENSG00000112357	-0.6531049616282907	3.4298149873266604e-10
ENSG00000112365	-0.053037349483314955	0.5569384769908224
ENSG00000112367	0.046812956955285756	0.4377056023964736
ENSG00000112379	-0.7726344717286544	9.716336642430768e-13
ENSG00000112394	-2.553807427813773	6.376213971079906e-13
ENSG00000112406	-0.004254080320354348	0.5448719663112209
ENSG00000112414	0.6338338186213406	2.7031674022030672e-09
ENSG00000112419	0.23570988536473791	0.005201531567795903
ENSG00000112425	0.23349094609889676	0.12017125795228155
ENSG00000112473	-1.5256378540212587	4.4994635856947033e-10
ENSG00000112511	0.06055191048795194	0.2986363461674656
ENSG00000112514	-0.12271200031360507	0.18643552769774507
ENSG00000112531	0.15938029468636472	0.045108339077200424
ENSG00000112559	-0.2009052852508919	0.9710182318541453
ENSG00000112561	-0.13712885456627077	0.05073578762419672
ENSG00000112562	0.5204390622800119	3.74180278278298e-06
ENSG00000112578	-0.24164551257323197	1.3071103968870308e-05
ENSG00000112584	-0.29853978247833624	1.66984627324056e-07
ENSG00000112592	-0.17199871477903983	0.10410988966022681
ENSG00000112624	-0.1481111823597061	0.05337157324629226
ENSG00000112640	0.5358597377809993	9.357127731003617e-11
ENSG00000112655	0.7036300631760959	3.045639335910155e-14
ENSG00000112658	0.055561397322939854	0.8323590780491424
ENSG00000112659	-0.1359603551772679	0.13684639909781768
ENSG00000112667	-0.17296050676437602	0.021737112211978698
ENSG00000112679	0.15232351734112015	0.05123019393730133
ENSG00000112685	0.1247734273056551	0.014164750116845315
ENSG00000112695	0.9519312682542349	2.206856912093771e-09
ENSG00000112697	-0.2958137650242776	5.463151499427572e-06
ENSG00000112699	0.21487069750088494	0.10867821518991132
ENSG00000112701	-0.2032989559856695	0.0037732010345395534
ENSG00000112715	0.5823512022150013	0.00013035274235339954
ENSG00000112739	-0.14417297062559342	1.3321880224833678e-05
ENSG00000112742	0.0665567882143101	0.5114290240646902
ENSG00000112759	-1.067719562779832	0.002708186369523933
ENSG00000112763	0.07008636272155755	0.31686199864236353
ENSG00000112769	0.3860928459156412	8.34916568807155e-09
ENSG00000112773	-0.2944141086341787	0.051218446157644454
ENSG00000112782	-0.08918455044934959	0.4017542949252023
ENSG00000112787	0.6826853207553611	0.27851901555049985
ENSG00000112796	-1.0522540251767936	1.9438782919086406e-05
ENSG00000112818	0.05696131040735963	0.7152048807527422
ENSG00000112851	0.19508463979035895	9.38875790575851e-07
ENSG00000112855	0.19526431240869258	0.0004142700707433524
ENSG00000112874	-0.5271488057653322	9.21340458873791e-09
ENSG00000112893	-0.34457591818688016	3.74180278278298e-06
ENSG00000112902	-0.5963343259296501	0.01029280897578664
ENSG00000112936	0.37181117107789063	6.41821535503436e-05
ENSG00000112941	0.035856543175718514	0.18467831708746218
ENSG00000112972	0.5014796151268293	2.066547244628752e-10
ENSG00000112977	-0.7942423970479382	2.1621446639360508e-13
ENSG00000112983	0.026678471273452686	0.8465688054155887
ENSG00000112984	0.07634628555936374	0.835758310140551
ENSG00000112992	-0.47247796273729037	0.00024037274812391943
ENSG00000112996	-0.31222350659994547	6.124149960179205e-07
ENSG00000113013	-0.0992927089621638	0.10416919331296227
ENSG00000113048	-0.4627784374172208	7.689918847496401e-08
ENSG00000113068	0.14117994386718635	0.2568192383456369
ENSG00000113083	0.346894591740174	3.3731994039604515e-05
ENSG00000113088	0.40250823713339656	0.01618493796087464
ENSG00000113119	-0.16647249740757886	0.7108438517107247
ENSG00000113140	0.8882354882170027	3.725808036636507e-12
ENSG00000113141	0.048778064442238644	0.7883908645083231
ENSG00000113161	-0.04797102293797195	0.3732361065254136
ENSG00000113163	0.2858433015752482	4.264134615058708e-09
ENSG00000113194	-0.27971738316523087	1.4917041985852357e-07
ENSG00000113249	-1.3648629054902628	0.06352377908727286
ENSG00000113263	-0.10471338607018232	0.6786546786546787
ENSG00000113269	0.041130575382924306	0.938467492260062
ENSG00000113272	0.34417290786833377	9.58980854080934e-07
ENSG00000113273	0.027241154340050144	0.325048612648295
ENSG00000113282	-0.12482012852549218	0.002271114566460635
ENSG00000113296	0.4019329815238173	0.0013254768849651638
ENSG00000113300	0.5176838751345301	0.4384671689019516
ENSG00000113312	-0.040116918695019876	0.5421113055856485
ENSG00000113318	0.04525660305361612	0.26032697601733057
ENSG00000113319	0.6249503687161564	2.4158798906750447e-06
ENSG00000113356	-0.7427746984127488	0.0380952380952381
ENSG00000113360	0.020961579818319365	0.7092644429031234
ENSG00000113361	0.2172084328965802	0.11903245766166885
ENSG00000113368	0.586838218698368	4.768396048773669e-14
ENSG00000113384	-0.04033682834850083	0.09395309089092184
ENSG00000113387	-0.10360869649485949	0.07124656234359451
ENSG00000113389	1.1343467274181123	5.506062239247632e-13
ENSG00000113391	-0.32283755132418435	3.725808036636507e-12
ENSG00000113407	-0.5215181499024126	1.065883975806703e-06
ENSG00000113441	0.20308151250572948	7.006168892072749e-05
ENSG00000113448	0.0021921823685495667	0.6941434813912064
ENSG00000113456	-0.37841511318886845	3.818871771256406e-06
ENSG00000113460	0.2027162757975951	0.0050041826318955014
ENSG00000113504	0.4387714156927771	1.3937950593796506e-07
ENSG00000113522	-0.0919723901242051	0.03261403048616829
ENSG00000113552	0.3912692361836356	7.174687503292581e-08
ENSG00000113555	-0.26748590655229876	0.056721348016000324
ENSG00000113558	-0.02240232490623839	0.2746886841719741
ENSG00000113569	0.07804743422985894	0.028159267254161128
ENSG00000113578	0.3418931835755856	0.009018512479784016
ENSG00000113580	-0.21377857889374496	7.478737096498341e-06
ENSG00000113583	0.6418709762299599	5.5539059338639564e-05
ENSG00000113593	0.03729741943690357	0.24144108257561459
ENSG00000113594	-0.8499800981096506	0.05733295064181377
ENSG00000113597	0.23908180188550077	0.00015915220710892023
ENSG00000113600	0.9373683886517519	1.1284892834905976e-11
ENSG00000113615	-0.015175016063714963	0.4377056023964736
ENSG00000113621	-0.8357158760033769	0.0021541104518153133
ENSG00000113638	-0.19109468946736996	5.929029994518057e-05
ENSG00000113643	-0.17244825938375996	0.0029072747804055332
ENSG00000113645	-0.12124014765786839	0.18397327343750813
ENSG00000113648	-0.12893971818641958	0.01759682666667737
ENSG00000113649	0.07970243574063218	0.0008270904851681822
ENSG00000113657	0.7596134642085559	3.410131297394616e-12
ENSG00000113658	-0.007230447059765055	0.3610349444536617
ENSG00000113712	0.4570283016840406	1.892590653219094e-09
ENSG00000113716	-0.05274124271153369	0.5842561127201433
ENSG00000113719	-0.19517313462800345	0.010060750272937364
ENSG00000113721	0.5170547916968218	2.3224941206560908e-09
ENSG00000113734	-0.4558629604767681	3.1211371707140623e-06
ENSG00000113739	0.02919096827515233	0.9293228285366745
ENSG00000113742	-0.26121600903697484	0.0003309083231596379
ENSG00000113758	0.7403712439273704	2.604657737750619e-13
ENSG00000113761	-0.25828255847217463	2.653409017455338e-06
ENSG00000113790	0.2288980956685407	0.00025652136753815833
ENSG00000113810	0.37360346615205486	2.4428224739738584e-07
ENSG00000113811	-0.3945216193372758	0.002087311278654601
ENSG00000113812	0.2102035078547395	3.120586676794932e-05
ENSG00000113845	-0.3573280556171561	0.00025652136753815833
ENSG00000113851	-0.09014632912249354	0.013366047342819454
ENSG00000113889	0.6769608409082686	1.3298122723826935e-08
ENSG00000113905	0.8368000168400656	1.6394550701916036e-11
ENSG00000113916	0.2993504442317132	0.059707681904329124
ENSG00000113924	-0.772235812209054	1.694813139697746e-08
ENSG00000113966	-0.07830002091799315	0.08159878996066333
ENSG00000114019	-0.22526052907901928	0.43921914230862846
ENSG00000114021	-0.03587280180836672	0.6849468318650189
ENSG00000114023	-0.9076800166593486	7.478737096498341e-06
ENSG00000114030	-0.09752457642610324	0.0040083268915585965
ENSG00000114054	-0.8884359536130368	4.0409661860649197e-16
ENSG00000114062	-0.024289069939264607	0.21418724018321178
ENSG00000114098	0.13431989774596786	0.006063166463496028
ENSG00000114107	-0.8541264334797134	0.10168067226890756
ENSG00000114113	-0.3802971259672461	0.1878264826316457
ENSG00000114115	-0.9142193142717048	4.070084449144342e-12
ENSG00000114120	-0.5511330090933946	0.0007755567355409034
ENSG00000114125	0.5943818746325782	2.653409017455338e-06
ENSG00000114126	-0.43567577735309015	7.071072878225903e-07
ENSG00000114127	0.0939984818002344	0.006063166463496028
ENSG00000114166	-0.5554824989151861	0.0008630890094373821
ENSG00000114200	0.0612650804253434	0.29338899796798545
ENSG00000114204	-2.9716361647028826	2.605939737437246e-15
ENSG00000114209	0.44977614531190824	6.504152450472385e-12
ENSG00000114251	0.8099873882284037	9.898178984488956e-08
ENSG00000114268	-0.5369513489924174	1.2347013652595053e-06
ENSG00000114270	0.81369040404876	3.760149443735435e-09
ENSG00000114302	-0.29542589825013366	1.4815154133851557e-12
ENSG00000114315	0.32507444085235093	0.025131776808186262
ENSG00000114316	0.03152984348765031	0.5421113055856485
ENSG00000114331	0.37002703256099423	7.240879351057163e-10
ENSG00000114346	0.4422343204525667	0.00563006991363885
ENSG00000114353	0.3035591414169865	1.1621293956226742e-07
ENSG00000114354	-0.4898814614330327	2.1621446639360508e-13
ENSG00000114374	0.21442368109163823	0.05874496118594353
ENSG00000114378	-0.4777987962997443	0.005495196312928068
ENSG00000114383	-0.34984590026911633	1.5542675389157945e-05
ENSG00000114388	-0.263688100499472	0.000554310675534354
ENSG00000114391	-0.3609292234172514	0.00031630912242459246
ENSG00000114416	0.17052849866096054	1.6095388262732922e-05
ENSG00000114423	0.3658140097094531	2.470285625940661e-08
ENSG00000114439	-0.21550480729287358	0.0001116721333162035
ENSG00000114446	-0.054369745455804974	0.461414055630917
ENSG00000114450	0.3399377774270427	9.438498943396437e-06
ENSG00000114455	-0.23624784424518452	0.36040084190078103
ENSG00000114480	-0.0109055555309574	0.269240896074733
ENSG00000114491	0.3494721472315909	7.869492766657454e-08
ENSG00000114503	0.0819630629469934	0.11621224664578522
ENSG00000114520	0.343827623650224	1.8045080778444245e-10
ENSG00000114529	-0.30576988886501155	0.019530200605028816
ENSG00000114541	0.23524972133794897	0.1984324853890071
ENSG00000114544	-0.1685329106777722	0.28841964358182404
ENSG00000114554	0.047525130411365524	0.34674878959937405
ENSG00000114573	0.08961278544875384	0.004169803662131638
ENSG00000114626	0.9456884473183429	1.1996249969545626e-05
ENSG00000114631	-0.4583392778450204	0.25981207960612995
ENSG00000114638	0.19868219358459527	0.7312838061826905
ENSG00000114650	-0.22541198045487576	0.4378288191121341
ENSG00000114686	-0.10792552041770165	0.02876166537560292
ENSG00000114698	-0.4339588290611438	1.6140877710606453e-05
ENSG00000114735	0.5106896459538568	0.2773046788167358
ENSG00000114738	0.1351045135936353	0.010182392314035253
ENSG00000114742	-0.24639096029427066	2.3171733155866786e-08
ENSG00000114744	0.21622107613282182	0.00012791829018097238
ENSG00000114745	0.194095225417783	0.014747283862209146
ENSG00000114767	-0.21562725824729512	4.7494992087572944e-05
ENSG00000114771	-1.210646258455764	8.494857530382449e-08
ENSG00000114779	0.22002476525862136	0.00818176106476094
ENSG00000114784	0.1278540681421596	0.3891225280558307
ENSG00000114790	-0.522048575258939	0.0037251944827594017
ENSG00000114796	0.0514819362772414	0.7589655754862218
ENSG00000114805	0.11704844364100353	0.7251189250432647
ENSG00000114850	-1.3039651642649446	1.7467186410162175e-07
ENSG00000114853	-0.2884471479999853	0.16619338672101858
ENSG00000114857	-0.3428215870399711	7.547961958252582e-08
ENSG00000114861	0.036641339291826114	0.49423022797635796
ENSG00000114867	-0.07145710858989318	0.04646340637424083
ENSG00000114902	-1.2469874919784303	4.154232213466294e-10
ENSG00000114904	-0.43640627632377615	9.304073999167402e-06
ENSG00000114933	-0.2529333789930348	0.47619047619047616
ENSG00000114942	-0.8715401123581401	4.578016495446891e-12
ENSG00000114956	-0.44377846249314956	5.8217330408982715e-08
ENSG00000114982	-0.06842646654367002	0.1543621048287341
ENSG00000114988	-0.2636541978254954	0.0005832750766842622
ENSG00000114993	0.31129865510460775	4.85089160585864e-06
ENSG00000114999	-0.04630518391502747	0.9224529184216221
ENSG00000115009	0.16834379942756428	0.8689192568158941
ENSG00000115020	-0.01726631613295737	0.3654270927938317
ENSG00000115042	-0.8099929831023722	7.433630509349059e-10
ENSG00000115053	-0.1409917097822735	0.003110821455112115
ENSG00000115073	-0.258736052473747	0.0006107591056887842
ENSG00000115084	-0.21548504373659938	0.3202808542020329
ENSG00000115085	0.23804945613395745	0.015530413010234098
ENSG00000115091	0.5475178435435666	3.63691847461267e-15
ENSG00000115107	-0.18418224932016614	0.010682156455823974
ENSG00000115109	-0.6157494387175078	2.604657737750619e-13
ENSG00000115128	0.2382982904114499	8.736288136953012e-06
ENSG00000115129	0.3646377877586495	3.1590665437436696e-08
ENSG00000115145	-0.20217263229519133	4.4255268456028286e-07
ENSG00000115159	0.40057891912248067	2.3026191606305599e-10
ENSG00000115165	-0.20445328736117574	0.16619338672101858
ENSG00000115170	0.2826885576083278	0.010748564810120901
ENSG00000115183	0.2940486562422642	1.1344062110837854e-10
ENSG00000115204	0.08770729435275015	0.8219123319438175
ENSG00000115207	-0.28947332891202393	4.943781822735318e-08
ENSG00000115211	-0.7671020339907599	3.353672901759583e-14
ENSG00000115216	0.2559796043800304	1.671252741015847e-05
ENSG00000115221	1.3271613940625997	3.291399567236996e-15
ENSG00000115232	0.4095745049546693	3.973805024125849e-06
ENSG00000115233	0.22044594215246605	0.0009744824895793842
ENSG00000115234	0.29270072539184255	8.242693018322496e-06
ENSG00000115239	-0.46723148940701975	0.1530296329057939
ENSG00000115241	0.0402123470743021	0.20961766726231923
ENSG00000115252	-0.013956460873046694	0.7917636595397742
ENSG00000115255	-0.5515002638853232	1.5500008996725254e-05
ENSG00000115263	-0.058810204716454706	0.8141227892542897
ENSG00000115266	-0.5759382893106633	0.002083111804450934
ENSG00000115267	0.2347446367576893	0.0009744824895793842
ENSG00000115268	-0.9669508969073384	9.409299203549211e-10
ENSG00000115271	0.5647651186566414	1.31933429213787e-09
ENSG00000115275	-0.5810532506646204	4.055709982413307e-07
ENSG00000115282	0.05940072177646272	0.960122388323255
ENSG00000115286	-0.3600156576636202	3.136360999939156e-05
ENSG00000115289	-1.1142346756738348	0.1118881118881119
ENSG00000115290	-2.0590807859094085	3.933699003725431e-06
ENSG00000115306	0.10716879677491065	0.01368062322893814
ENSG00000115307	0.2112727356691977	8.19499251730903e-05
ENSG00000115310	0.07340071988816277	0.08159878996066333
ENSG00000115317	0.035207507799615456	0.9022995804397109
ENSG00000115318	0.3798515465865293	1.6401191474783834e-05
ENSG00000115325	0.09557550079587784	0.011472725060028444
ENSG00000115339	0.17748726763182887	0.12313585737245121
ENSG00000115350	-0.23496340932353377	0.03652545761440302
ENSG00000115355	0.10884301927465145	0.05748412337153596
ENSG00000115361	-1.982807936209035	2.605939737437246e-15
ENSG00000115364	-0.375798120918315	7.053376064857872e-06
ENSG00000115365	-0.05436699933777689	0.07872557522738628
ENSG00000115368	-0.03531305611632618	0.20215931268759701
ENSG00000115380	1.2258997452484017	7.926903280096977e-14
ENSG00000115386	-2.144392897069899	3.759843200817178e-15
ENSG00000115414	1.2416246879539052	2.0256674848995506e-16
ENSG00000115415	0.5720385760951494	1.7732862843548742e-12
ENSG00000115419	-0.6797390515950283	8.038164938208734e-15
ENSG00000115421	-0.30151353574585116	0.04403922590499701
ENSG00000115425	0.6509727945214827	4.4994635856947033e-10
ENSG00000115457	-1.225579475085489	1.270867578995315e-14
ENSG00000115461	0.9240812524273636	8.379040300708164e-11
ENSG00000115464	-0.0771775866307145	0.25124128086662756
ENSG00000115468	0.46820831133076624	6.306371015416039e-05
ENSG00000115484	0.15723234078829407	0.000790643727950585
ENSG00000115486	0.19201796847733732	0.14803855382539277
ENSG00000115504	-0.09194834240970806	0.1211255964047835
ENSG00000115514	0.49527754758703324	2.1212198691205586e-12
ENSG00000115520	-0.8277461098122814	8.379040300708164e-11
ENSG00000115523	0.6459297066476992	0.05636281030006048
ENSG00000115524	0.03933261763539875	0.22993699541457302
ENSG00000115525	1.109417918770685	0.0011877029243329716
ENSG00000115539	0.1544696539916437	0.0005155107298759038
ENSG00000115540	0.5775466145487869	0.07272727272727274
ENSG00000115541	0.01570824697069284	0.6219360317032716
ENSG00000115548	0.28448063871413254	2.8917735610415813e-05
ENSG00000115561	0.8679540779183093	6.006791088218845e-11
ENSG00000115593	-0.012205847582420049	0.9212121212121214
ENSG00000115598	0.08493751450250286	0.9698499769931556
ENSG00000115604	-0.15806946373359843	1.0
ENSG00000115641	1.747209051116407	1.1082102382963453e-19
ENSG00000115648	0.712076400884257	2.243748477179506e-11
ENSG00000115652	-0.05048032237687039	0.1977781780497435
ENSG00000115657	-0.18587073731487536	0.025581166746865832
ENSG00000115661	0.2933756700796657	0.00595596791404961
ENSG00000115677	-1.0429470915169148	1.3538025361011805e-13
ENSG00000115685	0.005458990598491198	0.703385388514152
ENSG00000115687	0.18401075976553471	0.21246193476885755
ENSG00000115694	0.18553200915536294	0.002642701485909135
ENSG00000115718	0.2236798055384348	0.025581166746865832
ENSG00000115756	0.4362995851139395	1.8684778898162458e-07
ENSG00000115760	-0.04784133218499065	0.22354099548959694
ENSG00000115761	-0.08498440683182906	0.017204094127052923
ENSG00000115762	0.6573183862502674	9.001102095674372e-08
ENSG00000115806	-0.15953320622910638	0.0033272819958255584
ENSG00000115808	0.22067020309189544	2.8530513136605934e-07
ENSG00000115816	-0.10610804230289972	0.01217075812060939
ENSG00000115825	0.1439893215163437	0.031714563497550786
ENSG00000115828	0.047405640496535284	0.43972726523694916
ENSG00000115839	0.17490283056201505	3.312506957494708e-08
ENSG00000115840	-0.06619400701926992	0.26032697601733057
ENSG00000115841	-0.3067701174135422	3.058613732966285e-06
ENSG00000115850	-0.017383388459442983	0.9278566154165879
ENSG00000115866	-0.2834111271694546	8.240903001262842e-08
ENSG00000115875	0.21475471359602594	0.0018674826327824375
ENSG00000115884	1.158006939454058	5.5918345395772474e-14
ENSG00000115896	-0.013893629705012955	0.4936292800577128
ENSG00000115902	-0.9838944624254857	3.234904342366112e-08
ENSG00000115904	0.3105940791930628	5.618033445377585e-07
ENSG00000115919	0.9469072440484894	6.547694390648564e-13
ENSG00000115935	0.47928735973719583	2.2639564512410234e-09
ENSG00000115942	-0.28816185453101895	2.3364911202237433e-07
ENSG00000115944	-0.5945296884473024	3.473166272684205e-08
ENSG00000115946	0.02532983578586112	0.2165316815224052
ENSG00000115947	-0.176314371827047	0.0037022884168965288
ENSG00000115956	0.405720637667919	4.219558941739691e-06
ENSG00000115963	0.20782101362623706	0.005347862793886262
ENSG00000115966	-0.24913652630840488	0.00015136462412136087
ENSG00000115970	-0.36298208250738284	7.379159499562269e-09
ENSG00000115977	-0.07607697487702225	0.0033272819958255584
ENSG00000115993	-0.47526186921389524	0.019305604885883173
ENSG00000115998	0.5994290042283232	0.19569437059169115
ENSG00000116001	0.358762077533445	1.5808317249599164e-09
ENSG00000116005	-0.4695235712608472	1.274801321611058e-12
ENSG00000116017	0.42461541513547374	0.00021399791234559252
ENSG00000116031	0.476392202075413	0.06858018783592208
ENSG00000116039	1.163736607232682	3.794369648325507e-08
ENSG00000116062	-0.1517509790132081	9.795000591449733e-07
ENSG00000116095	0.17011658642184457	0.03917837658354037
ENSG00000116096	-0.23993727248100427	0.0056896297504508255
ENSG00000116106	0.5363460702361884	0.0060037630979699235
ENSG00000116117	-0.0935877115963315	0.09642856524948377
ENSG00000116120	-0.15133444620941816	0.1677545108052696
ENSG00000116127	-0.49028516962491153	1.450971151887962e-06
ENSG00000116128	0.32925748270191946	0.007580160975707499
ENSG00000116132	0.8764858891234297	6.910462673216386e-08
ENSG00000116133	1.2324720349524547	1.575509849179583e-15
ENSG00000116138	-0.38422604125546655	0.0008512880888298247
ENSG00000116141	-0.22876818781544372	0.02132992599121015
ENSG00000116147	-0.10632692834442814	0.496969696969697
ENSG00000116157	0.6713400202319129	4.83362974442594e-09
ENSG00000116161	0.2771517533019612	6.519098118604219e-09
ENSG00000116171	0.3372905973090745	3.0960030404015684e-10
ENSG00000116191	0.1885824119865056	0.015531484694680223
ENSG00000116194	-0.24871609922248084	0.11779998782665244
ENSG00000116198	0.007171686063429661	0.7519580703453513
ENSG00000116199	-0.2825438488036127	0.00022428007421576777
ENSG00000116205	-0.2908061414796794	0.0746771195373131
ENSG00000116209	-0.17088317686606302	0.062019128814583054
ENSG00000116212	0.822471357208876	0.055041045910611125
ENSG00000116213	-0.09054004904485424	0.5383526736260346
ENSG00000116221	-0.2419138932103415	1.3321880224833678e-05
ENSG00000116237	-0.43158253131808166	0.0001432574895085505
ENSG00000116251	-1.0212256042968448	9.716336642430768e-13
ENSG00000116260	0.9682509072077714	5.501486839738048e-16
ENSG00000116266	0.0125472282073531	0.5421113055856485
ENSG00000116285	0.38100918945832163	0.0009504352620301913
ENSG00000116288	-0.2822064383317411	3.539584707088135e-10
ENSG00000116299	-2.0317693797533742	1.3767696692642282e-15
ENSG00000116337	0.418036836731396	4.061236718030576e-11
ENSG00000116350	0.14713956236638026	0.0019479722272233893
ENSG00000116353	-0.021447349785514547	0.5229841709764471
ENSG00000116406	-0.325992770855116	8.442871089933306e-07
ENSG00000116455	-0.25809438844952126	6.674072801474726e-07
ENSG00000116459	-0.8890441100735345	3.152246692686417e-11
ENSG00000116473	-0.19665255926903313	8.935388433351234e-05
ENSG00000116478	0.09288470900370882	0.025857158643026432
ENSG00000116489	0.5271133955635214	3.152246692686417e-11
ENSG00000116497	-0.24218272777173055	0.209308857518671
ENSG00000116514	-0.16326492062730225	0.9290337528454506
ENSG00000116521	0.4142421867996191	1.0416615746158872e-08
ENSG00000116525	-0.2044951205114245	0.43125570082091824
ENSG00000116539	-0.08718881712699655	0.46638479550359213
ENSG00000116560	0.01497761600004921	0.17425792161412912
ENSG00000116574	-0.4370876937073618	0.47619047619047616
ENSG00000116580	-0.18260962690020222	0.3059030799363722
ENSG00000116584	0.5221057366347033	8.038164938208734e-15
ENSG00000116586	0.36194166142878714	1.6538926277273142e-06
ENSG00000116604	0.3078896575002368	1.8355562791958665e-05
ENSG00000116641	0.2075445320273097	1.752261257598656e-09
ENSG00000116649	0.03278357109204322	0.24649342177531774
ENSG00000116661	-0.7178324579634072	3.5752255702835974e-09
ENSG00000116663	-0.3491612374814679	1.2112313702605198e-05
ENSG00000116667	-0.021006005469203615	0.5532299666570705
ENSG00000116670	-0.0686233009321704	0.4686848883250682
ENSG00000116675	0.9779243008580494	0.0023815357376271934
ENSG00000116678	-0.5306994083554635	0.18781218781218784
ENSG00000116679	0.5743591816169378	3.040434190627826e-13
ENSG00000116685	-0.28316799409495275	0.0017155949743122296
ENSG00000116688	-0.17113251205094215	2.8781703676249523e-06
ENSG00000116690	0.4793469699442987	3.184885569064941e-06
ENSG00000116698	0.012992366886660278	0.2802112681301142
ENSG00000116701	0.9958977125330719	2.0684420735553162e-14
ENSG00000116711	0.5011673185178935	4.070084449144342e-12
ENSG00000116729	-0.49185393348339446	5.041894652584183e-07
ENSG00000116731	0.16711178012437244	0.009969129118204106
ENSG00000116741	-0.298915507606182	0.18981018981018982
ENSG00000116747	0.27170404622218314	6.389383820891407e-08
ENSG00000116748	-0.38024767301012474	0.8080808080808081
ENSG00000116750	-0.06601600751425352	0.17691135924792623
ENSG00000116752	-0.02100934836735746	0.8205884177943333
ENSG00000116754	-0.06613841226816675	0.11334026707829561
ENSG00000116761	-1.597316270785921	7.44073331434573e-14
ENSG00000116771	0.12186747549641197	0.5928428890472028
ENSG00000116774	0.17535328094016478	0.07593522218755093
ENSG00000116785	0.6618678893150793	5.047283891584568e-06
ENSG00000116786	0.537739401302634	7.379159499562269e-09
ENSG00000116791	-0.42646949051503924	8.830029097135824e-08
ENSG00000116809	-0.04181652610597553	0.8070355746686797
ENSG00000116815	0.7793201020201614	5.727542983941473e-08
ENSG00000116819	0.1831038425898086	0.30711964671355685
ENSG00000116824	0.22260913422575968	0.0044264193694951584
ENSG00000116830	-0.038719509203513525	0.8826982740031366
ENSG00000116852	0.9579234696845838	0.0006231206721029072
ENSG00000116857	0.03573434059466507	0.9626614040956036
ENSG00000116863	0.5453640754285409	6.05073234377862e-09
ENSG00000116871	0.3110831304746604	2.563827678363699e-05
ENSG00000116874	-0.46304769268400037	1.4257196835375426e-07
ENSG00000116885	-0.07299991156528307	0.3606096368051055
ENSG00000116898	-0.5350503787053889	1.8541755398374418e-10
ENSG00000116903	0.0007292365626412334	0.33747383561371824
ENSG00000116906	0.7600327641665068	3.033676281732503e-17
ENSG00000116918	0.02037842564308079	0.5202802826617061
ENSG00000116922	-0.36969636371739156	6.378592709275667e-06
ENSG00000116954	0.08231524429999482	0.29338899796798545
ENSG00000116962	0.1021468897145752	0.13794525375096542
ENSG00000116977	0.06928549085458968	0.14469760020468053
ENSG00000116984	-0.5985156667403722	6.385836553072383e-17
ENSG00000116991	-0.14726433285374085	0.06644526310458998
ENSG00000117000	-0.16617215215199366	0.14222052540906233
ENSG00000117009	0.10638850849519343	0.5483872507917508
ENSG00000117020	0.34064682060608575	0.0001025286060390023
ENSG00000117036	-0.798647701734243	2.059760582897777e-05
ENSG00000117054	-1.0062009512676582	6.986876443742836e-16
ENSG00000117090	-2.162858062038003	0.015873015873015872
ENSG00000117091	0.1903458026850835	0.13250605410106364
ENSG00000117114	-0.20377016390180813	0.005737466917286062
ENSG00000117115	0.3697690917406078	7.3342957360015755e-06
ENSG00000117118	0.06978820644023287	0.9684663264600076
ENSG00000117122	1.1364592328917702	3.9364951624615547e-14
ENSG00000117133	-0.4354860401072287	0.00024426709223181463
ENSG00000117139	0.13492297440583556	0.004193662955963722
ENSG00000117143	-0.3475714895124504	1.801511345728912e-05
ENSG00000117148	-0.2512313965193975	0.34285714285714286
ENSG00000117151	0.6663408567317113	3.512326982502653e-12
ENSG00000117153	-0.1932843541676963	0.5734265734265734
ENSG00000117155	-0.8617787950984415	0.00025799793601651185
ENSG00000117174	0.23574992102449244	0.0682508820953209
ENSG00000117222	-0.11412180246163928	0.0003265902508067955
ENSG00000117226	0.012864378990755654	0.8257349176899519
ENSG00000117228	0.9612050143585051	4.1965608365544934e-14
ENSG00000117266	0.24355884734131195	0.00022827371883393124
ENSG00000117280	0.07234996688821127	0.3545091017282618
ENSG00000117298	-0.18868445289204416	0.0009320405834651927
ENSG00000117305	0.17526299604849171	0.18230834825354691
ENSG00000117308	0.4759754980223505	1.6394550701916036e-11
ENSG00000117322	0.2629141009815825	0.26534455512752
ENSG00000117335	-0.2828963376490492	0.002271114566460635
ENSG00000117360	-0.07812514482487387	0.016629412226052902
ENSG00000117385	0.8322760590316314	1.5831303633592726e-13
ENSG00000117394	0.8710586322398797	8.699707081547364e-10
ENSG00000117395	0.0007424594067870771	0.7565508681960509
ENSG00000117399	0.15227744048864977	0.6271486148669245
ENSG00000117408	-0.058254891823491306	0.4817257666394016
ENSG00000117419	-0.20985469136632773	0.0004274974814920865
ENSG00000117448	-0.2611661479976348	0.00017297515388215267
ENSG00000117472	1.4014598082862335	2.896064218307098e-11
ENSG00000117475	-0.18293520276742825	0.3084080579153825
ENSG00000117480	-0.8038385786879942	2.0635405306069993e-11
ENSG00000117481	-0.09168438709486182	0.1509523226663994
ENSG00000117500	-0.5496966714887925	1.6538926277273142e-06
ENSG00000117505	0.8836106544687716	1.4619210482549633e-11
ENSG00000117519	1.0089587335585044	1.4013357117181946e-14
ENSG00000117523	-0.09616188726657171	0.0017155949743122296
ENSG00000117525	0.9705655032489737	4.2663332754777236e-10
ENSG00000117528	0.2300255781590863	0.0050041826318955014
ENSG00000117533	-0.6261128666103453	4.7712322243196e-09
ENSG00000117543	-0.5494210592545627	2.1853339780586376e-07
ENSG00000117569	-0.18348592995579338	0.0014874761962627267
ENSG00000117586	0.21986746094973952	0.1860558008707751
ENSG00000117592	-0.39947033276152766	2.564963486312211e-10
ENSG00000117593	-0.24144394355212384	0.000669378722636705
ENSG00000117594	0.4525763445258413	0.000556946087957298
ENSG00000117595	-0.027887827571944968	0.4377056023964736
ENSG00000117597	0.08954049182529644	0.202567292235876
ENSG00000117602	-0.32119328916708056	0.22443651510521812
ENSG00000117614	-0.25614419316799797	1.9308107997292904e-05
ENSG00000117625	-0.3889809861796216	8.450423639577487e-12
ENSG00000117632	0.6378208682172932	2.119645872392172e-11
ENSG00000117640	0.26735663055686487	0.004280709984384025
ENSG00000117643	0.268983170191202	0.0032175232438579286
ENSG00000117676	0.32608023099172456	1.6538926277273142e-06
ENSG00000117682	-0.24444751542381127	0.3501939237233355
ENSG00000117691	-0.24015103207977972	0.0008522476988242955
ENSG00000117697	-0.09106515789220992	0.16776307325251139
ENSG00000117707	-0.6191977932691302	0.0009280627615406841
ENSG00000117713	-0.1928877668029756	8.19499251730903e-05
ENSG00000117724	0.7287976362156492	1.0898764285458373e-05
ENSG00000117748	0.384635571640743	3.0125308146470174e-08
ENSG00000117751	0.08112428673053529	0.02786216737762608
ENSG00000117758	0.5202352915664363	2.0589051580956496e-12
ENSG00000117791	-1.0534316069002898	1.4630987651645455e-09
ENSG00000117859	0.3322029452226296	1.9459950446978166e-11
ENSG00000117862	-0.09393181325135913	0.04832332450132777
ENSG00000117868	0.2753102149877371	8.432918068740771e-08
ENSG00000117877	-0.30178263407456996	4.592820041481411e-06
ENSG00000117899	-0.4255908574299134	2.241243047612468e-10
ENSG00000117906	0.5908068440545229	2.8805334987780226e-15
ENSG00000117983	1.2256497454659723	3.760149443735435e-09
ENSG00000118004	-0.3250571985149868	0.0037022884168965288
ENSG00000118007	-0.1386508290562105	5.284908005778753e-05
ENSG00000118046	0.040977738317419465	0.39571161000736577
ENSG00000118058	0.05264442185097096	0.04001657174220637
ENSG00000118094	-0.6013664925672586	0.007679920723398985
ENSG00000118096	0.028331732302419255	0.9180801159182908
ENSG00000118113	0.38348879771443833	0.06141681359961317
ENSG00000118137	0.673110523811431	6.05073234377862e-09
ENSG00000118162	-0.11734650501627542	0.1589054357485683
ENSG00000118181	-0.7626622590065395	1.8665922353746963e-08
ENSG00000118193	-0.12552800299512867	0.3858174356668397
ENSG00000118197	-0.21835298524556634	0.0030278923339942814
ENSG00000118200	0.4617293871560264	1.451301973089089e-10
ENSG00000118217	-0.04670841623506661	0.3527895047122853
ENSG00000118242	-0.4415647993405116	0.09999999999999999
ENSG00000118246	-0.49179560358992447	1.8446391458549286e-09
ENSG00000118257	0.6626057224332307	4.714410398983432e-12
ENSG00000118260	-0.14717536525407482	0.01449584131950983
ENSG00000118271	0.1343228139285273	0.1059546385742911
ENSG00000118308	-0.9559646827107642	3.5476088901786184e-13
ENSG00000118322	0.3129816897204627	0.2748046587055875
ENSG00000118363	-1.2935784836134907	3.0140408212909165e-10
ENSG00000118369	-0.3121718911368916	0.026428946147557038
ENSG00000118407	0.11070966326163045	0.6656366320080391
ENSG00000118412	-0.4283955943242219	0.04366958957069318
ENSG00000118418	-0.5791527451343441	3.539584707088135e-10
ENSG00000118420	-0.18075616541239903	0.5532212885154062
ENSG00000118454	-0.4030441285752566	0.010251117991056071
ENSG00000118473	0.4329404162228734	0.00020501731733111106
ENSG00000118482	-0.129025315967489	0.00010978402865376545
ENSG00000118496	0.004605748869781934	0.8934582518452621
ENSG00000118503	0.11490221369166775	0.09233127381423913
ENSG00000118507	-1.6252351964366056	7.28345316228851e-15
ENSG00000118508	0.4094080284856467	1.6326471013712265e-07
ENSG00000118518	0.16185811025911434	0.024768428113664483
ENSG00000118520	0.3063575930345195	0.0316116878634927
ENSG00000118523	0.7490585726928352	1.266305544475628e-11
ENSG00000118579	-0.30622654571648766	3.9551595366318696e-07
ENSG00000118596	-1.7365834517801026	3.9364951624615547e-14
ENSG00000118640	-0.14156580952818842	0.08233023307216039
ENSG00000118689	-0.5359615067485528	3.785142059111026e-09
ENSG00000118705	-0.8178146128799142	1.752261257598656e-09
ENSG00000118729	-0.09512763831563475	0.22115384615384617
ENSG00000118762	-0.014687057449325636	0.885845409359862
ENSG00000118777	0.3561733354444847	0.058670584160405374
ENSG00000118785	0.5631053540493518	0.00013685323021515882
ENSG00000118804	0.17735928538149182	0.02961425752256059
ENSG00000118849	0.28886321886846034	0.037077373867894746
ENSG00000118855	0.1159483685825542	0.42260138538140113
ENSG00000118873	0.2687323826818009	3.0644807476871736e-11
ENSG00000118898	0.8065633770000602	1.0154722072005108e-15
ENSG00000118900	-0.1761791139616129	0.1408712981339177
ENSG00000118922	0.3905746862835251	0.09999999999999999
ENSG00000118939	-0.0830509814048419	0.13143841961412725
ENSG00000118960	0.30110517281666205	6.692964083323971e-08
ENSG00000118961	-0.494502009775168	4.54331197820597e-11
ENSG00000118965	-0.32248274947849964	4.8293447820601993e-08
ENSG00000118971	-0.6522284319571945	0.1062937062937063
ENSG00000118985	-0.6082045409016139	0.04073674609143717
ENSG00000119004	-0.5740940179404532	1.4583510406763832e-07
ENSG00000119013	-0.7109414082937064	8.240903001262842e-08
ENSG00000119041	-0.25327550998161996	1.1359353070363316e-07
ENSG00000119048	-0.07220096073332627	0.270052711095635
ENSG00000119125	0.48749139784804996	0.00010429879933316817
ENSG00000119185	-0.2670053221463675	1.0029314497226806e-05
ENSG00000119203	0.2643171948423664	3.8821666193079077e-07
ENSG00000119231	0.31701304602587754	0.08070929888980176
ENSG00000119242	-0.0593861336222794	0.30910143337045004
ENSG00000119280	0.603295156703183	1.663177609807169e-10
ENSG00000119285	0.10553440433572803	0.014663931746286437
ENSG00000119314	0.37375765870886823	5.6151633966521214e-09
ENSG00000119318	-0.06755904919565836	0.301102927810435
ENSG00000119321	0.1890519924403904	2.6599252469511555e-05
ENSG00000119326	-1.1470040556771863	7.012173038963984e-13
ENSG00000119328	-0.20451138038577454	0.004576931672463422
ENSG00000119333	0.33806607236962805	0.2578810389178283
ENSG00000119335	-0.32330397474564876	4.3301343964209795e-07
ENSG00000119383	-0.06280513957199574	0.20215931268759701
ENSG00000119392	-0.250488898357883	0.0009514124831730138
ENSG00000119396	-0.0958016622781166	0.026987028458235883
ENSG00000119397	-0.0623199625797497	0.21180649469518087
ENSG00000119401	-0.1520708504974344	0.002829316917970812
ENSG00000119402	-0.1452484254537758	0.017399488775692782
ENSG00000119408	0.20962997962727314	9.738663557820941e-05
ENSG00000119411	-0.43316196018584563	6.88464693379791e-05
ENSG00000119414	0.04825996682985334	0.2283259240637443
ENSG00000119421	-0.4883408742254396	2.6380153835865803e-09
ENSG00000119431	-0.09888236273688733	0.14241923395062991
ENSG00000119446	-0.050178341153745976	0.5324952802162101
ENSG00000119471	-0.8224530738377105	7.680037636373198e-14
ENSG00000119487	0.10544574389641781	0.007319946493312221
ENSG00000119509	-0.7069996497994673	0.19775268210050814
ENSG00000119514	0.23004633327321145	0.0035102309346505614
ENSG00000119522	0.05031493054871916	0.5122120710764757
ENSG00000119523	-0.9129175096751538	3.812472504174455e-14
ENSG00000119537	0.09754023716751448	0.28580880246550133
ENSG00000119541	0.18845644182961507	1.4002323975125134e-06
ENSG00000119559	0.660536245429995	2.8203258862963574e-06
ENSG00000119596	-0.22805698518378037	3.231559180388467e-09
ENSG00000119616	-0.30055054146446736	0.0002508455841233401
ENSG00000119632	0.6390653337199197	4.455391308999474e-05
ENSG00000119638	0.0738582299652748	0.04555627783378202
ENSG00000119640	0.13873579959733817	0.02727606754089589
ENSG00000119650	-0.059667410361640805	0.28592153951455646
ENSG00000119655	0.22306893991367716	0.0031958164353829074
ENSG00000119661	0.07305846662514881	0.12090180772120833
ENSG00000119669	0.08063144065111771	0.04001657174220637
ENSG00000119681	0.9466544601731357	3.242471211830329e-11
ENSG00000119684	-0.1458410787898572	0.3010665804783452
ENSG00000119688	-0.11095041860511401	0.3411606266705748
ENSG00000119689	-0.5417097058564408	1.9694817986712155e-13
ENSG00000119698	0.045126605655600116	1.0
ENSG00000119699	0.7475343660673772	4.1583439987793754e-09
ENSG00000119705	-0.2571083755210921	0.000565596865684206
ENSG00000119707	-0.33504148355402563	4.4994635856947033e-10
ENSG00000119711	-1.3424653250671383	2.592945491703989e-14
ENSG00000119718	0.003726584960137558	0.6757966444050892
ENSG00000119720	-0.21026704735899315	0.0009081470180409894
ENSG00000119723	-0.4140830297636846	9.080910264180866e-06
ENSG00000119725	0.42122277117017504	0.05779233879858739
ENSG00000119729	-0.21536074279149275	0.03688858188968149
ENSG00000119760	-0.1279255457211903	0.06949749068806638
ENSG00000119771	-0.05134015429393202	0.5638125800855405
ENSG00000119772	-0.41373946474895007	0.0015059472457802125
ENSG00000119777	-1.413839121816487	4.943781822735318e-08
ENSG00000119778	-0.1771743976451816	0.11922651092295888
ENSG00000119782	-0.4931280943902614	2.085891973729494e-09
ENSG00000119787	-0.13572654122788208	0.01990040167993078
ENSG00000119801	0.455987595976616	3.986754508455246e-06
ENSG00000119812	-0.403871416632267	8.809660114032646e-07
ENSG00000119820	0.47713537643886994	0.0007028448506415725
ENSG00000119844	-0.36392251213246496	1.8271117947024693e-12
ENSG00000119862	-0.3411985530522479	3.0125308146470174e-08
ENSG00000119865	0.5322024488432611	1.6885466039111573e-06
ENSG00000119866	0.08273506658544605	0.8705882352941177
ENSG00000119878	0.06884694427625604	0.6456466221583547
ENSG00000119888	-0.1734551563495792	0.18643552769774507
ENSG00000119899	-0.1465967077864896	0.10685641785932748
ENSG00000119900	-0.02311222925001033	0.8984795791059687
ENSG00000119906	0.18875066795114748	0.04073674609143717
ENSG00000119912	-0.22829459145241415	0.0002443180132646028
ENSG00000119917	0.8037518511320698	3.31085285421857e-12
ENSG00000119922	0.5195232831173549	2.9417576394476822e-08
ENSG00000119927	-0.16052797537646057	0.20383693343562892
ENSG00000119929	-0.26590477102897125	3.89498008227162e-06
ENSG00000119943	-0.537273165354474	0.0011350519844622261
ENSG00000119953	0.17238825159510185	0.10416919331296227
ENSG00000119965	-0.11820488326245382	0.7155297324850222
ENSG00000119969	-0.1450909729442671	0.7798953017313087
ENSG00000119977	-0.44602729088099125	0.004294759751880754
ENSG00000119979	-0.06721980260143923	0.03615407671533947
ENSG00000120008	-0.2482869292663743	4.396740087326614e-08
ENSG00000120029	0.009129954332358636	0.8498287284002443
ENSG00000120053	-0.029771192844176397	0.4857967283664536
ENSG00000120054	0.10752088981645969	0.07802028275311251
ENSG00000120057	-1.3825736568300648	3.10896422431118e-11
ENSG00000120063	-0.03166216293831425	0.2656505047503894
ENSG00000120071	-0.27684051612814997	0.00304103984439365
ENSG00000120129	0.2838536590193854	0.43111731898917255
ENSG00000120137	0.7156867498728054	0.0030721348852605804
ENSG00000120158	0.43292099250250615	1.999403107631336e-09
ENSG00000120159	-0.502378731073609	8.994777442699213e-14
ENSG00000120162	-0.3988038836097658	0.0003505833416126087
ENSG00000120217	0.19823739919368677	0.8713265996650843
ENSG00000120253	-0.11890813645292297	0.02786216737762608
ENSG00000120254	-0.24603535320944658	0.0007788299340251591
ENSG00000120256	-0.688636269723947	0.019230769230769232
ENSG00000120262	0.1047875211742273	0.5477842121794264
ENSG00000120265	-0.23776067406543078	1.8342708111409133e-06
ENSG00000120278	0.16174426426873367	0.039217227747902414
ENSG00000120279	-0.17568728667557387	0.0645325214635602
ENSG00000120306	0.43662580148825825	0.0001247672736275005
ENSG00000120314	0.06012143307716755	0.3654270927938317
ENSG00000120318	0.3083080811111536	0.00027836716966010873
ENSG00000120332	0.6800313341649193	1.5857373337593853e-08
ENSG00000120333	-0.6763152869226126	1.8134225660642844e-05
ENSG00000120341	-0.980659309685656	1.4929774475812127e-11
ENSG00000120370	0.004222072924829234	0.9552008827846545
ENSG00000120437	0.20573614925280737	0.003417642201431719
ENSG00000120438	-0.13708022644402362	0.0008395816967150168
ENSG00000120451	-0.15300218164137291	0.29309662207103016
ENSG00000120457	-2.333021002708545	1.8762228445365807e-16
ENSG00000120458	-0.14104648043460344	0.11251422573984975
ENSG00000120509	0.04183786808533796	0.3502001942354852
ENSG00000120526	0.037374367091533856	0.45761278910816405
ENSG00000120533	-0.2089044922192791	3.74180278278298e-06
ENSG00000120539	-0.29322796869027457	0.09483266991006929
ENSG00000120549	0.3429831416378626	4.9560979220365204e-09
ENSG00000120594	0.5621053504945621	1.6220900450501106e-09
ENSG00000120616	-0.16113590278510515	0.018731841540851547
ENSG00000120656	0.030640850895302663	0.3561610933240923
ENSG00000120662	-0.35504796276844885	0.0007249826695251891
ENSG00000120675	0.5284673352471358	0.05489454185106359
ENSG00000120685	-0.17655054256106695	0.041135496199450505
ENSG00000120686	-0.17635169308107024	0.17294240030644425
ENSG00000120688	0.018797811796037678	0.5643898599097756
ENSG00000120690	-0.22559977165477108	2.2114573017562018e-05
ENSG00000120694	0.43537790320414516	9.785794775474703e-15
ENSG00000120697	-1.439902239729502	6.3511296039951e-13
ENSG00000120699	-0.06615175050788835	0.013211170215203672
ENSG00000120705	-0.6452922690915237	9.767426685002154e-12
ENSG00000120708	0.8036187473127718	2.858142046594816e-13
ENSG00000120725	-0.5520518034211115	1.1771993988818734e-08
ENSG00000120727	-0.33756314240519103	1.5795024653608748e-05
ENSG00000120733	-0.018528243377431863	0.54763959122705
ENSG00000120738	0.13102010275331466	0.7835201256486277
ENSG00000120756	0.4085261094383199	2.8203258862963574e-06
ENSG00000120800	-0.18745284456346312	2.053055275219289e-05
ENSG00000120802	0.1775517369154329	9.907294667777274e-05
ENSG00000120805	0.0620097312233483	0.40409448507719403
ENSG00000120820	0.45270604637060785	0.0004831992111802258
ENSG00000120837	-0.264978895778647	0.0001858199820350194
ENSG00000120860	0.003253738764080083	0.9088934243953065
ENSG00000120868	-0.030432479532013446	0.4475962878852464
ENSG00000120885	0.11178749957890588	0.04646340637424083
ENSG00000120889	0.14946263689931882	0.19005726953848323
ENSG00000120896	0.3019383858031297	1.2345515282026393e-05
ENSG00000120899	0.3019924118594055	0.00022518163747767988
ENSG00000120910	-0.01613918561724148	0.6111923148778916
ENSG00000120913	0.5369073544337155	2.674455150498899e-08
ENSG00000120915	-1.1915111599777823	2.947904463817858e-13
ENSG00000120925	-0.1043978746695764	0.9974576810788359
ENSG00000120942	-0.35824782424110424	0.023794237395699695
ENSG00000120948	-0.028062457025413323	0.18643552769774507
ENSG00000120963	-0.3994538860426182	9.324903920794272e-05
ENSG00000120992	0.3202740319101238	1.342921839689664e-06
ENSG00000121005	-1.1221010291453268	0.0035785953177257528
ENSG00000121022	0.21443872644042727	0.006297753882692676
ENSG00000121039	0.2791247580676277	0.016819071503882333
ENSG00000121053	0.7157290297390233	0.002031635721847009
ENSG00000121057	-0.12270929827394284	0.036900084104870376
ENSG00000121058	-0.05315627704169401	0.06995140689919038
ENSG00000121060	0.12922621229158437	0.1626843808044769
ENSG00000121064	0.6348498059133689	2.3749558874673965e-11
ENSG00000121067	1.03731045571031	0.07272727272727272
ENSG00000121068	0.10464796555662659	0.9222636250562741
ENSG00000121073	-0.24198020349920668	0.05374598524071324
ENSG00000121104	-0.5856553598539946	4.613878001039845e-06
ENSG00000121152	0.3872985289631323	4.948154702246751e-06
ENSG00000121210	-0.30024667716009645	0.02823901823479739
ENSG00000121211	0.03436443165021075	0.8320040285726364
ENSG00000121270	0.26013934311908216	0.23393659414117618
ENSG00000121274	-0.2071582301231949	0.0009595762966885125
ENSG00000121281	0.2139250020778558	1.0
ENSG00000121289	0.20617387086678818	0.2112995473337107
ENSG00000121297	0.4193858460659019	0.004607106000294854
ENSG00000121310	-0.12343820672094097	0.401197275510943
ENSG00000121316	0.8714862026131627	9.716336642430768e-13
ENSG00000121350	0.11513912946641014	0.27938110440177233
ENSG00000121351	-0.8747786552420074	0.031015755734503825
ENSG00000121361	-1.0135364535720193	3.6983103344659408e-06
ENSG00000121380	0.22668170283164812	0.3515328924381943
ENSG00000121390	-0.03261974061313566	0.7064758703862268
ENSG00000121406	-1.6892932077540728	1.2806659242871606e-06
ENSG00000121410	0.2710612379491302	0.00015651538875908344
ENSG00000121413	-0.259366820492577	0.0006796429211490638
ENSG00000121440	0.09552199965434127	0.6774737802013717
ENSG00000121481	0.08749644189683892	0.34997291101484684
ENSG00000121486	-0.14301737140680615	0.005201531567795903
ENSG00000121542	-0.13474002573346766	0.39988367005572734
ENSG00000121552	0.6134807029413061	3.4350102364721986e-05
ENSG00000121578	0.5350306390215245	4.872642505119865e-10
ENSG00000121579	-0.0850903102527063	0.06556970462537255
ENSG00000121644	-0.07070136367811841	0.842618340050774
ENSG00000121671	-0.3219758968191755	0.0050774827133982185
ENSG00000121680	0.24688094723247644	0.01189988646136959
ENSG00000121741	0.20894894055676616	4.5229449804755814e-07
ENSG00000121749	-0.22374043011827283	2.997292779370962e-06
ENSG00000121766	-0.7289490394152374	3.388173155769744e-12
ENSG00000121774	0.21984652453955178	3.3294331612901204e-07
ENSG00000121797	-0.09764376592881163	0.9272644735252321
ENSG00000121851	-0.3237284647799541	0.22173802513948615
ENSG00000121858	0.6787162980743346	2.718191867810621e-06
ENSG00000121864	0.13195127068531676	0.26648408032111504
ENSG00000121879	0.06836662969175933	0.07059654851068277
ENSG00000121892	0.046406519504927246	0.19063134237344548
ENSG00000121897	-0.25214248150753704	0.0044382984192805125
ENSG00000121898	0.6961525359588094	1.9051777757243647e-10
ENSG00000121931	-0.15868613242414398	0.05480515343935806
ENSG00000121940	-0.6688527614344153	1.9587064747065807e-08
ENSG00000121964	-0.3590663021414109	0.0011669194686931002
ENSG00000121989	1.1106530306016182	6.621300929005492e-06
ENSG00000122008	-0.19054236301559158	0.015954307654266635
ENSG00000122026	-0.6328705057258546	3.0140408212909165e-10
ENSG00000122033	-0.5717989061419964	4.5880818119087395e-15
ENSG00000122034	-0.15550372283823677	0.15761001746598768
ENSG00000122042	-0.440051730898233	0.0009509249893595274
ENSG00000122068	-0.10052639787383555	0.11524863337218312
ENSG00000122085	-0.8455590544286906	1.8851238579246032e-13
ENSG00000122121	-0.12015388163013796	0.44432427293383914
ENSG00000122122	0.07027115824442731	0.12827550550169997
ENSG00000122126	-0.04449507578679146	0.06741905437952835
ENSG00000122133	0.8342395928073358	0.018778597032656462
ENSG00000122140	-0.039321145567086546	0.4634317268191762
ENSG00000122176	0.624399552798419	4.097188876019721e-08
ENSG00000122188	0.25638854845075265	0.13333333333333333
ENSG00000122194	0.38081462023422574	0.0004142700707433524
ENSG00000122203	-0.2739708869138404	5.463151499427572e-06
ENSG00000122218	-0.11872608354827108	0.009940404059448817
ENSG00000122224	0.44542308941862174	0.19393939393939394
ENSG00000122257	-0.16409567785578005	7.915393121225426e-05
ENSG00000122299	0.020838921802901922	0.5311389029835243
ENSG00000122335	-0.9664809481380132	2.2437805539675317e-12
ENSG00000122359	0.6682717000435012	1.802446431514089e-15
ENSG00000122367	-0.49877991139163314	7.053376064857872e-06
ENSG00000122378	-0.39926889692418754	0.0014662732225696165
ENSG00000122390	0.13986052197155274	0.5028011204481793
ENSG00000122406	-0.613218498952353	1.7467186410162175e-07
ENSG00000122435	-0.48285994068167426	8.167944222232247e-10
ENSG00000122481	-0.21136986218160558	0.15363297104841
ENSG00000122482	-0.14882441688205716	0.03482571419099885
ENSG00000122483	0.4717083844364218	0.2771241830065359
ENSG00000122484	-0.47390291896566694	0.00041842451453097873
ENSG00000122490	-0.2845959607991766	0.0340458599812855
ENSG00000122507	-0.008144641200299674	0.5904881328718075
ENSG00000122512	-0.19512948277298392	0.0003828550099817106
ENSG00000122515	0.02788524694060257	0.2978522110292773
ENSG00000122545	0.3645047736584317	7.753242229371678e-09
ENSG00000122547	0.19597822302146994	0.00035367762326790945
ENSG00000122550	-0.6734728627273974	0.003317116320212295
ENSG00000122557	0.4031009036595883	0.019139803500721243
ENSG00000122565	0.19786958110085706	0.0013842167729265708
ENSG00000122566	0.010634896373538538	0.8270662613117976
ENSG00000122574	-0.2287256533438793	0.01642953082339909
ENSG00000122585	-1.344243603279839	1.5802645711336119e-10
ENSG00000122591	0.20846452778496882	0.0035901759767249073
ENSG00000122641	1.553961975665647	1.37980241741513e-17
ENSG00000122642	0.39192610506409764	8.62926206140546e-08
ENSG00000122643	0.14778818604177246	0.08233023307216039
ENSG00000122678	-0.2821241365225582	0.005977222267908911
ENSG00000122687	0.03767623185405711	0.5495147824094211
ENSG00000122692	0.24493277299119143	3.856070216771728e-09
ENSG00000122694	0.3741326083453842	1.3071103968870308e-05
ENSG00000122696	-0.4265765527590162	0.007855271422937384
ENSG00000122705	0.25334567504591377	0.0015977918688228959
ENSG00000122707	-0.21823689679024838	0.004629664681692187
ENSG00000122711	0.6677968576667226	0.10856788031837791
ENSG00000122729	-0.610215838550797	1.0321983030582986e-12
ENSG00000122741	-0.5122876677415036	2.4493938875129506e-07
ENSG00000122779	-0.24354774486094044	6.124149960179205e-07
ENSG00000122783	-0.6761733585184686	0.00812550720343267
ENSG00000122786	0.9142689611688759	1.3538025361011805e-13
ENSG00000122861	1.359416653486722	3.4977820101014053e-17
ENSG00000122862	0.06271413375199941	0.49193025447254557
ENSG00000122863	0.1240333230741939	0.23818995909366003
ENSG00000122870	0.1973283971500983	0.0032391027870019885
ENSG00000122873	-0.5375211421696768	7.379159499562269e-09
ENSG00000122877	-0.2840350559577587	0.14687535643182448
ENSG00000122882	0.2703626654302447	0.0005394160063919162
ENSG00000122884	1.2566736282027442	3.1087061591124088e-18
ENSG00000122912	-0.7989662303992588	2.3078864156619663e-06
ENSG00000122952	0.22199932413075274	0.440934065934066
ENSG00000122958	0.15328549713723305	0.00013009900171646527
ENSG00000122965	-0.09267074007714982	0.04124147934801532
ENSG00000122966	0.4120530240430682	0.0005265938978320605
ENSG00000122970	-0.15532350401272055	0.0015886927798155375
ENSG00000122971	-0.6002587192690427	1.736259796682411e-08
ENSG00000122986	-0.013947821080122935	0.6926262145438327
ENSG00000123064	-0.1572855845341934	0.001306413833495326
ENSG00000123066	-0.06302976039588515	0.32246377021752004
ENSG00000123080	0.3117617189124253	0.008299278640780517
ENSG00000123091	-0.16198157396496526	0.33385443443022034
ENSG00000123094	0.14644294340015662	0.10846192027961431
ENSG00000123095	-0.5992107329170189	0.05067079463364293
ENSG00000123096	0.5005749056323765	0.014716339569308937
ENSG00000123104	-0.44367005851201924	3.556304957784095e-08
ENSG00000123106	-0.5398101382279137	1.4205665527237882e-11
ENSG00000123124	-0.3645236533601839	0.021305976787781816
ENSG00000123130	0.1876017318547305	5.865831946372847e-07
ENSG00000123131	-1.1642874757620838	1.1941341292650992e-13
ENSG00000123136	0.4929225081587667	3.948765295057326e-11
ENSG00000123143	0.2818293652550601	1.9108578630682354e-07
ENSG00000123144	0.08784886488511745	0.3149246189991698
ENSG00000123146	0.47163671489443004	6.691419297986113e-10
ENSG00000123154	-0.25263722054542015	0.0012977429786576484
ENSG00000123159	0.37448970072643206	8.145739132219979e-09
ENSG00000123165	0.6015844747190222	0.0006232171885677211
ENSG00000123178	-0.2891310040096471	4.136066020533613e-06
ENSG00000123191	-1.170717884233266	1.5875099085598228e-10
ENSG00000123200	-0.12549967851139598	0.00947174384612986
ENSG00000123213	0.013176398706370662	0.7948034199273442
ENSG00000123219	-0.13266684463233247	0.7213962508080154
ENSG00000123240	0.33863624731343833	2.4307859321761155e-08
ENSG00000123243	-0.6364908165181546	9.165285506514251e-15
ENSG00000123268	-0.18661946317750022	0.194911999234046
ENSG00000123297	-0.09317155718507664	0.027567774007998508
ENSG00000123329	0.39964449123174717	6.88464693379791e-05
ENSG00000123338	0.5040566185423536	1.021813720170906e-06
ENSG00000123342	0.1449543231166004	0.0074875533967397
ENSG00000123349	-0.025096734221097705	0.8303096305214165
ENSG00000123352	-0.10218846040004692	0.025581166746865832
ENSG00000123353	0.35471981449267176	0.09156203189504955
ENSG00000123358	-0.6899005088379973	0.0047756406219911195
ENSG00000123360	0.13144536204230306	0.1895017325457239
ENSG00000123374	0.07539273843953254	0.13466145864992848
ENSG00000123384	0.4631426190987007	2.2639564512410234e-09
ENSG00000123395	0.4095151893258979	0.0002756283491853822
ENSG00000123415	-0.37937425238159506	6.666214868075914e-06
ENSG00000123444	-0.19720604224529836	0.011626224606376327
ENSG00000123453	-1.7712604267658314	2.8559239923796704e-14
ENSG00000123454	-0.42932908150612903	0.0897986252220705
ENSG00000123472	0.3308004477449842	0.004280709984384025
ENSG00000123485	-0.26998925275255203	0.308365659556937
ENSG00000123500	1.18514467991357	5.413505778003349e-15
ENSG00000123545	-0.6557880372822957	3.4305668293063134e-11
ENSG00000123552	-0.5883247467199499	0.02726416133334965
ENSG00000123560	-0.5367063215282144	0.07036498293450463
ENSG00000123561	0.2642142216272241	0.007884895380238607
ENSG00000123562	0.3306553209972769	3.367253742994951e-08
ENSG00000123570	-0.38190419064543235	0.3676323676323677
ENSG00000123572	0.49522238162319	0.029296077558506713
ENSG00000123595	-0.33306959789214474	8.432918068740771e-08
ENSG00000123607	-0.28279594930767615	7.117433616906725e-07
ENSG00000123609	0.7158983350302464	1.4812811806251445e-16
ENSG00000123610	1.3192719480056674	4.813504922805344e-17
ENSG00000123636	-0.24786512958410256	0.09559767328205789
ENSG00000123643	0.23837380507146122	0.12540397108754756
ENSG00000123684	0.5817790456153631	2.006403763441785e-08
ENSG00000123728	0.17654394705625975	0.06362137921318517
ENSG00000123737	-0.19167528946574208	0.00013685323021515882
ENSG00000123810	-0.10320333888136801	0.11239067985381135
ENSG00000123815	0.25985984287770947	6.196373392783023e-05
ENSG00000123836	0.23140658254176572	0.0036533986158930184
ENSG00000123838	0.5817974483368147	3.8821666193079077e-07
ENSG00000123843	0.5102491209221895	1.6538926277273142e-06
ENSG00000123892	0.14876209272223662	0.8361680882047013
ENSG00000123908	0.3364682981459559	2.858142046594816e-13
ENSG00000123975	-0.47054667339239487	0.09923409923409923
ENSG00000123983	0.1956027010404533	0.007788105976988035
ENSG00000123989	0.4165714561383389	5.93707996707693e-07
ENSG00000123992	0.027827235501320047	0.33747383561371824
ENSG00000124006	-0.19071484682193685	0.0008522476988242955
ENSG00000124067	0.08191659772215232	0.3368737006227521
ENSG00000124074	-0.40749063893076	0.0005267605194667845
ENSG00000124098	-0.40055908228351456	0.0005132345897638308
ENSG00000124102	1.3576928466242144	4.1943596447956566e-09
ENSG00000124104	0.3687833544423249	4.746152490277278e-05
ENSG00000124107	1.4011438703064698	2.279550454447319e-15
ENSG00000124120	0.17348622019299853	0.016019866618824864
ENSG00000124126	0.38795028380674523	3.25695717858146e-07
ENSG00000124145	-0.37809092258600074	0.00014637374090449847
ENSG00000124151	-0.029508616697174972	0.32579934187397586
ENSG00000124155	0.35250654420367766	5.2101578352234224e-09
ENSG00000124157	1.7498056261636883	1.678064379881777e-05
ENSG00000124160	0.12353830987814263	0.004280709984384025
ENSG00000124164	-0.2217705564515171	0.004169803662131638
ENSG00000124171	0.6020129655267361	8.053124667906289e-08
ENSG00000124172	0.1566219854419515	0.536610997022333
ENSG00000124177	-0.289435758996877	0.0006791856489907775
ENSG00000124181	0.41995630324160516	5.787233285740871e-12
ENSG00000124191	0.014955896331379392	0.5476190476190476
ENSG00000124193	-0.9204121672356962	5.618214746937904e-10
ENSG00000124198	-0.7308652065707868	4.672321358940423e-11
ENSG00000124201	0.35219584586866404	1.1588871188305543e-09
ENSG00000124205	-0.14957312805681156	0.46853146853146854
ENSG00000124207	0.21608472300743742	5.6730986350955516e-05
ENSG00000124209	0.07984338637382393	0.13143841961412725
ENSG00000124212	0.2058858661816103	0.029686056405322115
ENSG00000124214	-0.0007125218196044614	0.8465688054155887
ENSG00000124216	0.05004451113252095	0.8636363636363636
ENSG00000124217	-0.29528035500282357	1.1487882945640048e-08
ENSG00000124222	-0.6749880543869935	0.0008866383494565216
ENSG00000124225	0.08697948709674108	0.4522136815850589
ENSG00000124226	0.1671277922304597	0.014329452232439673
ENSG00000124228	-0.08218008637266294	0.03652545761440302
ENSG00000124232	-1.6264726619844723	2.462088306935734e-10
ENSG00000124253	-0.12292705947071525	0.2725231601717948
ENSG00000124256	-0.3031180615365159	0.11798405462126518
ENSG00000124275	-0.44631714808129885	1.4086712140194048e-07
ENSG00000124299	0.29783740973116934	4.8293447820601993e-08
ENSG00000124313	0.0013600420830393034	0.9739393493335337
ENSG00000124333	0.022319083939468243	0.5042096019644626
ENSG00000124356	0.05061350364280415	0.035059190522443225
ENSG00000124357	0.169173386055963	0.0005317275283536977
ENSG00000124370	-1.4277041414745106	2.0684420735553162e-14
ENSG00000124374	-2.6397119123535937	9.172129812893981e-16
ENSG00000124380	0.5167216266015586	1.7599598657502557e-06
ENSG00000124383	0.05278320633102496	0.54763959122705
ENSG00000124406	-0.6071986099849198	7.379159499562269e-09
ENSG00000124422	0.4960079327298388	8.120064213602439e-05
ENSG00000124429	0.5324067383936573	1.451301973089089e-10
ENSG00000124466	1.5586422808606315	1.2712814587997702e-07
ENSG00000124469	0.46866724986569963	0.09407440150780733
ENSG00000124486	0.09986382650252068	0.0002179285378261097
ENSG00000124491	0.5236520910074596	1.2162822586912167e-07
ENSG00000124496	-0.06416990826000202	0.43884544868439523
ENSG00000124507	-1.41243583589252	1.7914931481124632e-10
ENSG00000124523	-0.23702105853733357	8.935388433351234e-05
ENSG00000124532	-0.38708508856676005	0.2975576195390437
ENSG00000124535	-0.1277813540486008	0.03261403048616829
ENSG00000124541	-0.37271925479269186	0.00020207993426163905
ENSG00000124562	0.2795703722045495	0.0008270904851681822
ENSG00000124570	0.33580586348607966	0.0002483239610721009
ENSG00000124571	0.017850310224655885	0.9419478370769262
ENSG00000124574	-0.1944972463365069	0.03558995681463172
ENSG00000124575	0.07460145187543787	0.5175836184479519
ENSG00000124587	0.0631253489442507	0.294792407527916
ENSG00000124596	-0.5687883175378801	1.4476870074508557e-14
ENSG00000124602	-0.24933805470899628	0.1433010497180374
ENSG00000124608	-0.3480644566031046	2.373319865214249e-08
ENSG00000124610	1.2050774736226089	1.0543683522399448e-07
ENSG00000124613	-0.36754883066927135	0.03280187863057719
ENSG00000124614	0.9222174518162838	6.674072801474726e-07
ENSG00000124615	-0.4990924098775906	5.925460699081654e-06
ENSG00000124641	0.12862660723516584	0.029067003258674725
ENSG00000124659	-0.28476032879160584	2.5497972428316618e-08
ENSG00000124664	0.7200598677371133	0.02617506332676611
ENSG00000124688	0.17272135967242974	0.6706389277765898
ENSG00000124701	-1.8879759033842447	2.964078292524412e-16
ENSG00000124702	0.21427231334410735	0.0667692671829605
ENSG00000124713	-1.9850240948349764	1.9983870782450064e-12
ENSG00000124731	0.7565341355239923	0.007668732462931092
ENSG00000124733	0.22159026212581168	0.005842145006636531
ENSG00000124749	-0.09550080540783057	0.2420353216705181
ENSG00000124762	-0.1530788238941021	0.28136478490438865
ENSG00000124766	0.5673436427698206	4.045092651542073e-05
ENSG00000124767	-0.09951048871827695	0.04555627783378202
ENSG00000124782	-0.3339661345287972	3.641372465529785e-08
ENSG00000124783	-1.6751024744012888	2.2514495750268133e-12
ENSG00000124784	-0.26986434345621646	4.3430258518895265e-05
ENSG00000124786	-0.4591934630767831	3.297666387686283e-05
ENSG00000124787	-0.05850399997000011	0.07606630601090228
ENSG00000124788	0.45997803940082704	1.575028328707128e-10
ENSG00000124789	0.08610028703099815	0.011609419646416487
ENSG00000124795	-0.05048357036129758	0.2568192383456369
ENSG00000124802	-0.5583658469747199	0.002028252387906372
ENSG00000124813	0.46117868887278846	4.724819946728099e-05
ENSG00000124831	0.24135474697104087	5.556548481826914e-08
ENSG00000124839	-0.4300803783963403	0.0009704906647112177
ENSG00000124875	-1.1968817135319085	3.2962367245472728e-06
ENSG00000124920	-0.8021089315501548	0.03645142267433289
ENSG00000124935	1.2978419576679947	1.6585857272277808e-05
ENSG00000124942	0.35805155655836884	6.196373392783023e-05
ENSG00000125037	0.20777427548985727	0.008698819595549542
ENSG00000125089	0.4339747885800662	5.8809104065872035e-05
ENSG00000125107	0.09049748442973993	0.003463654997958133
ENSG00000125124	0.1476130480180693	0.02757284216169625
ENSG00000125144	-1.5703560411131114	5.463924465172096e-09
ENSG00000125148	0.45910626474591254	0.008081712636330219
ENSG00000125149	0.09894859913626419	0.039217227747902414
ENSG00000125166	-0.07062829450805808	0.2746886841719741
ENSG00000125170	0.07818384723725558	1.0
ENSG00000125246	-1.1522423174313978	6.752682166995555e-16
ENSG00000125247	-0.24396017708006568	0.17277188473740202
ENSG00000125249	-0.18189269129774388	0.11225517196347713
ENSG00000125257	-0.2208471001993466	0.0030984214072605643
ENSG00000125266	1.0083634415990268	1.395156298898192e-12
ENSG00000125304	-0.6426829296783225	1.7078643351348303e-07
ENSG00000125319	0.15436197490193138	0.43553857224133563
ENSG00000125347	-0.13562120216370843	0.2899074930497314
ENSG00000125351	-0.25907801802231845	1.7077785982235124e-09
ENSG00000125352	-0.20583732727420312	1.2112313702605198e-05
ENSG00000125354	0.49590059358306604	7.94713496637227e-09
ENSG00000125375	-0.04914116562422066	0.39942225587166313
ENSG00000125386	-0.2890438593275242	0.00474070698087532
ENSG00000125398	-0.20139439340856313	0.005368678473771245
ENSG00000125414	-0.8361060956075352	0.7538699690402476
ENSG00000125434	-1.0556374571037104	4.662884251239377e-07
ENSG00000125445	-0.41917445804362785	1.7786900546137787e-08
ENSG00000125447	-0.2822504046044578	2.653409017455338e-06
ENSG00000125449	0.5616598099416219	0.2867132867132867
ENSG00000125450	0.030302865380274824	0.7915953794618141
ENSG00000125454	-0.07525789452741805	0.7470761936774952
ENSG00000125457	0.08873992647813367	0.4159172648590024
ENSG00000125458	-0.3138257924898866	4.136066020533613e-06
ENSG00000125459	0.12431047813054263	0.039217227747902414
ENSG00000125482	-0.262005694539603	0.22470305652302225
ENSG00000125484	-0.008459564488557447	0.4111638387625661
ENSG00000125485	-0.3427039262734368	1.189374344751586e-09
ENSG00000125503	0.1692010752541826	7.625896191611951e-06
ENSG00000125505	-0.4127801766255672	7.778998903584663e-05
ENSG00000125534	-0.33089841378330576	0.0013464630314043995
ENSG00000125611	0.540785330239455	6.012364048838364e-05
ENSG00000125630	0.019287276702069533	0.6131430250961842
ENSG00000125633	-0.12998382497402616	0.0001645517469531833
ENSG00000125637	0.0015229204271918206	0.466974192627882
ENSG00000125651	-0.1544817124288116	0.010940124798104868
ENSG00000125652	-0.07893384617743138	0.2793982807698905
ENSG00000125656	-0.25419950313866124	0.00023266086891093272
ENSG00000125676	0.09979100370262728	0.0009047044571310342
ENSG00000125686	-0.09835978576163384	0.0061404728009422874
ENSG00000125691	-1.096014398394228	1.7077785982235124e-09
ENSG00000125703	-0.11861808549515018	0.08982384824068393
ENSG00000125726	0.1243760910786662	0.44747396566282005
ENSG00000125730	0.6066138190567472	2.564963486312211e-10
ENSG00000125731	0.21439563657894212	0.00541651916750546
ENSG00000125733	0.4392068842143182	2.373290919859118e-13
ENSG00000125734	-1.1907142375670148	4.672321358940423e-11
ENSG00000125740	-0.685325396618131	0.08484848484848484
ENSG00000125741	0.3490775356831932	0.0002936317876483469
ENSG00000125743	0.2546170651401951	2.396076902931041e-06
ENSG00000125744	-0.02793119289530921	0.8950412743830811
ENSG00000125746	0.002571879645490327	0.6757966444050892
ENSG00000125753	0.6252281751950548	1.4955459438392387e-14
ENSG00000125755	-0.02654396360511413	0.21882822245298594
ENSG00000125772	0.3867724371746455	3.150800761763588e-09
ENSG00000125775	1.1580546463350458	8.321711041794353e-18
ENSG00000125779	-0.044006917251056876	0.610012087039442
ENSG00000125798	-0.6920119737476824	1.0491235110511076e-07
ENSG00000125810	0.6285919323484919	7.523576796833057e-12
ENSG00000125812	-0.11078340772763084	0.43979566835402073
ENSG00000125814	-0.31148188104764785	0.0002940733694302581
ENSG00000125817	0.3050462665796907	2.674455150498899e-08
ENSG00000125818	-0.23328753007242398	9.918043729915598e-09
ENSG00000125821	-0.5176036810184286	4.055109510774515e-09
ENSG00000125826	0.4926364954893714	6.151410543031233e-14
ENSG00000125827	-0.33468784203416746	0.00012791829018097238
ENSG00000125834	-0.14534139750249508	0.17011415995320234
ENSG00000125843	0.010141165382968609	0.5922100998961193
ENSG00000125844	-1.2840871826739289	1.838049275174314e-11
ENSG00000125848	0.20957072036680913	0.01698647378163207
ENSG00000125851	-0.4455758233009277	0.006377746290853119
ENSG00000125868	-0.26331225021715454	1.7967462090892522e-06
ENSG00000125869	0.13487575365099502	0.6164723378709012
ENSG00000125870	0.23748805088357372	6.532291666052415e-07
ENSG00000125871	-0.2764790000657342	7.006168892072749e-05
ENSG00000125875	-0.38116641837176246	2.4294052389380576e-07
ENSG00000125877	0.028386804583174552	0.5284135092144231
ENSG00000125888	-2.6856470854709684	5.250487387100209e-14
ENSG00000125898	-0.10193637537020805	0.6303030303030304
ENSG00000125901	0.059223727552979	0.5643898599097756
ENSG00000125912	-0.38159135358221974	0.01799739576475073
ENSG00000125944	-0.042095031917110504	0.13143841961412725
ENSG00000125945	-0.06619550033899557	0.5420419971277639
ENSG00000125952	0.14155271763285526	0.010682156455823974
ENSG00000125962	-0.45040797085985673	0.020606119126071947
ENSG00000125968	0.19188992910267544	0.18639705584117072
ENSG00000125970	-0.0496223033847194	0.9055956888924968
ENSG00000125971	-0.20219097292579136	0.03364347037930503
ENSG00000125977	-0.6178084333331313	1.9459950446978166e-11
ENSG00000125991	-0.16569842314712702	0.18230834825354691
ENSG00000125995	-0.5082516693816643	0.0001620774750831927
ENSG00000125999	0.8958919774500878	0.0009037216832882732
ENSG00000126001	-0.3918762803442064	6.021683716981458e-10
ENSG00000126005	-0.42301459533288366	0.0060163789837531486
ENSG00000126012	-0.13649428174274192	0.19205070787019274
ENSG00000126016	-0.28374872666999806	0.17823964902511502
ENSG00000126062	-0.6076790038042112	3.6665528054831846e-09
ENSG00000126067	0.15274351590202428	0.002302802408276816
ENSG00000126070	0.18051878433709945	0.0013643752293556722
ENSG00000126088	0.2068310939236362	0.007504092801293961
ENSG00000126107	-0.028495789513542036	0.13143841961412725
ENSG00000126214	0.4062080242339903	7.129718208995007e-05
ENSG00000126216	0.05678663218099089	0.4303708348254821
ENSG00000126217	-0.5515476404619584	2.855440055169342e-12
ENSG00000126218	0.12702451293768036	0.05803277850896941
ENSG00000126226	0.3239566648322558	9.913392795291764e-10
ENSG00000126231	0.07940934211556439	0.4634317268191762
ENSG00000126246	0.6282667273851743	0.012186728188043202
ENSG00000126247	0.1962980967921304	0.00012577206226189514
ENSG00000126249	0.021319082994867955	0.8418048364670775
ENSG00000126254	0.021097177644790577	0.5957239864997804
ENSG00000126261	0.07333333251989416	0.016629412226052902
ENSG00000126267	0.04460888866742252	0.32097387678942746
ENSG00000126368	0.04771182209040603	0.33564428956178227
ENSG00000126391	0.6240921011128293	8.474987269649754e-10
ENSG00000126432	-0.07335619852554842	0.03227693332025404
ENSG00000126456	0.19974638262694455	8.054046004968839e-05
ENSG00000126457	0.18233177991909244	0.0002179285378261097
ENSG00000126458	0.3772861139644803	1.5962498113062184e-07
ENSG00000126461	-0.08985002442412693	0.029375126924485524
ENSG00000126464	0.03396743451746431	0.6972191485395443
ENSG00000126522	-0.06773967119492141	0.14241923395062991
ENSG00000126524	0.2949668053965766	1.8355562791958665e-05
ENSG00000126561	0.17222516146700784	0.007597714748854199
ENSG00000126581	-0.06982018361269837	0.1977781780497435
ENSG00000126602	-0.34578269330863165	1.5219899362933755e-06
ENSG00000126653	-0.19455264166479225	7.915393121225426e-05
ENSG00000126698	-0.35649020443972645	6.8945560087566274e-12
ENSG00000126705	-0.10322880092577691	0.05316951149835247
ENSG00000126709	1.5094611107680151	5.384296915099078e-06
ENSG00000126746	-0.18483650512367333	0.006917642435004857
ENSG00000126749	-0.2171722664201674	1.1658461491175536e-05
ENSG00000126756	0.1327844837437766	0.029067003258674725
ENSG00000126759	0.7819206814945083	3.9385892716773587e-10
ENSG00000126767	0.009686478971509871	0.8556598556131285
ENSG00000126768	-0.060814621017300396	0.6075038337614524
ENSG00000126775	0.6144540616831726	3.2485450980441014e-08
ENSG00000126777	0.13011063740075812	0.002400311303335485
ENSG00000126787	0.16884960035566365	0.18413676225564213
ENSG00000126790	0.5886569764747804	1.6220900450501106e-09
ENSG00000126803	-0.028098911304780927	0.7756090881495159
ENSG00000126804	0.05853202203969232	0.14786081234163462
ENSG00000126814	0.10884386951697778	0.08530933282846397
ENSG00000126821	-0.4470855889372167	7.05298355875556e-06
ENSG00000126822	-0.2287875142710618	2.8105180021460656e-05
ENSG00000126838	-0.30698196429380786	0.03652545761440302
ENSG00000126858	-0.594550712289788	2.7367176883148296e-11
ENSG00000126870	-0.12960549966431856	0.2104399311706997
ENSG00000126878	-0.7296995623120708	2.660295315855726e-11
ENSG00000126883	-0.06419387272953969	0.0009890228733151468
ENSG00000126934	0.406724800246657	3.316149147569023e-06
ENSG00000126945	0.10735664161293812	0.00017297515388215267
ENSG00000126947	-0.5565018130406543	1.3960957413298563e-08
ENSG00000126950	-0.6420691733693182	0.029322432800693667
ENSG00000126953	-0.6046022175819274	1.838049275174314e-11
ENSG00000127022	-0.5541364536655031	1.5795024653608748e-05
ENSG00000127054	0.014444449104807688	0.7980149341725391
ENSG00000127083	1.2186632464435547	1.2527124563092873e-09
ENSG00000127084	0.017502082087133886	0.8400568851302858
ENSG00000127124	0.16720294913099565	0.24915204315600736
ENSG00000127125	0.280996333095608	4.3301343964209795e-07
ENSG00000127152	-0.706112222966631	0.001421771938423282
ENSG00000127184	-1.2117822700319287	9.488871752911843e-12
ENSG00000127191	0.07151278407319239	0.2348186692192349
ENSG00000127241	0.13208989653131198	0.17920546726881803
ENSG00000127249	-0.5919819117278546	0.0014652014652014652
ENSG00000127311	-0.4022671317541864	0.10245636716224953
ENSG00000127314	0.02020674062273997	0.5785341601910862
ENSG00000127324	0.5886439723870467	0.00025239145448158006
ENSG00000127328	-0.5836114811874573	1.9249535038434975e-09
ENSG00000127329	0.34327027178554204	0.005285811852557786
ENSG00000127334	0.787567908885979	0.01818181818181818
ENSG00000127337	0.18580056466588957	0.03329727802663553
ENSG00000127415	-0.07633689226999607	0.34592465794267635
ENSG00000127418	-0.4372677114585226	0.04613218972873304
ENSG00000127419	-0.6026891826194145	0.17192792101931956
ENSG00000127445	0.2645749633545442	7.915393121225426e-05
ENSG00000127452	-0.15278424393361334	0.13728807533422616
ENSG00000127463	-0.2893628215892008	1.2878708420246216e-06
ENSG00000127483	-0.30879015242148	1.8446391458549286e-09
ENSG00000127507	0.18379387563325977	0.15248991562764344
ENSG00000127511	0.17029379927913268	0.006063166463496028
ENSG00000127526	0.47747532363058554	8.002434699554498e-07
ENSG00000127527	0.1464614347095221	2.709249108076042e-05
ENSG00000127554	0.028117584910731352	0.5393576392091797
ENSG00000127564	-0.03970917103148963	0.8226922835618488
ENSG00000127580	-0.47979386772363597	3.679920452851287e-12
ENSG00000127586	-0.19923252192240426	0.07278261148869623
ENSG00000127603	0.3231553394078972	1.7591955130369096e-14
ENSG00000127616	0.053946338796436066	0.47030849332781655
ENSG00000127663	0.09647533971712718	0.14193551159143963
ENSG00000127666	0.2109198616400505	0.056131558831988754
ENSG00000127720	0.5411985434227233	0.0024155806225393556
ENSG00000127774	0.5753304523585463	0.0008906373291911801
ENSG00000127804	-0.1817193352920441	3.184885569064941e-06
ENSG00000127824	-0.06944634423138751	0.5421113055856485
ENSG00000127831	0.14656570346543774	0.1920452823268567
ENSG00000127837	-0.08325095398614124	0.006063166463496028
ENSG00000127838	0.15410459404157706	0.0018674826327824375
ENSG00000127870	0.6991271590238171	0.016731293815457807
ENSG00000127884	-0.5228224563326087	1.2303801142729413e-11
ENSG00000127914	-0.38790073896517185	1.7386202973777514e-13
ENSG00000127920	-0.28236057417437976	0.006988319623296508
ENSG00000127946	0.6753592411240064	6.852241840943596e-17
ENSG00000127947	0.42560094019295036	1.1001812552374268e-09
ENSG00000127948	0.26558161516969747	4.943781822735318e-08
ENSG00000127951	0.5090154221109984	5.041894652584183e-07
ENSG00000127954	-0.4601170643463206	6.2770621556225705e-06
ENSG00000127955	0.5844651143067843	7.820401230970389e-06
ENSG00000127980	0.051815925176519784	0.225127936873455
ENSG00000127989	-0.2497515423133514	0.2125432751706885
ENSG00000127990	0.3302864445720033	6.306371015416039e-05
ENSG00000127993	-0.4142104509175404	0.5166666666666666
ENSG00000128039	0.31834187439114103	0.028364752868191956
ENSG00000128050	0.1491524115762779	0.003463654997958133
ENSG00000128052	-0.7887093704850514	0.09523809523809523
ENSG00000128059	0.05751700211195754	0.9419478370769262
ENSG00000128159	-0.3062124265653168	8.404185383975579e-06
ENSG00000128191	-0.26683310506082236	0.0006290512659436644
ENSG00000128203	0.6917453722404456	0.04242424242424242
ENSG00000128228	-1.107946103235232	1.4305301238525666e-16
ENSG00000128245	0.5705878155921233	9.165285506514251e-15
ENSG00000128266	-0.5728667481009513	0.04284346893042545
ENSG00000128268	0.16815545677226496	0.09726522503776172
ENSG00000128283	-0.3028947358455021	1.3577242268435747e-05
ENSG00000128284	0.4080106968931432	9.572744988615487e-05
ENSG00000128294	-1.3623573657010617	1.1941341292650992e-13
ENSG00000128298	0.4956383346223454	0.009428907581666313
ENSG00000128309	-0.4151104436707733	1.5013604998735864e-09
ENSG00000128311	0.018996236700960623	0.6073116932913971
ENSG00000128322	0.2344134226804222	0.015889427627325335
ENSG00000128335	0.6393291097514897	4.070084449144342e-12
ENSG00000128340	0.9410504872132321	4.999255262398842e-12
ENSG00000128383	-0.02907448952035452	0.24930290310867642
ENSG00000128394	0.2809331641615813	0.01779274356865804
ENSG00000128422	1.5101737039010885	1.9983870782450064e-12
ENSG00000128463	-0.7600760816808112	2.043847372985949e-09
ENSG00000128487	0.546382837102275	3.040434190627826e-13
ENSG00000128510	-0.19977532331083125	0.17642242898245886
ENSG00000128512	0.1866302347993667	0.0020602480585370764
ENSG00000128513	-0.34073561846459555	3.1842318045208514e-05
ENSG00000128524	0.2500778802772672	0.0008147718653886858
ENSG00000128534	-0.16087688670046063	0.0030691014692796493
ENSG00000128563	-0.5998288848663869	7.831267976539356e-13
ENSG00000128564	-0.6126454580315901	4.219558941739691e-06
ENSG00000128567	0.6104388891270034	0.000574372644568642
ENSG00000128578	0.03919671398174529	0.6808401848637116
ENSG00000128581	-0.14574240831538532	0.1392608406979014
ENSG00000128585	0.025371509391977298	0.10801966310308882
ENSG00000128590	-0.7639160110141958	1.0390924821778141e-12
ENSG00000128591	0.6053077192618268	2.151161136235689e-09
ENSG00000128595	0.42554725532929893	1.0794827786109585e-14
ENSG00000128604	0.03189088046791966	0.8563562281550097
ENSG00000128606	0.2838136098287585	0.2391325870364579
ENSG00000128607	-0.27309769090404856	0.2717554716860451
ENSG00000128609	-0.8734104517457766	2.2044583248520186e-15
ENSG00000128626	-0.11930672087014571	0.11334026707829561
ENSG00000128641	-0.27346869316019706	1.6326471013712265e-07
ENSG00000128654	-0.17807731559774354	6.196373392783023e-05
ENSG00000128655	0.11109762947684843	0.8125242693153686
ENSG00000128656	-0.19224412917496636	0.03375091415404337
ENSG00000128694	-0.7155989028617675	4.829115235683353e-07
ENSG00000128708	0.2658169696084052	7.775821560715194e-06
ENSG00000128709	0.20512864698925526	0.10713360446246285
ENSG00000128731	-0.12358683529026848	0.02786216737762608
ENSG00000128789	0.16631093673367658	0.0019479722272233893
ENSG00000128791	0.8361865392624601	2.0971740374049988e-16
ENSG00000128805	-0.004964409649801382	0.9419877965195271
ENSG00000128815	0.1511165287731906	0.04832332450132777
ENSG00000128829	0.03076125586540357	0.7064758703862268
ENSG00000128833	-0.9651010654585228	8.699084916543253e-12
ENSG00000128849	-0.5703611880765642	4.266698460659061e-13
ENSG00000128872	-0.2525255881036692	0.006706937714447935
ENSG00000128881	-2.9345341267566987	0.001998001998001998
ENSG00000128891	-0.04572538195681375	0.24661172478204274
ENSG00000128908	-0.25808916653053515	0.0011678354664781828
ENSG00000128915	-0.009488040918501639	0.6127534365269073
ENSG00000128918	-0.8378024640387878	1.5661675939588738e-09
ENSG00000128923	0.12027761802527337	0.07141520535323581
ENSG00000128928	-0.4997412954332425	4.717477310084854e-08
ENSG00000128944	-0.39428413489260805	0.03999375910131059
ENSG00000128951	-0.14272828565259843	0.01779612367491983
ENSG00000128973	0.49572878141180254	1.6688724813764455e-05
ENSG00000128989	-0.017246867448005077	0.8433115062437173
ENSG00000129003	-0.05094819705755782	0.28580880246550133
ENSG00000129007	0.5642595515947875	1.7680685264056064e-05
ENSG00000129009	0.9756657101786708	2.243748477179506e-11
ENSG00000129038	0.777800136255312	4.2956626405280014e-11
ENSG00000129055	-0.6579849132828741	1.5247754982124884e-06
ENSG00000129071	-0.6389749955031938	0.003413484426265275
ENSG00000129083	-0.06415721167285326	0.133580392653871
ENSG00000129084	0.10305038876003181	0.09642856524948377
ENSG00000129103	0.06485551570749948	0.29722923287922576
ENSG00000129116	0.9928137051470749	2.2477336676343736e-16
ENSG00000129128	-1.529981990533905	7.30789644264082e-12
ENSG00000129151	0.8126824479052708	0.49396284829721365
ENSG00000129158	-0.03148706224711262	0.4303708348254821
ENSG00000129187	0.2089803463549913	4.501488193403292e-05
ENSG00000129197	-0.3565440698566533	8.619342043193127e-07
ENSG00000129214	0.2291898743877674	0.00662323843505047
ENSG00000129219	-0.24290101921273433	0.004146507972534228
ENSG00000129235	0.09677635319332722	0.14933798398821427
ENSG00000129245	-0.09404800895425325	0.00598673793467442
ENSG00000129250	-0.10122053508161244	0.041656776499022566
ENSG00000129255	-1.0913717340232587	1.752261257598656e-09
ENSG00000129292	-0.00960353535373315	0.1449356587880281
ENSG00000129315	-0.13932473863332362	0.002791058089057036
ENSG00000129317	-0.3158641726615876	6.397885952805502e-05
ENSG00000129347	-0.20374787756697543	3.0239521881973373e-05
ENSG00000129351	-0.042695667768786194	0.08606756787233902
ENSG00000129353	0.5140584340807948	1.7238978810825313e-06
ENSG00000129354	-0.2468808829617366	0.0061404728009422874
ENSG00000129355	0.9779296821358301	0.003828037686217983
ENSG00000129422	-0.9567200722719207	3.77297597817798e-13
ENSG00000129437	-1.1580118293421329	0.0009825897328573751
ENSG00000129450	-0.5671886565696944	0.02246723528188059
ENSG00000129451	0.884305896434288	1.910803082682401e-10
ENSG00000129455	0.49239161903637907	0.01836132765576649
ENSG00000129460	-0.06606525708486544	0.3089507768671542
ENSG00000129465	0.29865636015615493	4.755461125972506e-06
ENSG00000129472	0.045493935858463175	0.6426623713797366
ENSG00000129474	-0.4969550594692471	0.0003089825277734917
ENSG00000129480	-1.0582835239861836	1.828601705160222e-08
ENSG00000129484	-0.10181225654441306	0.1920452823268567
ENSG00000129493	0.31667739982123067	1.663177609807169e-10
ENSG00000129514	0.059194323731585285	0.7619138785921644
ENSG00000129515	0.4031076413781882	2.5136652415904928e-11
ENSG00000129518	0.009295395462388	0.15074481900050216
ENSG00000129534	0.3305740248959381	0.3135739948374221
ENSG00000129538	0.08094551631890212	0.3698524495708141
ENSG00000129562	-1.1263493336250932	1.0175220139259744e-09
ENSG00000129566	0.48763231331230017	2.4480762077827416e-13
ENSG00000129595	-0.3241536464526895	0.10282435406401076
ENSG00000129625	-0.41512160310777446	0.0007788299340251591
ENSG00000129636	-0.06368363164630608	0.09726522503776172
ENSG00000129646	0.4880219103554495	0.38315471887403285
ENSG00000129657	-0.2526098175928162	0.007851563389296904
ENSG00000129667	0.041611490518427274	0.2008724228541462
ENSG00000129675	0.3791856308895909	4.14526531364016e-07
ENSG00000129680	-0.07283808946279535	0.7628878110306341
ENSG00000129691	-0.1736409023674348	2.4959959612457763e-06
ENSG00000129696	-0.08197782394865172	0.85012113136099
ENSG00000129757	-0.17605295831767265	0.7884222892526951
ENSG00000129824	-0.752162836882647	0.000669378722636705
ENSG00000129911	0.20414566727202654	0.21515505631218035
ENSG00000129925	0.09469119175214047	0.7104895104895105
ENSG00000129932	0.007977270581939422	0.6636707120881754
ENSG00000129933	-0.16623840106922572	0.133580392653871
ENSG00000129968	0.2771240932998822	0.49387467350854086
ENSG00000129988	0.8014132359523884	3.4461710617180434e-10
ENSG00000129990	-0.5792557361714046	0.07709987174354177
ENSG00000129993	0.25723239307045453	0.30112536242567206
ENSG00000130005	-1.4387502231716525	1.1941341292650992e-13
ENSG00000130021	-0.07425543564196602	0.2656505047503894
ENSG00000130024	-0.14184944815905354	0.07688031918189903
ENSG00000130038	-0.6053313331459051	2.241243047612468e-10
ENSG00000130119	-0.15347468795492603	0.01217075812060939
ENSG00000130147	0.03621272108187412	0.660652787167278
ENSG00000130150	0.167488018978311	0.01799739576475073
ENSG00000130158	0.49725603949346464	8.462510889210664e-17
ENSG00000130159	-0.7686299146029505	2.525175081210154e-13
ENSG00000130164	0.6973287175996532	2.6123078813931184e-12
ENSG00000130165	-0.9447560029136959	5.904708735975326e-15
ENSG00000130175	-0.0791152444358687	0.006963770320459347
ENSG00000130176	0.6967228819659184	1.8342708111409133e-06
ENSG00000130177	-0.2173211123785599	8.568699214011113e-06
ENSG00000130193	0.4482031075576707	3.556324346460857e-07
ENSG00000130202	0.2719152668137461	0.00020407549693576184
ENSG00000130203	0.9275076801344433	3.948765295057326e-11
ENSG00000130204	-0.22862110670675406	0.01903394745479272
ENSG00000130208	0.7244308859469832	4.569966940351117e-06
ENSG00000130224	0.7361939775672823	1.4799934086461257e-05
ENSG00000130226	0.7230633781038307	0.20449294865312662
ENSG00000130227	0.05184893252295453	0.18230834825354691
ENSG00000130234	-0.3770656252267308	0.08425221372955449
ENSG00000130244	-0.20440498452498446	0.0017400936098185898
ENSG00000130254	-0.3330796650331216	3.242471211830329e-11
ENSG00000130255	-0.09597899627680917	0.325048612648295
ENSG00000130294	-1.3054716132807087	5.067127689316021e-15
ENSG00000130299	0.10413170877670197	0.3561709947907097
ENSG00000130300	-0.7262108060651897	1.3120212365606935e-13
ENSG00000130303	0.6401663239767714	1.8665922353746963e-08
ENSG00000130304	0.21423723842739406	0.00016731570536931956
ENSG00000130305	0.05351627697535122	0.311170678461166
ENSG00000130307	0.027062247218177404	1.0
ENSG00000130309	0.8050734743694292	8.764982012603765e-17
ENSG00000130311	0.17648435428962728	0.11052449763894868
ENSG00000130312	-0.5059105307704961	6.721841889195243e-10
ENSG00000130313	0.11102682313695311	0.19489626898144663
ENSG00000130332	0.04075341405229693	0.3765526228737246
ENSG00000130340	0.10226960084350623	0.01042961125586247
ENSG00000130347	-0.3192446195279963	3.479084344743694e-07
ENSG00000130348	-0.6234575914084282	1.164650639256564e-12
ENSG00000130349	-0.577655825111755	5.20064278171548e-09
ENSG00000130382	-0.3966740738302086	3.760149443735435e-09
ENSG00000130396	-0.24250294955985652	3.6665528054831846e-09
ENSG00000130402	0.2964784870418242	9.102622505143746e-11
ENSG00000130413	-0.7794743989714306	4.1462090684869316e-11
ENSG00000130414	-0.6882668715217086	6.819521609396447e-15
ENSG00000130429	0.839773094827418	1.8252598606233528e-16
ENSG00000130475	0.2322411971263918	0.03123436358661702
ENSG00000130479	0.15290256902986954	5.284908005778753e-05
ENSG00000130487	0.2626618322438503	0.3442129113242063
ENSG00000130508	0.5576381194365787	2.243748477179506e-11
ENSG00000130511	0.11307061559314135	0.544258686241095
ENSG00000130513	0.0540311408734766	0.732560630517116
ENSG00000130517	-0.5137265372419826	6.099163035454522e-08
ENSG00000130520	0.32563164927161026	0.000620185062866645
ENSG00000130522	0.5695616524543397	9.618585744840078e-11
ENSG00000130528	-0.6027276633757133	0.0007442561356158235
ENSG00000130529	0.4990884523028214	1.5384276502487125e-08
ENSG00000130558	-0.0690441420835235	0.5347336562317528
ENSG00000130559	0.11108487194553263	0.01217075812060939
ENSG00000130560	-0.2685650997639364	0.00028725432013263814
ENSG00000130589	0.2672430946179425	1.5210251089670442e-05
ENSG00000130592	0.7708059616775351	8.930234420008433e-10
ENSG00000130635	1.1472013930821419	1.3968905712739639e-13
ENSG00000130638	0.232215829094919	0.005617461744574767
ENSG00000130640	0.10232322484748124	0.006540479524972878
ENSG00000130653	-0.7480125282331365	1.0089853790391425e-05
ENSG00000130656	0.2834642673835539	0.18418173048872954
ENSG00000130669	0.03032757859959645	0.9684663264600076
ENSG00000130675	-0.7039442669899074	0.00019482415525476184
ENSG00000130695	-0.16398023409828255	0.4242732581033609
ENSG00000130699	-0.09032888711000453	0.009244887238293843
ENSG00000130701	-0.29268334716897115	0.040995391624579484
ENSG00000130702	-0.3578438806581552	9.918043729915598e-09
ENSG00000130703	-0.31936676817900533	5.356211493104849e-06
ENSG00000130706	0.02024069062509426	0.8141227892542897
ENSG00000130707	0.049974206976575175	0.9055956888924968
ENSG00000130713	-0.021531882186511808	0.5728564712712656
ENSG00000130714	-0.13712657018998087	0.5908209437621202
ENSG00000130717	-0.32299689099232864	2.4584270469584057e-05
ENSG00000130723	-0.1110954799379229	0.0003593413045340206
ENSG00000130724	0.8628275359281474	2.858142046594816e-13
ENSG00000130725	0.48907957503117316	5.287753947070362e-13
ENSG00000130726	0.2572160443383069	2.8469700215202147e-09
ENSG00000130731	0.3609765261897735	5.687643280628679e-08
ENSG00000130733	-0.6091747980616269	0.0016553177574771174
ENSG00000130741	0.036843033695095784	0.3765526228737246
ENSG00000130748	-0.5236015064670774	2.3578191987278272e-05
ENSG00000130749	-0.14778758046637108	0.02613572163517287
ENSG00000130755	0.5898746443038121	1.315119308253179e-06
ENSG00000130762	0.30715047253149663	0.00012791829018097238
ENSG00000130764	-0.21735974354951182	1.4646154830119859e-05
ENSG00000130768	-1.3058171396417144	1.3010100116944746e-10
ENSG00000130770	0.18324365876916104	0.2656505047503894
ENSG00000130772	0.2380093919207269	0.003017924119215457
ENSG00000130775	0.34013193568279476	2.2114573017562018e-05
ENSG00000130779	-0.017380597795906283	0.3523504789851941
ENSG00000130787	-0.30855730085679056	1.065883975806703e-06
ENSG00000130803	0.4032690811912616	0.43844179234137715
ENSG00000130811	-0.5017275530626861	1.4871484526192036e-13
ENSG00000130812	0.3251861267758702	0.496969696969697
ENSG00000130813	0.14087554969116312	0.0026067563600974124
ENSG00000130816	0.1872718718962716	0.000228892583410228
ENSG00000130822	0.21076513077784043	0.8006181461559035
ENSG00000130826	-0.30233208908812514	1.9587064747065807e-08
ENSG00000130827	0.15016768742306397	0.2598916974173572
ENSG00000130830	-0.2532845288368719	0.00031630912242459246
ENSG00000130844	-0.5878050535339163	0.04873145430420972
ENSG00000130921	0.17756262481394103	0.9728669499836549
ENSG00000130935	0.04681582434306719	0.6757966444050892
ENSG00000130939	-0.06449102828541697	0.301102927810435
ENSG00000130940	0.018956651617656917	0.6310930915712786
ENSG00000130956	-0.20688922224764994	0.0027159543782190624
ENSG00000130957	0.24879975653932362	0.09726522503776172
ENSG00000130985	0.07224372575074156	0.024768428113664483
ENSG00000130988	-1.9812174824606785	3.5215927946603614e-16
ENSG00000131013	-0.020320145057180383	0.32097387678942746
ENSG00000131016	0.10776196368301427	0.16647598855193957
ENSG00000131018	-0.054183242405702714	0.41353650832169786
ENSG00000131023	-0.05007351956749062	0.5282459783122111
ENSG00000131037	0.9391533254443303	2.0971740374049988e-16
ENSG00000131042	0.17332648832928754	0.3209020478430361
ENSG00000131043	0.06025012203193114	0.22993699541457302
ENSG00000131051	0.12061346294674635	0.009357702250581565
ENSG00000131067	-0.42268872455826667	1.0100465499786256e-05
ENSG00000131069	0.01360530019735151	0.7313703126380415
ENSG00000131094	-1.021529151542488	0.03636363636363636
ENSG00000131095	-0.26369905592302345	0.22295825718264084
ENSG00000131100	0.39004809580846356	1.892590653219094e-09
ENSG00000131116	0.3383716474133287	0.00016662444933136645
ENSG00000131142	-0.5268315531902488	0.01616161616161616
ENSG00000131143	-0.8986807964923962	6.006791088218845e-11
ENSG00000131148	-0.22756962416301718	1.6095388262732922e-05
ENSG00000131149	-0.2720479753078209	0.0071407030458046465
ENSG00000131153	-0.4046195673481172	0.0020598247884604706
ENSG00000131165	0.9501736165838643	8.994777442699213e-14
ENSG00000131171	0.3468069623292287	5.865831946372847e-07
ENSG00000131174	-1.357519439307854	4.9248086169449074e-12
ENSG00000131187	0.7541397123442941	6.691419297986113e-10
ENSG00000131196	-0.19586934607305295	0.06556970462537255
ENSG00000131203	0.44482672720512184	0.005257596020845106
ENSG00000131236	0.8531068691595998	2.0971740374049988e-16
ENSG00000131238	-0.18108003732698563	0.004337160295762905
ENSG00000131242	-0.4929285142592761	5.007481691497453e-05
ENSG00000131263	0.06483487464363691	0.9350053245782921
ENSG00000131269	-0.28837149154666974	0.000548418678548034
ENSG00000131323	-0.08116582716081311	0.243297948966272
ENSG00000131351	0.03467942596386209	0.5155448342357403
ENSG00000131355	0.07478438822712974	0.6764705882352942
ENSG00000131368	-0.586499131371415	1.4205665527237882e-11
ENSG00000131370	0.27108196566045706	0.10059629268923063
ENSG00000131373	-0.7038344648662118	1.501576938668277e-08
ENSG00000131374	0.08472604129875094	0.006458651836016812
ENSG00000131375	-0.3116860287534706	2.525175081210154e-13
ENSG00000131378	0.5465170641436394	9.442697857034982e-09
ENSG00000131381	0.1382616890252102	0.0026790991389987794
ENSG00000131389	0.2923035317368239	0.2947540940488069
ENSG00000131408	-0.6815577552287948	2.310675429662378e-05
ENSG00000131435	1.0168053199523044	5.235662283471724e-19
ENSG00000131437	-0.09367587110280695	0.004690266308828981
ENSG00000131446	0.160780910664311	0.029375126924485524
ENSG00000131459	0.2940044160935926	0.00010078679697073089
ENSG00000131462	0.2786050243803828	0.0018674826327824375
ENSG00000131467	0.20444827827974166	0.0015977918688228959
ENSG00000131469	-0.924660803568031	2.5106961889076843e-14
ENSG00000131470	-0.3443126476855234	0.5734265734265734
ENSG00000131471	-0.2758253165796347	0.007884895380238607
ENSG00000131473	-0.13760169988813686	0.0001116721333162035
ENSG00000131475	-0.2709301425107995	1.5539840236368305e-06
ENSG00000131477	-0.7075694792287734	0.07259349346305868
ENSG00000131495	-0.031515646732014346	0.2283259240637443
ENSG00000131503	-0.011742433395504293	0.38596350232937715
ENSG00000131504	0.32451183348992174	5.128402265257933e-13
ENSG00000131558	0.015956514149177536	0.8498287284002443
ENSG00000131584	0.39426253643620157	0.008773686167524516
ENSG00000131620	1.1268994700811596	3.759843200817178e-15
ENSG00000131626	0.18000903168823967	1.3577242268435747e-05
ENSG00000131634	-0.2285687949098829	0.3411201801294681
ENSG00000131652	0.22248987563061462	1.36256240254292e-07
ENSG00000131653	0.2656962443782227	1.8109750356230088e-05
ENSG00000131669	0.18824831923991425	0.20534699038162163
ENSG00000131697	-0.0705338443676311	0.3949970355730359
ENSG00000131711	-4.9032494949585725e-05	0.8563562281550097
ENSG00000131725	0.0644698761785989	0.10959828328908422
ENSG00000131730	-0.5542597593840384	3.951643079883892e-05
ENSG00000131732	-0.315205707618361	0.00031590797881044506
ENSG00000131746	1.4709914417761816	1.1148769390098011e-15
ENSG00000131747	0.8007212965605532	4.6621504465794675e-11
ENSG00000131748	-0.1890840974980641	0.05655041074581607
ENSG00000131759	-0.01037607244537142	0.9836026756750594
ENSG00000131771	-0.4579782087720581	4.479839085253293e-06
ENSG00000131773	0.059132785486632145	0.2820687780720833
ENSG00000131778	-0.23319169156240704	0.00043425808922100746
ENSG00000131779	0.46167062608817844	5.8771766863564834e-05
ENSG00000131781	-0.6338062923077459	4.85089160585864e-06
ENSG00000131788	0.2722333332107496	0.04490369682461642
ENSG00000131791	0.07267411473257823	0.1920452823268567
ENSG00000131828	0.057018442710500494	0.7597173233165314
ENSG00000131831	-0.3341375690568249	0.48181818181818176
ENSG00000131844	-0.4166745028582177	0.00010978402865376545
ENSG00000131871	-0.3744403414469133	0.0016439897243743357
ENSG00000131873	0.5341477477986096	4.112412308520154e-06
ENSG00000131876	-0.09203019645080701	0.015889427627325335
ENSG00000131899	0.19354409425754326	0.00017881428311889225
ENSG00000131914	-0.7108501201961523	0.02670930780335834
ENSG00000131941	0.597964763572417	9.716336642430768e-13
ENSG00000131943	0.06077844071696248	0.20587017727453039
ENSG00000131966	-0.3404659416883753	4.678108346514104e-13
ENSG00000131979	-0.10898487212103447	0.33959858049903835
ENSG00000131981	0.7974992927840248	1.9276958821870235e-15
ENSG00000132000	0.24688834060362908	0.07628926035161337
ENSG00000132002	0.5157430733079593	1.8640353693664207e-15
ENSG00000132004	0.2521140512635327	0.008160470989634891
ENSG00000132005	-0.2698377249742947	7.514316276030443e-08
ENSG00000132017	-0.25156072192101675	0.060457547231185974
ENSG00000132024	-0.05263877817267826	0.07256130851650489
ENSG00000132031	0.9552498282846145	1.9459950446978166e-11
ENSG00000132109	0.46574082464340094	3.2341327005226037e-13
ENSG00000132128	0.09242041741232399	0.8335558933721322
ENSG00000132153	-0.06128862631844001	0.0527376725754724
ENSG00000132155	-0.1695481517604449	0.0030278923339942814
ENSG00000132182	0.1411919585117296	0.016819071503882333
ENSG00000132196	0.06573536695577786	0.3566760572729719
ENSG00000132199	-0.10719634227020336	0.06141681359961317
ENSG00000132205	0.6200634419265896	3.0125308146470174e-08
ENSG00000132254	-0.39550390816884473	1.5013604998735864e-09
ENSG00000132256	0.08760087795357308	0.11334026707829561
ENSG00000132274	0.39640031894407457	1.1007997445031751e-05
ENSG00000132275	-0.40504930129347727	8.930234420008433e-10
ENSG00000132294	-0.1543498997262418	0.009133287549131033
ENSG00000132300	-0.6266315845011547	6.3511296039951e-13
ENSG00000132305	-0.21412213941694702	0.000365089710221339
ENSG00000132313	0.05402855218547842	0.8757632495539358
ENSG00000132323	0.2081535112737143	0.00034259983969600453
ENSG00000132326	0.10220579717348599	0.734718759501368
ENSG00000132330	-0.7449369477352299	1.0638547903069844e-12
ENSG00000132334	0.6057250346609955	3.33547631289741e-13
ENSG00000132341	-0.15142087731740617	0.000228892583410228
ENSG00000132356	0.3254720131771478	1.6209728756169454e-12
ENSG00000132357	0.5010366090788878	7.625896191611951e-06
ENSG00000132359	-0.6423502647590347	1.4240077929417982e-15
ENSG00000132361	-0.1756429254975913	0.0003828550099817106
ENSG00000132376	-0.09633934602655359	0.006632544772056226
ENSG00000132382	-0.040768620341630424	0.3270985477527114
ENSG00000132383	0.20656954242264547	0.00011953522741084797
ENSG00000132386	1.1414597822918005	1.0964634998576643e-12
ENSG00000132388	-0.3441669073243041	8.809660114032646e-07
ENSG00000132394	-0.6235524445371929	6.598589147121211e-15
ENSG00000132405	0.8705053801505578	0.00038291273864319604
ENSG00000132406	-0.43730378666509395	0.0004765168142524769
ENSG00000132423	-1.2099304744989219	3.0792261642383083e-15
ENSG00000132424	-0.4427556471595899	6.8945560087566274e-12
ENSG00000132432	-0.7146525525705485	1.425269289394804e-07
ENSG00000132434	-0.43471782785942636	4.678108346514104e-13
ENSG00000132436	-0.4988183521668219	0.0361586106713543
ENSG00000132437	-0.8518135594705356	2.961280564239432e-07
ENSG00000132463	-0.22909818825207395	2.396076902931041e-06
ENSG00000132465	0.9299727542498388	9.459839356870072e-08
ENSG00000132466	-0.07824332148984325	0.0017649135583626368
ENSG00000132467	-0.3799074767404029	4.396740087326614e-08
ENSG00000132470	0.7627029575795845	5.501486839738048e-16
ENSG00000132471	-0.04081698415879487	0.2111329480802353
ENSG00000132478	-0.4536055473195866	1.2013878514189097e-16
ENSG00000132481	0.2874395721715004	9.258055255823344e-06
ENSG00000132485	-0.5094921385916535	1.1627724230818817e-15
ENSG00000132507	-0.3759463237902061	0.0036050965860432655
ENSG00000132514	-0.10836744560518241	0.9047619047619047
ENSG00000132522	-0.17204155311593894	0.04731931350078437
ENSG00000132530	0.6944219438282282	3.0403755277948117e-09
ENSG00000132535	0.13709199883188816	0.7619047619047619
ENSG00000132541	-1.149818818082018	1.4413254415926186e-13
ENSG00000132549	-0.3504971609967704	1.3802839403804537e-05
ENSG00000132561	0.10068166900646602	0.20511910605689476
ENSG00000132570	-0.3432724042101789	0.0013844817807016794
ENSG00000132581	0.6546800683502987	6.983905035163128e-14
ENSG00000132589	0.49489245654933356	1.892590653219094e-09
ENSG00000132591	-0.4147935413331396	4.827770466202874e-07
ENSG00000132600	-0.43351003676800914	0.0024726603575886885
ENSG00000132603	0.11980097196210693	0.0649626273558619
ENSG00000132604	0.17135357491500613	0.009022892002397623
ENSG00000132612	0.7201698622673476	1.342921839689664e-06
ENSG00000132622	-0.09048563929498599	0.8957124695731036
ENSG00000132623	-0.11200102623654118	0.9563025210084034
ENSG00000132639	-0.2468394707998911	0.09740917388760884
ENSG00000132646	0.27912948023883644	8.631950963235408e-05
ENSG00000132661	0.32611602274078066	0.0013564245827564797
ENSG00000132664	-0.03185637767120042	0.18505219901111536
ENSG00000132669	0.25568919956682734	8.736288136953012e-06
ENSG00000132670	-0.060872779960646994	0.1977781780497435
ENSG00000132676	-0.07509606249174539	0.08683123826180912
ENSG00000132680	0.016590628904484817	0.3193488182958093
ENSG00000132688	-0.1168820204467238	0.1652048063260907
ENSG00000132694	-0.09082781487992975	0.04422359600251227
ENSG00000132698	0.5824107227776771	1.0348781047378045e-11
ENSG00000132703	0.36264847145253043	0.0004274974814920865
ENSG00000132716	-0.4152441440169419	1.3968905712739639e-13
ENSG00000132740	0.009204236886983352	0.7944962203148578
ENSG00000132744	-1.1549913694996583	1.1685937371062236e-11
ENSG00000132763	-0.46799009996857777	0.008736153754895509
ENSG00000132768	-0.5052083443793585	1.35392797979084e-09
ENSG00000132773	0.12887734106855575	0.06750419978538857
ENSG00000132780	0.3091581649834687	1.6199227865539073e-06
ENSG00000132781	-0.31297712618834694	0.09499904058321343
ENSG00000132792	-0.00984227320114428	0.9419478370769262
ENSG00000132793	-0.21036535740163487	0.060775707016925196
ENSG00000132821	0.910047411776187	0.005416812232768231
ENSG00000132824	0.3281518293924357	0.001080567794721675
ENSG00000132825	-0.09261392651491107	0.09981006570642194
ENSG00000132840	-2.182432208237156	0.0015984015984015984
ENSG00000132842	-0.28977442532215747	9.21340458873791e-09
ENSG00000132846	-0.6663210464239313	0.029304029304029304
ENSG00000132849	-0.23238468607243234	4.115219505407333e-05
ENSG00000132854	-0.7632878968283023	1.1659655694546193e-10
ENSG00000132855	-0.25211095740492695	0.5342324850334005
ENSG00000132879	-0.3444427108266872	0.01423719088026903
ENSG00000132906	0.14859227314530088	0.12537488546658931
ENSG00000132912	-0.23447765402557508	0.00013009900171646527
ENSG00000132938	-1.8847966366277262	3.2056998667051955e-09
ENSG00000132953	-0.0008332567278550584	0.961832283828221
ENSG00000132963	-0.22491553422459631	0.01081045662739508
ENSG00000132964	-0.0914199436620926	0.23960426850049665
ENSG00000132965	0.37641099036818204	0.004337160295762905
ENSG00000132970	-0.5611054540205984	0.008525659067454734
ENSG00000133019	-1.240674109589726	0.0020324103214656576
ENSG00000133026	0.44067679859889	1.332007243709466e-07
ENSG00000133028	-0.49542341804450984	1.0164358954918539e-08
ENSG00000133030	0.32427130280274596	1.7978721711052298e-09
ENSG00000133048	0.56670338766817	0.0003768453748355893
ENSG00000133056	0.014053551707096545	0.7439263631771357
ENSG00000133059	0.11225692201484705	0.06807225443201655
ENSG00000133063	0.5805847059927522	0.0002007438432394445
ENSG00000133065	-0.9370213631384345	0.03051248268639573
ENSG00000133083	-0.4295196861163397	0.00025652136753815833
ENSG00000133103	0.34776676821496366	3.234904342366112e-08
ENSG00000133104	0.1122611055668834	0.00970355222640693
ENSG00000133106	0.2596020094589342	0.010775358849806894
ENSG00000133110	1.2679080731089698	2.3571602819054748e-15
ENSG00000133111	-0.16689200250124614	0.011869251357021915
ENSG00000133112	-0.12358685543430425	0.5015568436499529
ENSG00000133114	-0.2444478970973165	7.512849070179428e-05
ENSG00000133116	0.878866684522901	0.006084785101373251
ENSG00000133119	-0.25406852799426005	1.6326471013712265e-07
ENSG00000133121	-0.3610466150130449	4.092704148724797e-08
ENSG00000133131	-0.23454971908342515	0.08085559837005224
ENSG00000133135	0.3560647259615166	0.09002268388031662
ENSG00000133138	-0.1342825340659708	0.007884895380238607
ENSG00000133142	-0.47630008697641557	9.426732394007085e-13
ENSG00000133193	-0.0013967035201964961	0.9782943795758695
ENSG00000133195	0.443869921882186	1.1658461491175536e-05
ENSG00000133216	-0.0861673940762202	0.22196207152822922
ENSG00000133226	-0.4672545231729721	3.512326982502653e-12
ENSG00000133243	-0.18534470167734796	0.024001094505182913
ENSG00000133246	0.1598189610952332	0.17294240030644425
ENSG00000133250	-0.23778781420341488	0.12279957988724349
ENSG00000133265	0.34574831116166393	2.156360424474972e-08
ENSG00000133275	0.7760303026660651	0.0006841944364623814
ENSG00000133302	0.6602364909514726	0.0001318334458757922
ENSG00000133313	-0.4119210924367991	4.83362974442594e-09
ENSG00000133315	-0.41021317413651204	1.3712892113787754e-06
ENSG00000133316	-0.06217211922314547	0.3502001942354852
ENSG00000133318	0.002740159024906319	0.7915953794618141
ENSG00000133321	0.3758439667014457	0.6303030303030304
ENSG00000133392	0.2523457659850372	0.08760036964131397
ENSG00000133393	-0.2701210154545315	0.7271618894847725
ENSG00000133398	-0.24985888185889493	0.008081712636330219
ENSG00000133401	0.21045056131187323	0.07775288920249522
ENSG00000133422	-0.07526927402098593	0.25856898446438614
ENSG00000133424	-0.31006404452493896	0.17175782593739253
ENSG00000133466	1.499088358726052	5.6762440685274256e-11
ENSG00000133475	-1.2394782369024142	4.596784646463052e-07
ENSG00000133477	-0.33256216191155374	0.09540612903931857
ENSG00000133488	0.3173498100801666	0.18068399085534048
ENSG00000133561	0.31372784146220667	0.003811034806431613
ENSG00000133574	0.507682761572255	1.827007169598743e-07
ENSG00000133597	-0.09405314748863702	0.8432103865806602
ENSG00000133606	-0.1314611841032054	0.018822557359021514
ENSG00000133612	-0.500791764578949	1.0638547903069844e-12
ENSG00000133627	0.15022809453069996	0.04207560874358288
ENSG00000133636	-0.05145268089042787	0.2272677741785293
ENSG00000133641	-0.5448062270058749	2.043847372985949e-09
ENSG00000133657	0.26746528589007923	0.0005177818597748472
ENSG00000133678	0.6754065228296042	0.0007311539508918676
ENSG00000133703	0.4144081036433782	3.1165471032598095e-07
ENSG00000133704	-0.09401860582601174	0.07662513184492546
ENSG00000133706	-0.5174431628640761	4.941182523222218e-11
ENSG00000133731	-0.16787192598115652	0.007411506674350181
ENSG00000133740	0.5101605509551952	5.976460439355856e-05
ENSG00000133773	0.010971740116556106	0.9646820327907085
ENSG00000133789	0.11346162064641518	0.0004997558936205646
ENSG00000133794	-0.172070031431236	0.056974190181759046
ENSG00000133800	-0.06311709101581187	0.6486365885200029
ENSG00000133805	0.5544276915226121	5.711809223845271e-10
ENSG00000133812	0.019462085474987845	0.4401664155741143
ENSG00000133816	0.7194207105823054	1.3767696692642282e-15
ENSG00000133818	-0.3258334369445741	1.4925662157151654e-05
ENSG00000133835	0.40724302039350846	3.152246692686417e-11
ENSG00000133858	-0.07107247886102286	0.6818551518683165
ENSG00000133872	0.474285660952912	9.869367250727681e-07
ENSG00000133884	-0.35743975043453347	2.8559239923796704e-14
ENSG00000133895	0.04555924068804629	0.587099940428432
ENSG00000133935	-0.43725113858009834	0.0003656161952321475
ENSG00000133943	-0.5531981057230269	3.1165471032598095e-07
ENSG00000133961	0.4350080790389548	1.0866663237001247e-15
ENSG00000133985	0.9525675494058135	3.951995906701708e-12
ENSG00000133997	0.23849364812753748	0.057999379749768765
ENSG00000134001	-0.3779186994657273	1.3298122723826935e-08
ENSG00000134013	1.442607715170812	6.454531244453166e-18
ENSG00000134014	0.055301395612978865	0.6516322295384995
ENSG00000134020	-0.11281954028367025	0.4487132065560019
ENSG00000134028	0.06584062910210875	0.9103630371820286
ENSG00000134030	-0.017685512714518126	0.5148942056044817
ENSG00000134046	-0.10522429028381453	0.006963770320459347
ENSG00000134056	-0.24199330090219107	0.0008270904851681822
ENSG00000134057	0.1976511517474684	0.4961158231244537
ENSG00000134058	0.20067984616644807	0.00024037274812391943
ENSG00000134061	0.1952817916849341	0.03653100419109006
ENSG00000134070	-0.06576713724805927	0.8769621068064434
ENSG00000134072	-0.00941899642047872	0.9287108455645796
ENSG00000134077	0.15787461478395315	0.01217075812060939
ENSG00000134086	-0.26931737236659714	0.15509128552606813
ENSG00000134107	0.32965215871367803	0.013868722621459752
ENSG00000134108	-0.23698668319024918	0.0023348947373781556
ENSG00000134109	-0.7425088782040703	0.03076247424073511
ENSG00000134121	-0.6405332532492167	2.674455150498899e-08
ENSG00000134146	-0.32129049790110287	0.0007700686232850834
ENSG00000134152	-0.13711546644207573	0.4421460892049127
ENSG00000134153	-0.1948405616021347	0.027567774007998508
ENSG00000134184	-0.337931087576429	0.1301663572783984
ENSG00000134186	-0.017816058171696625	0.45509693327913625
ENSG00000134193	0.5529750265109641	0.022709578283466925
ENSG00000134201	-0.4308675254863843	0.001096566462951636
ENSG00000134202	-0.9376394158005432	1.5959809799496036e-14
ENSG00000134215	-0.10730235539753252	0.34451547891570666
ENSG00000134240	-0.39485375107285847	0.0891551179147218
ENSG00000134242	0.3424404459928141	0.002817580721860078
ENSG00000134243	-0.007848127721501896	0.3502001942354852
ENSG00000134245	-0.04633010490679368	0.9816787332829311
ENSG00000134247	-0.24980276410027358	0.008081712636330219
ENSG00000134248	0.2957497998604879	5.379524857223265e-05
ENSG00000134250	0.050582574319840035	0.1703336557188435
ENSG00000134255	-0.9457173199778488	4.6554914369670837e-10
ENSG00000134256	0.01473298613135654	0.8109608509575432
ENSG00000134258	-0.3819469149203272	0.17966098560745958
ENSG00000134262	0.16727553481992885	0.11381734014548141
ENSG00000134265	0.20239206623484662	0.006063166463496028
ENSG00000134278	0.057669786719142024	0.8787976729153197
ENSG00000134283	0.07891711149817837	0.0026067563600974124
ENSG00000134285	-2.3753771282714595	8.444263688130178e-14
ENSG00000134294	-0.20391258772656684	0.05216656988215206
ENSG00000134308	0.20031541678694254	5.6730986350955516e-05
ENSG00000134313	-0.37481984227086684	1.7736493749419839e-06
ENSG00000134317	0.2780931284167849	0.5144937497256616
ENSG00000134318	0.08380670055852235	0.0040615105141538705
ENSG00000134321	0.5636990372441737	0.06234954976373741
ENSG00000134324	0.1652942024227393	0.0056896297504508255
ENSG00000134326	0.3043806320729807	3.194043462818739e-05
ENSG00000134330	0.5060982978503006	4.2367271288368764e-07
ENSG00000134333	0.8989511326094011	1.3934391338479838e-19
ENSG00000134339	-0.09540874100231633	0.5079730941983803
ENSG00000134352	-0.042760186337922335	0.6782150097758635
ENSG00000134363	0.540395011667723	0.005050406035604085
ENSG00000134365	0.3722611611871187	0.08283776835601629
ENSG00000134369	0.227043262994286	6.531935446420411e-05
ENSG00000134371	0.016634421422388357	0.5672053631362719
ENSG00000134375	-0.18395205212200594	0.08923417247058567
ENSG00000134389	0.4249812912847908	0.00012365980924548703
ENSG00000134398	0.3826730120083859	0.020959447845666307
ENSG00000134419	-0.6689138220347992	1.3937950593796506e-07
ENSG00000134440	-0.46928164411919937	1.8045080778444245e-10
ENSG00000134443	-1.637122654856551	1.1716493336158324e-13
ENSG00000134444	-0.026598678080478777	0.9452597360400462
ENSG00000134452	0.060946233613385914	0.7869833814163562
ENSG00000134453	-0.1501046769701162	4.501488193403292e-05
ENSG00000134461	-0.2133553649461568	0.01402714205238297
ENSG00000134463	-1.6510756736777807	1.7629042146085236e-16
ENSG00000134480	0.26673315922869634	0.00012452286697261914
ENSG00000134504	-0.05164253477270364	0.2594832909956578
ENSG00000134508	0.12644694896171416	0.44107371029846865
ENSG00000134516	0.4956635537342571	3.1165471032598095e-07
ENSG00000134533	-0.07299766766232096	0.26687920543786603
ENSG00000134574	-0.446887460344481	9.716336642430768e-13
ENSG00000134575	-0.3620840121670881	0.0003318473112749247
ENSG00000134597	0.1477480374104907	0.18367647858117986
ENSG00000134602	0.12683174031984024	0.016819071503882333
ENSG00000134644	0.21079734285777718	2.3171733155866786e-08
ENSG00000134684	-0.8330499587029756	2.3749558874673965e-11
ENSG00000134686	0.40087564324817393	1.7078643351348303e-07
ENSG00000134690	-0.5199814612800786	0.002358838272150965
ENSG00000134697	0.08660991737169255	0.885845409359862
ENSG00000134698	0.31824445115282174	0.07068677868021615
ENSG00000134709	-0.43773623604055345	9.438498943396437e-06
ENSG00000134716	-0.12360787937116058	0.8908768767119406
ENSG00000134717	-0.7606884194030954	1.2856027567217266e-09
ENSG00000134744	-0.16621052059995378	6.088193868333509e-05
ENSG00000134748	-0.2322273096852676	0.00018792148307124868
ENSG00000134755	-0.08602296226737849	0.17294240030644425
ENSG00000134757	0.7911094153981892	0.0002481955559395196
ENSG00000134758	-0.18020405244520887	0.6546433138167396
ENSG00000134759	0.12469002615734226	0.007319946493312221
ENSG00000134762	0.4663599536819767	0.020377288239937993
ENSG00000134769	-0.9439655341795827	3.1207235095271453e-12
ENSG00000134775	0.04638456453735529	0.7874627279661603
ENSG00000134779	-0.17153568144534148	0.9885316107273451
ENSG00000134780	-0.49232946723358495	0.0011267822409899765
ENSG00000134802	-0.35742740464956313	0.06416503097485317
ENSG00000134809	-0.384321528556157	7.010496793510809e-08
ENSG00000134815	-0.20710073847465438	0.06703279478595649
ENSG00000134824	0.10351864438654701	0.6452517822669305
ENSG00000134825	0.23115730970731363	0.4996271790191187
ENSG00000134827	0.9326733888518746	1.5808317249599164e-09
ENSG00000134851	0.1863969897618709	0.05639974809207324
ENSG00000134852	-0.41280065249032916	0.0031897975762947813
ENSG00000134853	0.041502777129707624	0.7410420967409692
ENSG00000134864	-0.532639200728255	4.7240242843416086e-07
ENSG00000134871	0.11427424231121464	0.047852578447385524
ENSG00000134873	-1.0045285203885648	4.1307863644536355e-05
ENSG00000134874	-0.27903969359676495	0.3426212590299278
ENSG00000134882	0.25895411430988347	0.0011319843840913019
ENSG00000134884	-0.07331512057864842	0.08380906617588522
ENSG00000134899	0.18345847090466805	0.44585740252516515
ENSG00000134900	0.055792341219820685	0.10776426838165826
ENSG00000134901	0.40882110798245463	6.849948346319456e-08
ENSG00000134905	-0.10227734080721618	0.2656505047503894
ENSG00000134909	-0.19198929326834602	0.0026790991389987794
ENSG00000134910	-1.4356423824984184	5.902012039172729e-09
ENSG00000134917	-0.6655590081984499	0.09523809523809523
ENSG00000134954	0.14102244603352787	0.026310515800252954
ENSG00000134955	0.47848395822120793	0.2082876875446535
ENSG00000134970	0.2758850655977625	0.13908672976001363
ENSG00000134982	-0.20289091579917695	0.00010978402865376545
ENSG00000134987	0.04435847247886926	0.6666941029520705
ENSG00000134996	0.5182120404639683	1.9417558441613862e-09
ENSG00000135002	0.6969289089127493	2.1331399051189838e-06
ENSG00000135018	-0.3288176246044827	9.679279642059962e-08
ENSG00000135040	-0.16982570199292724	1.0392270483403707e-05
ENSG00000135045	-0.5339772381631569	0.011908164330056535
ENSG00000135046	0.9582662132450679	1.742862689327471e-15
ENSG00000135047	0.6098062237208808	4.316732602366234e-12
ENSG00000135048	0.3418622566815728	4.7240242843416086e-07
ENSG00000135049	0.1344608598368744	0.15826744416198812
ENSG00000135052	0.620445306001006	4.2663332754777236e-10
ENSG00000135069	-2.023192687690674	1.0638547903069844e-12
ENSG00000135070	-0.4431021872699894	1.9417558441613862e-09
ENSG00000135074	0.7176281678052696	1.333696458715704e-06
ENSG00000135077	0.04040157076457973	0.5942214638759067
ENSG00000135090	0.1414352731120232	0.00025239145448158006
ENSG00000135093	-0.20051312794747034	0.034842836992194856
ENSG00000135094	0.18664186987325948	0.13432355227851603
ENSG00000135097	-1.6348303655373932	9.065625536090181e-16
ENSG00000135100	-0.39382649789606106	0.0913312693498452
ENSG00000135108	-0.1404448179651112	0.011444647121338839
ENSG00000135114	0.7172665344572131	3.890873445823729e-13
ENSG00000135124	0.03774214015419375	0.9585162244649093
ENSG00000135148	0.21748594305987012	2.997292779370962e-06
ENSG00000135185	-0.31815960822971334	0.040866046565227375
ENSG00000135218	-0.9696608923379166	1.2665903724777419e-08
ENSG00000135220	0.03230603627858741	0.5542214370542775
ENSG00000135241	0.2965980215285775	0.0020033884136128103
ENSG00000135249	-0.3264975625190445	1.4917041985852357e-07
ENSG00000135250	-0.4067945256371104	2.241243047612468e-10
ENSG00000135253	-1.2619968524856517	9.55738698272393e-06
ENSG00000135269	0.2795606706651803	8.770942496033933e-09
ENSG00000135272	-0.18500750157150136	0.5272727272727272
ENSG00000135297	-0.06699226903085531	0.7621006436036584
ENSG00000135315	-0.231592002100534	0.07059749860497018
ENSG00000135316	0.02604869797004028	0.7628878110306341
ENSG00000135317	0.1972463794535031	0.3209763258983577
ENSG00000135318	0.39722242040191347	0.00017587193122555077
ENSG00000135336	-0.18064508551536207	0.0002692945343204551
ENSG00000135338	0.10725536477409925	0.8628711838660696
ENSG00000135341	0.013390260859061698	0.6367111788948137
ENSG00000135362	-0.05364158035212796	0.6828077569495262
ENSG00000135365	0.1206586028397112	0.017928377537794714
ENSG00000135372	0.018161174738846597	0.8205884177943333
ENSG00000135373	0.04771242977977508	0.6867710803891988
ENSG00000135387	0.24746937136306713	1.1001812552374268e-09
ENSG00000135392	-0.5639115139053672	1.8843990219224362e-05
ENSG00000135404	-0.4401497339999274	0.00021089522011614168
ENSG00000135406	-0.0436370551412395	0.7948034199273442
ENSG00000135407	-0.08350487904237625	0.235693836715125
ENSG00000135423	-1.5014444922325296	2.3547002137327713e-14
ENSG00000135424	-0.48584880826886234	1.0593763807945635e-05
ENSG00000135439	0.17824270459846403	0.18102906862170776
ENSG00000135441	0.487243898888277	2.7810691606308582e-05
ENSG00000135446	0.23751281978443117	0.007597714748854199
ENSG00000135447	-0.8788149146125086	1.1440099067662328e-11
ENSG00000135452	-1.0083443536307186	2.0299651032909868e-10
ENSG00000135457	0.12071033345205251	0.03261403048616829
ENSG00000135469	-0.28055602122881496	0.19488016624660764
ENSG00000135473	-0.056714138785416424	0.23155613527320285
ENSG00000135480	1.0146925994110276	1.8505172936349775e-13
ENSG00000135482	0.5541273214023263	0.1816051903008425
ENSG00000135486	1.043184388696453	3.0226135917579664e-13
ENSG00000135506	-0.9464875257989931	8.994777442699213e-14
ENSG00000135521	-0.5917628979302734	1.0175220139259744e-09
ENSG00000135525	-0.7356501628332062	3.6293275383302205e-11
ENSG00000135537	-0.48245415819926407	9.42234190492476e-09
ENSG00000135540	-0.15388040709673234	0.01783449267070801
ENSG00000135541	-0.5779485611740931	0.02682611506140918
ENSG00000135549	0.10538823914484752	0.5635701188609133
ENSG00000135587	-0.5947044987635515	2.218886001958545e-06
ENSG00000135596	0.6775907277472619	5.97522076304798e-13
ENSG00000135597	0.18043230017901024	0.0012876040829871167
ENSG00000135604	0.24624452504408723	0.024528281831645363
ENSG00000135605	0.2712633051219768	0.6498178819643419
ENSG00000135617	-0.8766888095685204	0.014473684210526316
ENSG00000135624	0.009089842954111305	0.8792770918411164
ENSG00000135631	0.3533786810941102	5.0815832507238715e-09
ENSG00000135632	-0.1617570810167024	0.00028725432013263814
ENSG00000135636	0.07730198465879923	0.21418724018321178
ENSG00000135655	0.11504831548815986	0.0004551435764214553
ENSG00000135677	0.2566648474502671	6.41821535503436e-05
ENSG00000135678	0.11850096626822193	0.5450813126995147
ENSG00000135686	-0.2484587846360462	6.696845655152979e-05
ENSG00000135697	0.22053819520406748	0.04842994016029445
ENSG00000135698	-0.2374537111531545	4.085998059696392e-06
ENSG00000135709	-0.5173897603695217	1.1621293956226742e-07
ENSG00000135720	0.016612332363585836	0.9651490035971579
ENSG00000135722	0.3792360045710339	0.010824230989534542
ENSG00000135723	0.11601191449951642	0.0015751438567431844
ENSG00000135736	0.0009705461195821385	0.8205884177943333
ENSG00000135744	0.45646887925208546	8.404185383975579e-06
ENSG00000135750	0.31755186251594125	0.10081630200006066
ENSG00000135763	0.03362810116624715	0.7064758703862268
ENSG00000135766	0.08194976918827024	0.1211255964047835
ENSG00000135773	0.4823475885391382	0.014969927936752874
ENSG00000135775	-0.2864802499016186	6.124149960179205e-07
ENSG00000135776	-0.2845244410553498	0.002829316917970812
ENSG00000135778	-0.4276428465524269	1.6147827067942198e-08
ENSG00000135801	-0.19706981135809798	0.008714746184027884
ENSG00000135821	0.4077878007877871	9.459839356870072e-08
ENSG00000135823	0.22705748274142934	0.00037092400671611303
ENSG00000135828	0.3406644959577214	1.9984226988882396e-07
ENSG00000135829	0.14093386189047763	1.7967462090892522e-06
ENSG00000135837	-0.17473621666756145	0.009244887238293843
ENSG00000135838	0.7591904119714776	9.459839356870072e-08
ENSG00000135842	-1.2406175461863107	2.4937607596050317e-16
ENSG00000135862	0.04567857069212877	0.5504141498567223
ENSG00000135870	0.10992730058227451	0.9941899384765934
ENSG00000135899	0.29937353445575	6.306371015416039e-05
ENSG00000135900	-0.08458663691688173	0.03434509780209762
ENSG00000135905	0.32715875994523813	0.00017297515388215267
ENSG00000135913	-0.5042294734643491	0.05927405927405928
ENSG00000135916	-0.2399652511264918	0.017821840884099886
ENSG00000135919	0.41545408480415347	0.0015751438567431844
ENSG00000135924	0.005221495704681445	0.7565508681960509
ENSG00000135926	0.06076110131252932	0.36322686415672223
ENSG00000135929	0.25450956313639495	0.0018155325478523816
ENSG00000135930	-0.18412030520312328	0.0011627765145378118
ENSG00000135931	0.33381867775259977	1.2728729905002134e-07
ENSG00000135932	0.10595097431415113	0.0019479722272233893
ENSG00000135940	-0.8414480579845787	2.1212198691205586e-12
ENSG00000135953	-0.8406727556733777	0.03596403596403597
ENSG00000135956	-0.12538943883084386	0.28916813331843383
ENSG00000135966	-0.022012004259448048	0.45509693327913625
ENSG00000135968	-0.11924794293875962	0.005069200316517431
ENSG00000135972	-0.5192948143361527	5.958843613648947e-12
ENSG00000135974	0.026762509263260625	0.2895821977394111
ENSG00000135999	-0.4830545257084964	0.000572281015198335
ENSG00000136002	-0.8357522888369324	1.1120023284556775e-05
ENSG00000136003	-0.35964506526641316	7.928224899333046e-11
ENSG00000136010	-1.9080587770787005	6.983905035163128e-14
ENSG00000136011	-0.5228462015391351	0.05768818502540781
ENSG00000136021	0.22590790938495786	7.433630509349059e-10
ENSG00000136026	-0.05832461933340127	0.5785341601910862
ENSG00000136040	0.4499150649162651	6.966583841120439e-07
ENSG00000136044	0.2834534181993682	7.753242229371678e-09
ENSG00000136045	-0.2542895245704173	1.7467186410162175e-07
ENSG00000136051	0.2044188817385546	3.231559180388467e-09
ENSG00000136059	1.061923360251786	3.9044495935010886e-16
ENSG00000136068	0.569832600012866	4.1965608365544934e-14
ENSG00000136098	1.1871467026229894	4.3030643307210805e-09
ENSG00000136100	-0.15761744376392883	2.1188361381154713e-06
ENSG00000136104	0.10064015973232188	0.06741905437952835
ENSG00000136108	0.08356039827851447	0.558988471131478
ENSG00000136111	-0.5353986349790532	2.2801631887560364e-17
ENSG00000136141	0.4327540034666093	9.716336642430768e-13
ENSG00000136143	-0.6232712354322736	3.8393435065835403e-11
ENSG00000136144	0.20792387872392126	0.08044919091412017
ENSG00000136146	-0.23487522048442244	7.255326532067841e-05
ENSG00000136147	0.1498426514997	0.2519043672411918
ENSG00000136152	-0.04634852603685502	0.20069114315324987
ENSG00000136153	0.8284967353983888	1.487042497922845e-18
ENSG00000136155	1.3878994672356484	2.0959514422543835e-13
ENSG00000136156	0.46946451346718376	4.5229449804755814e-07
ENSG00000136159	0.12051819882613657	0.07802028275311251
ENSG00000136161	-0.18293524123740212	0.03590437864114324
ENSG00000136167	0.48924136977906585	0.00039514393681626934
ENSG00000136193	-0.10377474493999728	0.03727797800711941
ENSG00000136197	-0.019017516195685147	0.5448719663112209
ENSG00000136205	-0.06797040795552078	0.0222187188330403
ENSG00000136213	-0.16807574325954278	0.08474609077185677
ENSG00000136231	1.4794111543653052	1.4413254415926186e-13
ENSG00000136235	0.703159695938357	4.622430094350544e-07
ENSG00000136237	-0.2707950576100693	0.043960450287843726
ENSG00000136238	0.44446558715760887	5.284908005778753e-05
ENSG00000136243	0.15334304588593284	0.08233023307216039
ENSG00000136247	0.06886692460940935	0.24631248176527598
ENSG00000136250	-0.20592892520341977	0.04174179163531848
ENSG00000136261	0.29064738236029797	0.00017012329456054807
ENSG00000136270	-0.22690921361428806	0.00025239145448158006
ENSG00000136271	0.03288793503086751	0.49102014027956076
ENSG00000136273	-0.16377731497421522	0.025826064652818007
ENSG00000136274	0.4696051344629417	0.0005403017547840759
ENSG00000136279	0.18346878491447427	0.00013917710402728414
ENSG00000136280	0.06466786805845715	0.19346691881488776
ENSG00000136286	0.47366985984962184	1.6147827067942198e-08
ENSG00000136295	0.7611538490717784	1.3298122723826935e-08
ENSG00000136319	-0.14788087886897827	0.0023673961541433694
ENSG00000136371	-1.2982580415437752	6.404383368114269e-09
ENSG00000136378	1.142090905174907	1.4030766757118136e-12
ENSG00000136379	0.5636721740816775	5.878025606584656e-07
ENSG00000136381	-0.06747255816019049	0.06931111207649762
ENSG00000136383	-0.14208255037135586	0.2190566232105886
ENSG00000136404	0.5857073962664145	0.04717079259413356
ENSG00000136436	0.18119520997510818	9.572744988615487e-05
ENSG00000136448	-0.3573061939035327	6.203095444224063e-09
ENSG00000136450	0.6213658494086722	2.053055275219289e-05
ENSG00000136451	-0.13580033267648872	0.0014453490857525674
ENSG00000136457	0.017247722287116574	0.7121830059972032
ENSG00000136463	-0.07557048612925499	0.09233127381423913
ENSG00000136478	-0.553392251928436	1.752261257598656e-09
ENSG00000136485	0.3863311962825513	3.08495471000556e-08
ENSG00000136490	0.6000012082396609	4.194770744778522e-08
ENSG00000136504	-0.3218293228508564	1.7786900546137787e-08
ENSG00000136514	0.29575987425136674	0.5166666666666666
ENSG00000136518	0.004700208088131319	0.7064758703862268
ENSG00000136521	-1.3786172299281994	2.947904463817858e-13
ENSG00000136522	-0.363501893531879	5.2512773493517346e-06
ENSG00000136527	0.5993253581719316	5.864749838449693e-10
ENSG00000136536	0.6242859061444683	0.00016556636908229087
ENSG00000136542	1.1439725502465876	6.384705351031778e-15
ENSG00000136546	0.08516371011977952	0.8209825552567164
ENSG00000136560	0.15520413482214224	0.0001539197271464802
ENSG00000136574	-1.300766597458452	0.0017220451514743395
ENSG00000136628	-0.24647894504419554	0.0005832750766842622
ENSG00000136631	0.19647236215285346	3.522816843697087e-06
ENSG00000136636	0.045798066725172504	0.4786476017948956
ENSG00000136643	-0.2842613703094372	3.597556760154678e-06
ENSG00000136689	1.7105623117727866	4.677918669973016e-19
ENSG00000136699	-0.3381374291355037	3.594409738926606e-06
ENSG00000136709	-0.32046501590611953	1.4122108335715833e-10
ENSG00000136710	0.06658345292623835	0.3743109570458042
ENSG00000136715	-0.08433983888286534	0.41830609457272283
ENSG00000136717	-0.14642704017468589	0.019247410298498815
ENSG00000136718	-0.16541257670755982	0.0067351993963369996
ENSG00000136720	-0.1505471320655225	0.1814743204753726
ENSG00000136731	-0.23342511757770268	0.009357702250581565
ENSG00000136732	-0.11942044543864938	0.25203841569759144
ENSG00000136738	0.07449884877865287	0.37207756327638764
ENSG00000136750	-0.6683948862673113	2.4401442836008534e-06
ENSG00000136754	0.22828447751312098	3.6269617340328435e-05
ENSG00000136758	-0.08040968978009033	0.11524863337218312
ENSG00000136770	-0.7852719979164533	3.3551658973526483e-10
ENSG00000136783	-0.10531490641360008	0.32915685938847383
ENSG00000136802	0.24943840991642574	0.008627824650187145
ENSG00000136807	0.02324027745886781	0.669722917211279
ENSG00000136811	0.019284125713355138	0.6666941029520705
ENSG00000136813	-0.032535506033340766	0.41830609457272283
ENSG00000136816	0.20162355204896798	0.0061404728009422874
ENSG00000136819	-0.01364574235293503	0.9287108455645796
ENSG00000136824	0.41865973686700286	1.0607356086072312e-07
ENSG00000136826	0.8452295293515952	2.2710291686438787e-05
ENSG00000136827	0.05567644365989466	0.6972191485395443
ENSG00000136830	0.024400822399993416	0.810894688181772
ENSG00000136842	-0.7683977071185133	2.5358683288665774e-12
ENSG00000136848	0.22994365380058568	2.471038138731573e-05
ENSG00000136854	-0.2162047416846633	0.005134980696994677
ENSG00000136859	1.2708639961530004	1.71193598642118e-17
ENSG00000136861	-0.19925315647271802	2.8105180021460656e-05
ENSG00000136868	-0.608220308626013	7.66494511362317e-05
ENSG00000136870	-0.7497865925587757	0.001182842921973357
ENSG00000136872	-0.3888592219488203	0.036900084104870376
ENSG00000136874	-0.5958292696776581	4.177390892736601e-17
ENSG00000136875	0.005289289306865896	0.978421340043115
ENSG00000136877	0.2898460028559313	0.001880679773573801
ENSG00000136878	-0.1726048195503438	0.00435279597677127
ENSG00000136881	0.13862280833108542	0.594072594072594
ENSG00000136883	-0.23153613122687844	1.0
ENSG00000136888	-0.13633900183872782	0.06376238048014041
ENSG00000136891	0.15629940280944155	0.009244887238293843
ENSG00000136897	-0.14429568353179079	0.008593130390573318
ENSG00000136925	0.009403162648915497	0.8956703873768216
ENSG00000136930	-0.7031405533454347	7.352209667284521e-17
ENSG00000136933	-0.1119902862301494	0.03727797800711941
ENSG00000136935	0.05680960289113557	0.22672290877171986
ENSG00000136936	-0.4260956971013563	4.814292045960751e-06
ENSG00000136937	-0.12427707484043538	0.0018413392611480435
ENSG00000136938	-0.3908637537015771	1.2527124563092873e-09
ENSG00000136940	0.041099635736387086	0.46798446460226995
ENSG00000136942	-0.8538096277914455	2.3224941206560908e-09
ENSG00000136943	0.10210578866866626	0.9174706935576501
ENSG00000136950	0.033283781469311435	0.17163431818991803
ENSG00000136960	0.6439658937529877	2.156360424474972e-08
ENSG00000136982	-0.007934716028838551	0.7638761664452774
ENSG00000136986	0.5013034728877344	0.0012476712519020393
ENSG00000136997	-0.2099882650635969	0.16072885433325712
ENSG00000136999	0.4524794699862724	0.0012764284039835578
ENSG00000137033	-0.09298887522665211	0.7591780820984485
ENSG00000137038	-0.365036532596946	0.001139505088578669
ENSG00000137040	0.03795261292445318	0.9386369415660587
ENSG00000137054	0.2386083970687345	1.36256240254292e-07
ENSG00000137055	-0.12794298351460753	0.00022518163747767988
ENSG00000137073	-0.35463389337413886	3.641372465529785e-08
ENSG00000137074	-0.42469211220735303	3.242471211830329e-11
ENSG00000137076	0.6136748094575672	1.8171666874383594e-14
ENSG00000137077	-0.24420063032727768	0.16065173695888568
ENSG00000137078	-0.33045748725920276	0.1126241160783603
ENSG00000137094	-0.1214123716103721	0.2700077822154754
ENSG00000137098	0.9651058412660731	0.0003031448290437543
ENSG00000137100	0.21705658928229	0.17425792161412912
ENSG00000137101	-0.38545734084521044	0.18029048836803585
ENSG00000137106	-0.2759720891328499	5.379524857223265e-05
ENSG00000137124	-0.1842408771613684	0.02012232232651324
ENSG00000137133	-0.07010097941831361	0.33957400057270537
ENSG00000137145	-0.06085623231675186	0.0010187081212217263
ENSG00000137154	-0.724609627401982	2.389512070585937e-12
ENSG00000137161	-0.18928175250534096	0.0002607145855217422
ENSG00000137166	0.05070118533375734	0.8604542273354998
ENSG00000137168	0.2278139397034309	0.025857158643026432
ENSG00000137171	0.37164333099667246	2.2346381665478933e-07
ENSG00000137177	0.09470950790737476	0.016629412226052902
ENSG00000137198	-0.4583212198693474	5.476871561763468e-09
ENSG00000137200	-0.002033483996527252	0.6396838768343456
ENSG00000137203	-3.1493652150970703	3.5245772981742445e-10
ENSG00000137207	-0.18831435751279102	0.08306698325852868
ENSG00000137216	0.4296169936721732	7.250375301606184e-05
ENSG00000137221	0.31573045667111543	0.01946296248156823
ENSG00000137251	-0.021538425497872993	0.9295014044420706
ENSG00000137265	0.2835365734910589	0.057072573954650464
ENSG00000137267	-0.9320263588358557	2.7367176883148296e-11
ENSG00000137269	-0.21886724260737367	0.0010647852625267006
ENSG00000137273	0.067906396905272	0.9838748119668126
ENSG00000137274	-0.4526730343434231	5.0815832507238715e-09
ENSG00000137275	0.03427011915152889	0.21418724018321178
ENSG00000137285	-0.8115570354701696	2.685244881738729e-07
ENSG00000137288	0.1593680681173666	0.1211255964047835
ENSG00000137309	0.5611589831653419	1.1941341292650992e-13
ENSG00000137312	0.35276801434975624	2.151161136235689e-09
ENSG00000137337	-0.32853697783494695	2.4967637647643425e-10
ENSG00000137343	0.4791263779885462	2.3204653808104134e-07
ENSG00000137364	-0.043862266484033796	0.31093367887260603
ENSG00000137392	-2.252498580302678	1.67026033769649e-12
ENSG00000137404	0.0695709623419134	0.17031625756715363
ENSG00000137409	-0.21214107270197857	0.009940404059448817
ENSG00000137411	-0.5686914282928051	1.332007243709466e-07
ENSG00000137413	0.3180606345637642	0.0016789833277987053
ENSG00000137414	-0.5463498151250512	2.3364911202237433e-07
ENSG00000137440	0.9206319361784416	0.0007562207757664319
ENSG00000137449	0.00740096828984349	0.9029160981449098
ENSG00000137462	0.2963614443150995	0.0026545601848794293
ENSG00000137474	-0.512529053812802	0.00014811919727162996
ENSG00000137478	0.25470503405860256	0.00014153811128189489
ENSG00000137486	-0.15998633290499242	0.0003828550099817106
ENSG00000137491	-0.0026787173967655065	0.9331071981265388
ENSG00000137492	-0.3087811561313636	0.0062915471462207445
ENSG00000137496	1.612241028195232	7.60224556185857e-10
ENSG00000137497	0.11077356868778665	0.0002179285378261097
ENSG00000137500	-0.8281446601917608	1.7591955130369096e-14
ENSG00000137501	0.6735125447956811	1.5044538818196484e-11
ENSG00000137502	-0.24000224948188276	0.11058646635267942
ENSG00000137507	0.051919397117487165	0.36654724749654877
ENSG00000137509	0.4323783856040926	1.430430141018379e-08
ENSG00000137513	-0.8465698716850056	8.715249070763453e-14
ENSG00000137547	0.021435973239277928	0.6972191485395443
ENSG00000137558	0.5684794128666759	0.004188527191088775
ENSG00000137563	0.44572791972752057	1.0674952951496852e-08
ENSG00000137573	1.5467515570929073	1.487042497922845e-18
ENSG00000137574	-0.14488997019672212	0.016924616437670275
ENSG00000137575	0.12180571934975859	0.13037746573011294
ENSG00000137601	-0.08072605622756868	0.11239546469408161
ENSG00000137628	0.665656138830709	1.4013357117181946e-14
ENSG00000137642	0.013374945908161351	0.4475962878852464
ENSG00000137648	1.3564296321216567	1.6241668131148958e-13
ENSG00000137656	-0.06594971751847467	0.6116992417189184
ENSG00000137673	1.2338358996555563	8.607811087796476e-13
ENSG00000137692	-0.404276431803531	7.869492766657454e-08
ENSG00000137693	0.1547110313411224	0.0009047044571310342
ENSG00000137699	1.6591787439445795	3.24773580863498e-14
ENSG00000137700	-1.1758954776791342	1.1941341292650992e-13
ENSG00000137710	-0.3077810860229846	6.539467537410818e-08
ENSG00000137713	-0.5931871946677632	1.2206429665548774e-09
ENSG00000137714	0.4005714724469023	0.0005832750766842622
ENSG00000137731	-2.5644716700432184	4.031786113608047e-17
ENSG00000137747	-0.2549690289704749	0.5989010989010988
ENSG00000137752	0.3392731400195039	0.00017012329456054807
ENSG00000137760	-0.26819407951975904	0.0005857283663583491
ENSG00000137764	-0.4636858961880712	3.0398793602066617e-09
ENSG00000137767	0.43171860762654646	1.1771993988818734e-08
ENSG00000137770	-0.19268346123051572	0.0035102309346505614
ENSG00000137776	-0.18513198450300195	1.9514169930735866e-06
ENSG00000137801	1.6758960386677444	1.5338065367908754e-16
ENSG00000137802	0.1996874452593822	0.015788785160605973
ENSG00000137806	-0.7578031275921902	4.399724171881617e-13
ENSG00000137807	0.4834404027430814	7.4956870312587696e-06
ENSG00000137809	0.8388854083578536	2.243748477179506e-11
ENSG00000137812	0.2106369238740875	0.2622284484138231
ENSG00000137814	0.26173550326926787	0.11565279196081409
ENSG00000137815	-0.016890410375548726	0.9088934243953065
ENSG00000137818	-1.2785271657589945	1.4955459438392387e-14
ENSG00000137822	-0.109724381087549	0.08380906617588522
ENSG00000137824	0.15788029098758471	0.0019479722272233893
ENSG00000137825	0.1173263797901889	0.4322818790083536
ENSG00000137831	0.337210429549625	2.3890853464437273e-07
ENSG00000137841	0.36689817936460756	2.2528383829428665e-05
ENSG00000137842	0.18670028351202816	0.18951551438538639
ENSG00000137843	-0.30641380755154835	0.35304437564499486
ENSG00000137845	0.28345577537420397	5.152362718978593e-07
ENSG00000137868	0.2935000215483363	0.07205527976972503
ENSG00000137871	-0.7134293804991501	2.49122246056721e-05
ENSG00000137872	-0.7572024371391741	0.06666666666666667
ENSG00000137876	-0.9569355818688372	7.978336752700057e-12
ENSG00000137880	0.043889617979804285	0.6086197745658873
ENSG00000137936	0.4902718585667287	4.595409011426577e-06
ENSG00000137942	0.0823203666379726	0.04975896048393026
ENSG00000137944	-0.746444567182948	8.954911171455997e-12
ENSG00000137947	-0.10497965180473301	0.0036533986158930184
ENSG00000137955	-0.24324133435203876	1.3712892113787754e-06
ENSG00000137959	0.5679225180923169	0.01252410732077581
ENSG00000137960	-0.9801770767500564	2.634981470940345e-10
ENSG00000137962	-0.3458186107934935	3.737304417887209e-06
ENSG00000137965	0.6166265898383259	0.00033267949472001127
ENSG00000137975	-0.12044273881188161	0.28993432197093527
ENSG00000137992	-0.985619912979601	1.7937117134306492e-13
ENSG00000137996	-0.17229171811555588	0.0014874761962627267
ENSG00000138002	-0.3812906011987742	2.69986290051273e-06
ENSG00000138018	-0.977831818264697	3.153600887867846e-08
ENSG00000138028	0.24145559258285942	0.0015527917498447436
ENSG00000138029	-0.5169981466448448	1.1153404301644677e-14
ENSG00000138030	-0.5714314160868348	0.00018483838046215963
ENSG00000138032	-0.2669164024467996	0.0038537394150620265
ENSG00000138035	-0.37456579682636715	5.6730986350955516e-05
ENSG00000138036	-0.4145682700928077	0.0013585585604020808
ENSG00000138050	0.21487131264492376	0.1174805455522688
ENSG00000138061	0.4481928988759023	0.00013685323021515882
ENSG00000138069	-0.4931313028880524	2.7295045253409595e-07
ENSG00000138071	0.5162548447279462	8.038164938208734e-15
ENSG00000138073	-0.5742104531353895	4.83362974442594e-09
ENSG00000138074	-0.24501850157973237	0.3742957146909326
ENSG00000138078	-0.21992937369234156	2.9417576394476822e-08
ENSG00000138079	-1.4504964615361366	1.0187457561217785e-13
ENSG00000138080	0.7157351608236695	3.512326982502653e-12
ENSG00000138081	0.002802967788181121	0.739622768280914
ENSG00000138085	1.3163530482741201	8.072145726553738e-09
ENSG00000138095	-0.27459997637349076	0.00013231471255184524
ENSG00000138101	-0.7109531613692397	1.0623503653146255e-07
ENSG00000138107	-0.0996595761949699	0.05480515343935806
ENSG00000138109	-0.3563132467234489	0.28630865701803915
ENSG00000138119	0.8513705415027459	2.605939737437246e-15
ENSG00000138131	-0.04863413498019753	0.9165825517074996
ENSG00000138134	0.13577880163928313	0.005405886035755181
ENSG00000138138	0.1547342832018117	0.020572650465328215
ENSG00000138160	0.2952134299519713	0.014074164515946213
ENSG00000138161	-1.877221795054023	2.389512070585937e-12
ENSG00000138162	-0.05467827689914628	0.31093367887260603
ENSG00000138172	0.3078676584199478	0.06349206349206349
ENSG00000138175	0.324427711346587	4.8293447820601993e-08
ENSG00000138180	0.24933909834988555	0.10615181141508706
ENSG00000138182	-0.0946871383277319	0.49301070128782254
ENSG00000138185	0.649615399227585	5.958843613648947e-12
ENSG00000138190	-0.2677470635033039	3.403464855273614e-07
ENSG00000138193	-0.21782778717987483	0.4862012763652668
ENSG00000138231	-0.04145447046544959	0.2066107614675584
ENSG00000138246	0.4178049506256514	5.959026433013842e-14
ENSG00000138279	0.31641405273548884	1.2316800406469603e-10
ENSG00000138303	-0.26299273059320427	2.0334721676176975e-06
ENSG00000138308	-0.23732702907791747	0.19814437278968172
ENSG00000138315	-1.1125119986825354	0.03996003996003995
ENSG00000138326	-0.4588304649733317	5.6730986350955516e-05
ENSG00000138347	-1.0197109146113839	0.00012616312625615252
ENSG00000138356	-1.8712099577908283	4.017606357653338e-18
ENSG00000138363	0.26576997044796613	1.6199227865539073e-06
ENSG00000138375	-0.09489259728954735	0.36322686415672223
ENSG00000138376	0.8738165207791369	0.07611905280353494
ENSG00000138378	-0.01527119029565327	0.8226302088301037
ENSG00000138382	0.10273276013570509	0.205904581814908
ENSG00000138385	0.1100566532256515	0.005762632951682746
ENSG00000138386	0.45281686588356607	1.0117835898600473e-05
ENSG00000138398	0.053643208751516624	0.5672053631362719
ENSG00000138399	-0.7228102182413991	1.8251218047729547e-07
ENSG00000138411	0.013960843414107416	0.6674871990056575
ENSG00000138413	-0.08036665448881308	0.12723445181927687
ENSG00000138430	-0.29440627455703705	1.0367572203834761e-07
ENSG00000138433	0.2200198555639723	0.0034332772050014258
ENSG00000138434	0.11452561697529262	0.1059546385742911
ENSG00000138439	0.8098733284867627	0.004732603537758488
ENSG00000138442	-0.21214265304840652	7.3342957360015755e-06
ENSG00000138443	0.138150526618535	0.3480582523625969
ENSG00000138448	0.763148378213284	1.3341165010888142e-16
ENSG00000138449	0.6048092002503207	0.2818181818181818
ENSG00000138459	0.08135821642319385	0.9190686886245063
ENSG00000138463	-0.6152544895407743	0.06668386652906777
ENSG00000138468	-0.09785610145438639	0.03961518860817274
ENSG00000138495	-0.7090048156136071	1.3010100116944746e-10
ENSG00000138496	0.7224962780651012	2.122711000400283e-17
ENSG00000138592	-0.1640506463111464	0.0002919164309066424
ENSG00000138593	0.13020215008106462	0.19875849487612574
ENSG00000138594	0.27955340312739096	2.9951362983196543e-09
ENSG00000138600	0.02195512639015007	0.9121927306200407
ENSG00000138604	0.011152578437894078	0.8957124695731036
ENSG00000138606	0.48712157952769886	0.0032787532371377393
ENSG00000138614	0.2792593151321512	0.00013231471255184524
ENSG00000138615	0.7519731120430002	7.752913669860309e-07
ENSG00000138617	0.03573694487936052	0.8111146923404635
ENSG00000138621	-0.3845506529489171	2.98199016937268e-07
ENSG00000138623	0.6836906149161415	9.464520555571794e-09
ENSG00000138629	-0.15688130656984	0.05823750563339936
ENSG00000138639	-0.5978630992541909	1.3366166733749517e-14
ENSG00000138640	-1.2997075027735292	1.0652069070837486e-15
ENSG00000138642	0.43428626601695797	0.0039521311008500785
ENSG00000138646	-0.051919061330856664	0.310553262761578
ENSG00000138660	-0.02540871019131785	0.6982066641405688
ENSG00000138663	-0.24758265847991723	2.119645872392172e-11
ENSG00000138668	-0.16654193117915028	0.0010037639137696823
ENSG00000138669	-0.5852111020265163	0.05165232095129338
ENSG00000138674	-0.22092090603205605	1.4102042424213875e-05
ENSG00000138678	-0.2420025510010113	0.13800768453642842
ENSG00000138685	0.04920978516803842	0.5563165169024655
ENSG00000138686	-0.04803126344620878	0.4961368797522613
ENSG00000138688	-0.07556324908105339	0.26068395305540537
ENSG00000138698	0.12456947398649376	0.002536203691175354
ENSG00000138709	-1.0422780159280514	6.554677322463911e-14
ENSG00000138722	-0.13155309460870868	0.2820687780720833
ENSG00000138735	-0.5453857159149997	1.2002876413772277e-12
ENSG00000138738	-1.1895566009834475	0.047619047619047616
ENSG00000138744	0.008360693429668942	0.9850599792479565
ENSG00000138750	0.08989050523427977	0.020801092126897056
ENSG00000138756	0.3375277433048183	1.1595758772812754e-06
ENSG00000138757	0.09590270418773272	0.0027159543782190624
ENSG00000138758	0.3784395929862896	6.389383820891407e-08
ENSG00000138759	-1.2353263214364816	9.785794775474703e-15
ENSG00000138760	-0.2498150770180878	0.00018483838046215963
ENSG00000138767	-0.15287860652125929	0.019753687954824566
ENSG00000138768	-0.34571444154654785	2.0151768244387255e-05
ENSG00000138771	-0.07631990413735323	0.17959478447960808
ENSG00000138772	0.6911567811443469	3.732890505887832e-11
ENSG00000138777	-0.17462492044319333	0.007229402457557596
ENSG00000138778	-0.03578501485982244	0.6159775212245813
ENSG00000138780	-0.3358115062811393	3.9680229136828093e-07
ENSG00000138785	-0.319380944274009	1.1359353070363316e-07
ENSG00000138792	-0.06781892065387041	0.38788473049733463
ENSG00000138794	0.004910963306471672	0.9353271065169884
ENSG00000138795	0.2063003156918306	0.05672618049892568
ENSG00000138796	-0.004087673950465387	0.8400568851302858
ENSG00000138801	-0.005248820802812304	0.367635623618524
ENSG00000138802	0.13120934406803286	0.0017400936098185898
ENSG00000138814	0.21522828339132616	4.391415530302373e-06
ENSG00000138821	-0.7186419709974246	0.04848484848484849
ENSG00000138823	-0.2747994927441191	0.29338899796798545
ENSG00000138829	0.37464831252142616	0.03827849232350568
ENSG00000138834	-0.12694136821770385	0.1817308601157145
ENSG00000138835	0.2991383662343239	3.1211371707140623e-06
ENSG00000138867	-0.27065182954025246	0.08703130374957001
ENSG00000138942	0.4103040197973762	0.00801952936191294
ENSG00000138964	0.6877165706220296	9.913392795291764e-10
ENSG00000139044	0.5023562526902836	0.18021978021978025
ENSG00000139055	-1.7362951870086505	4.018091681616274e-15
ENSG00000139083	0.3928705605942291	1.7978721711052298e-09
ENSG00000139112	-0.5010441499844909	2.674418592092804e-05
ENSG00000139116	-0.7443356692850429	2.5106961889076843e-14
ENSG00000139117	0.2415213376412062	0.00021089522011614168
ENSG00000139131	-0.2660224606573358	8.084169369792987e-06
ENSG00000139132	-0.3372507682059549	3.25695717858146e-07
ENSG00000139144	-0.04317323690926855	1.0
ENSG00000139146	0.06629401993292916	0.6550465152962215
ENSG00000139151	-1.3861158651553218	2.0722053791019533e-05
ENSG00000139154	0.12719329569916482	0.6388028895768834
ENSG00000139163	0.08794864930514024	0.5244355855476838
ENSG00000139168	0.017543154555252016	0.6417011494696432
ENSG00000139174	0.5230585861436872	0.009821662953720577
ENSG00000139178	0.6453179320892772	2.1814659568249015e-10
ENSG00000139180	-0.4198769312304407	0.00012158102930367212
ENSG00000139182	-0.091468433296928	0.11566561150246185
ENSG00000139192	0.15546538404779042	0.20348435328273007
ENSG00000139193	0.05024073146662644	0.8775377881301171
ENSG00000139194	-0.49227312709294324	0.0008650907149634095
ENSG00000139197	-0.24644920140178073	2.053055275219289e-05
ENSG00000139211	0.22134645643306072	0.8999385905096587
ENSG00000139218	-0.30919422031361066	2.705950519796711e-09
ENSG00000139219	0.17254487272145624	0.1703336557188435
ENSG00000139220	0.5957230781839371	9.492136887605128e-06
ENSG00000139233	-0.47244966129913735	1.2569964785470631e-06
ENSG00000139263	-0.147072771433848	0.36802497986533766
ENSG00000139269	0.7361006270144088	0.0018574103242295463
ENSG00000139278	0.37831813235872147	0.0032204418547850363
ENSG00000139289	0.5769860008761221	1.9121108510068832e-08
ENSG00000139291	-0.3205200779323185	0.0038181941040315486
ENSG00000139318	-0.07023978215536886	0.652372495652628
ENSG00000139323	-0.11599036364456694	0.42312660503334787
ENSG00000139324	0.09853597162943828	0.1652048063260907
ENSG00000139329	0.8549501799206816	6.347939671162313e-10
ENSG00000139330	0.6808690424204151	0.012998757482653273
ENSG00000139343	-0.2533012622257935	3.6269617340328435e-05
ENSG00000139350	-0.25863021420837384	4.055709982413307e-07
ENSG00000139370	0.7520115140862735	8.207603464845013e-09
ENSG00000139372	0.027274189408700522	0.43436396176660985
ENSG00000139410	-0.09233330375927551	0.5229841709764471
ENSG00000139428	-1.0764337947339158	1.2441158652627314e-16
ENSG00000139433	-0.18836561424704712	0.0015977918688228959
ENSG00000139436	0.06827317869882066	0.009940404059448817
ENSG00000139437	-0.053074440160681746	0.46478179372201156
ENSG00000139496	0.22378402053896096	2.3378217565983237e-05
ENSG00000139505	0.156729114523241	3.2527329446381974e-05
ENSG00000139508	-0.24271676080977045	0.12874862624035271
ENSG00000139514	-0.7575041751557663	5.470297132434816e-07
ENSG00000139515	-1.2186131181539466	1.0580250740908672e-12
ENSG00000139517	-0.3064710729784945	0.47927139593082113
ENSG00000139531	-0.01563333429615099	0.7597173233165314
ENSG00000139540	-1.2785350973010683	0.00018763486255746317
ENSG00000139546	0.017655716945590427	0.6213653911386531
ENSG00000139567	0.08035160649347617	0.46428816737042367
ENSG00000139572	-0.06564289870500772	0.5616578762996056
ENSG00000139579	-0.09267389820585947	0.0940600705521958
ENSG00000139597	-0.008123135034292517	0.7676918316688847
ENSG00000139613	-0.09704705857528495	0.012460344970987245
ENSG00000139618	-0.17301212187431148	0.44354023171907453
ENSG00000139620	0.022846167443351106	0.7006564541910109
ENSG00000139626	0.0195208458553644	0.6868651803414656
ENSG00000139629	-0.15297186068408664	0.1114568831524471
ENSG00000139631	-0.4782181618358088	0.06211047442393981
ENSG00000139637	0.30614141798498906	3.556324346460857e-07
ENSG00000139641	0.23905029958394053	2.8781703676249523e-06
ENSG00000139644	0.12850582104442765	0.8792770918411164
ENSG00000139645	-0.009873103737135125	0.5444539053814514
ENSG00000139648	1.1082553765573486	1.9326132919793725e-09
ENSG00000139651	0.05557162770120172	0.7950052126870847
ENSG00000139668	-0.04802795922625691	0.9216529720572839
ENSG00000139675	0.21328533288212626	0.6724716202270382
ENSG00000139684	-0.22490146095327646	1.9984226988882396e-07
ENSG00000139687	0.1917241647701573	2.0151768244387255e-05
ENSG00000139697	0.09674564676543795	0.022958522488514398
ENSG00000139718	-0.32936281996020256	8.770942496033933e-09
ENSG00000139719	0.4756221595677168	3.4219135168143224e-08
ENSG00000139722	0.402142971499174	1.2856027567217266e-09
ENSG00000139725	0.3341036112648581	0.0006505435244644169
ENSG00000139726	-0.2552658912805512	0.00011752191526153993
ENSG00000139734	-0.6261004298167343	0.005210754774371856
ENSG00000139746	-0.011951588562737925	0.08306698325852868
ENSG00000139793	0.603251421764444	2.1308555104504053e-05
ENSG00000139826	-0.1413401175780642	0.10120793500086839
ENSG00000139832	-0.3459888641589117	1.6885466039111573e-06
ENSG00000139835	-0.47188350402185364	0.09403582225062526
ENSG00000139842	0.18237984145882535	2.0552279185441635e-08
ENSG00000139910	-0.9375928437890995	0.023606811145510834
ENSG00000139921	-0.11965008729050908	0.10153593115192057
ENSG00000139926	0.7640932795990203	4.5880818119087395e-15
ENSG00000139946	-1.2351474849780644	1.1716366423164215e-06
ENSG00000139970	-0.005081777612435445	0.8044481761930079
ENSG00000139977	-0.07184346632998029	0.10776426838165826
ENSG00000139988	0.1837339585155746	0.23251354128621504
ENSG00000139990	-0.5269925827226345	2.4967637647643425e-10
ENSG00000140006	-0.2894601647609818	2.22776814718638e-07
ENSG00000140022	0.17888065147777965	0.08818928282682528
ENSG00000140043	-0.7147628602037024	1.737681147234883e-08
ENSG00000140044	-0.6577870358404034	0.10919455501498845
ENSG00000140092	0.5339623563276952	8.782431676409216e-05
ENSG00000140093	0.3590619647870561	0.0003480975143153275
ENSG00000140105	0.07182338034463598	0.8727170718373476
ENSG00000140153	-0.35890392013664396	1.46558422495661e-08
ENSG00000140157	-0.040436830674217106	0.7256613890477719
ENSG00000140199	0.1762338179892602	0.009706012382876996
ENSG00000140259	-0.11599809210276035	0.006963770320459347
ENSG00000140262	-0.12957550429953812	0.15227076809266293
ENSG00000140263	0.10717246874414954	0.15289216375527626
ENSG00000140264	-0.031307436109631936	0.14469760020468053
ENSG00000140274	0.6769456517618622	0.001583843671002445
ENSG00000140279	0.8686712151353788	4.88248422700298e-07
ENSG00000140280	0.4430076553282163	0.0005317275283536977
ENSG00000140284	-1.124674608227071	2.119645872392172e-11
ENSG00000140297	1.2428535360490578	1.7090419451712029e-10
ENSG00000140299	0.5727931045426367	4.922470593486838e-09
ENSG00000140307	0.6732930014116825	5.476871561763468e-09
ENSG00000140319	-0.25201223765141734	0.0008913168079358305
ENSG00000140320	-0.14966043249394545	0.7090730856847203
ENSG00000140323	-0.2516497768972368	0.6608058608058608
ENSG00000140326	0.43698698849067696	0.08645970091279385
ENSG00000140332	0.17261316972162533	0.004510583867443433
ENSG00000140350	-0.19682323391858247	0.00047696342827366063
ENSG00000140365	0.12565199940302563	0.002271114566460635
ENSG00000140367	-0.037524593999179956	0.9571042507783218
ENSG00000140368	0.24402870917139197	0.010682156455823974
ENSG00000140374	-0.5368265568995625	8.62926206140546e-08
ENSG00000140382	0.07453213223225674	0.23811362110722023
ENSG00000140386	-0.2694764670155081	8.769362811516421e-05
ENSG00000140391	0.70167922682759	1.9546711267886076e-05
ENSG00000140395	-0.13186150557715592	0.01968062068511217
ENSG00000140396	0.04795550415440886	0.38332716790086574
ENSG00000140398	-0.18075224510652532	0.25169768773301615
ENSG00000140400	0.09054924953322185	0.11914110196807667
ENSG00000140403	0.28962262792295945	1.3577242268435747e-05
ENSG00000140406	-0.21731387145155523	0.056746203673967203
ENSG00000140416	0.45468223261042695	4.717477310084854e-08
ENSG00000140443	-0.006948526888468365	0.7762642539040161
ENSG00000140455	0.0299356039646419	0.47030849332781655
ENSG00000140463	-0.027834657197445267	0.4111571167112863
ENSG00000140464	0.937256416960139	1.331003340882989e-17
ENSG00000140471	0.18284166572392913	0.22006638358140027
ENSG00000140474	-0.2355485365152319	0.006400701387456603
ENSG00000140479	-1.459321752404687	0.13333333333333333
ENSG00000140497	0.36983369420576295	2.2850163790056717e-07
ENSG00000140511	0.9952558270928655	2.3538214050977753e-14
ENSG00000140521	-0.40609274853960287	2.8141084575764203e-06
ENSG00000140522	0.7254267662274003	2.2554748467425817e-07
ENSG00000140525	0.1997964119950666	0.058677497248045135
ENSG00000140526	-0.48217429139018364	8.730286112548747e-05
ENSG00000140545	0.691368766327944	1.6543279832702332e-08
ENSG00000140553	0.1756158521519211	0.0002649720050729967
ENSG00000140563	-0.2607887673637208	0.0005068715812792816
ENSG00000140564	-0.36289518445315494	0.0014424324406060673
ENSG00000140575	0.43130282040210943	3.375576833626922e-17
ENSG00000140577	0.3015762627833247	8.338268119008762e-05
ENSG00000140598	-0.17167303447864413	0.0002143847967053462
ENSG00000140612	-0.14724991351534555	0.8076697996316544
ENSG00000140632	-0.04432909245954164	0.2111329480802353
ENSG00000140650	-0.6811238244254518	1.071925930975012e-09
ENSG00000140678	0.46569420329287325	8.338268119008762e-05
ENSG00000140682	0.811925623011529	1.9694817986712155e-13
ENSG00000140688	-0.6148525639316347	1.4297625748984405e-06
ENSG00000140691	1.6427036963414636	3.822501277531477e-08
ENSG00000140694	-0.3443949056408613	6.350503089270394e-11
ENSG00000140718	-0.08219270006208745	0.07732014349798312
ENSG00000140740	-0.11069893373862527	0.035059190522443225
ENSG00000140743	0.11245814900485485	0.05275500065365111
ENSG00000140749	0.06542236342034258	0.7426656082621503
ENSG00000140750	0.09889403061043467	0.031283498085399326
ENSG00000140829	0.26892182237464013	1.374149335254547e-10
ENSG00000140830	0.1755267069764379	0.13947056286491852
ENSG00000140832	-0.651171906632733	0.0006221822829042006
ENSG00000140835	-0.03295765054641464	0.6333064334538758
ENSG00000140836	-0.24344768393397942	0.011100815867096233
ENSG00000140848	0.18814394012510505	0.0002966493486562292
ENSG00000140853	0.5022801869133247	0.09829721362229103
ENSG00000140854	-0.12471445046313079	0.058357429047881486
ENSG00000140859	-0.5978433524686118	1.0510488289044662e-07
ENSG00000140905	-0.8113849300817009	9.887304129733379e-14
ENSG00000140931	0.23478771577171997	0.08321354796087602
ENSG00000140937	0.8455652860164733	9.716336642430768e-13
ENSG00000140939	0.12949622738987898	0.05376311645958891
ENSG00000140943	-0.28262507783120583	0.1429935295866112
ENSG00000140945	0.5524620239984834	5.041894652584183e-07
ENSG00000140948	-0.010946330346808253	0.9356076915697754
ENSG00000140950	0.4333452220652134	1.0053988107989885e-11
ENSG00000140968	-0.07997228764798692	0.12531136765068654
ENSG00000140983	0.17824622037644033	0.038431483535426345
ENSG00000140986	-1.1857752422126815	7.85905379349685e-10
ENSG00000140988	-0.13446264086212878	0.47030849332781655
ENSG00000140990	-0.6055466298294547	3.641372465529785e-08
ENSG00000140992	0.0408739543961083	0.9552008827846545
ENSG00000140995	0.1486118798008107	0.34407761755802
ENSG00000141002	-0.21300750824521586	0.0001618307883933606
ENSG00000141012	0.22398574521643155	0.0002826620365447063
ENSG00000141026	-0.32045596469060555	5.611936900066566e-05
ENSG00000141027	-0.14082138901954266	7.255326532067841e-05
ENSG00000141030	-0.22286891548439058	6.203095444224063e-09
ENSG00000141034	-0.49368864535216517	8.345112991327709e-05
ENSG00000141068	-0.9065082996457932	3.707683663120003e-13
ENSG00000141076	0.3356643447192269	1.7078643351348303e-07
ENSG00000141084	-0.18075934317010933	0.01217075812060939
ENSG00000141086	-1.9187824000667284	1.0053988107989885e-11
ENSG00000141098	-0.023599860182081045	0.9491117847229386
ENSG00000141101	-0.2565489326643444	0.000365089710221339
ENSG00000141127	0.07379077905556741	0.2895821977394111
ENSG00000141179	0.11278485818478856	0.8076697996316544
ENSG00000141198	-0.653943433116897	3.732890505887832e-11
ENSG00000141219	-0.6309113779766378	1.0785329002125007e-07
ENSG00000141232	-0.660177359667852	0.261134118719258
ENSG00000141252	-0.2759773405872501	7.71179998280679e-11
ENSG00000141258	-0.2956441929056055	0.004367429702530296
ENSG00000141279	0.029063324990012518	0.4780183161391337
ENSG00000141293	0.0022494965308723636	0.7815053252632559
ENSG00000141295	-0.10066531581030702	0.059704910528457514
ENSG00000141298	0.04657452662182493	0.9114483307860036
ENSG00000141338	-1.2506761222711553	5.783166945260148e-15
ENSG00000141349	-0.7796757924971303	1.4135273450759958e-07
ENSG00000141367	0.26252815367610083	1.8446391458549286e-09
ENSG00000141376	0.08454384387544422	0.01120361448808276
ENSG00000141378	-0.47102390078184087	3.6269617340328435e-05
ENSG00000141380	-0.2606710911283088	0.00014884948948674305
ENSG00000141385	-0.7063589075053684	7.240879351057163e-10
ENSG00000141401	-2.2788387167716877	1.9090893598024766e-13
ENSG00000141424	-0.15738763756341712	0.39905861786901486
ENSG00000141425	-0.3878988783101285	4.854785421040191e-12
ENSG00000141428	-0.44498934539447177	1.4583510406763832e-07
ENSG00000141429	-0.07670947955534047	0.25856898446438614
ENSG00000141433	-0.37207781562316455	0.19187597013388868
ENSG00000141434	-0.2708303758575319	0.2138262345402162
ENSG00000141441	-0.39441212164045325	5.053039526469706e-05
ENSG00000141446	0.5125267637860098	0.21229383619233155
ENSG00000141447	0.01459083590010124	0.5122120710764757
ENSG00000141448	-0.0978949828103417	0.08995641471142472
ENSG00000141452	-0.19248675717749109	0.0004920479190253648
ENSG00000141456	-0.0894151694857932	0.06316916055166397
ENSG00000141458	0.6602694948119812	5.525083952652922e-11
ENSG00000141469	-0.3465800960788812	0.3678862212415712
ENSG00000141480	0.2952925197197622	1.5210251089670442e-05
ENSG00000141499	-0.05791930946698898	0.45516390554217423
ENSG00000141503	-0.053676371338909235	0.1601930705853718
ENSG00000141504	-1.0036571259238976	7.858827983203558e-13
ENSG00000141510	0.8033429764218241	1.0191567053120718e-06
ENSG00000141522	-0.11787301749300383	0.004569772964974592
ENSG00000141524	-0.02778006651907461	0.2743902513997516
ENSG00000141526	1.1131088412374055	3.1757894865145867e-16
ENSG00000141543	0.09927306620180687	0.01779612367491983
ENSG00000141551	-0.06767315753423375	0.3924751621793062
ENSG00000141552	0.3066579586280618	0.1821610775210909
ENSG00000141556	-0.06632441871563444	0.046007959138606155
ENSG00000141560	0.041594569116664815	0.24649342177531774
ENSG00000141562	0.46060249722699	2.610618466772662e-08
ENSG00000141564	-0.13054216993877077	0.00012158102930367212
ENSG00000141568	-0.01202271306963354	0.07802028275311251
ENSG00000141569	0.2488296370370442	2.2528383829428665e-05
ENSG00000141570	-0.22430255512208674	3.3731994039604515e-05
ENSG00000141574	0.28949217010963935	0.9186206623277562
ENSG00000141577	-0.17853095415851428	0.003153057892896942
ENSG00000141580	0.2106857478813069	5.475745196701596e-05
ENSG00000141582	-0.20821506938430545	0.00012577206226189514
ENSG00000141627	-0.24691187650443425	0.001214837680051155
ENSG00000141642	-0.8130765179964428	5.967011889521624e-08
ENSG00000141644	-0.030936638265213645	0.06436019436677812
ENSG00000141646	-0.016669936712187194	0.17294240030644425
ENSG00000141655	0.8791751892665332	1.6189049839610835e-07
ENSG00000141664	-0.10426984489269486	0.6285621797745379
ENSG00000141696	0.8077834297716251	3.6175238094739838e-12
ENSG00000141698	-0.3915859504505548	1.2206429665548774e-09
ENSG00000141699	0.2619150689330887	0.006063166463496028
ENSG00000141736	0.5909299270983901	2.5859631389889787e-11
ENSG00000141738	0.3427130925151012	0.0004078006480503658
ENSG00000141741	-0.1539720893602201	0.0014874761962627267
ENSG00000141753	0.4783966963471755	5.303086415360918e-08
ENSG00000141756	0.6376219811950179	5.711809223845271e-10
ENSG00000141759	-0.2861643806487777	2.396076902931041e-06
ENSG00000141854	0.5620399861767389	0.0056896297504508255
ENSG00000141858	-0.1644453194440949	0.023405221159697825
ENSG00000141867	0.06225933577546883	0.019247410298498815
ENSG00000141905	-0.7668564817683787	6.001639317685596e-18
ENSG00000141933	0.13609997062085277	0.344988344988345
ENSG00000141934	-0.13692163993513162	0.3566764591236227
ENSG00000141959	0.28575950888351187	4.672321358940423e-11
ENSG00000141968	0.6579074584735345	3.486114255824797e-09
ENSG00000141971	0.3479218922118825	8.150585395049144e-11
ENSG00000141985	0.26841070833868486	4.055709982413307e-07
ENSG00000141994	-0.20188903744748998	2.4455465855776126e-06
ENSG00000142002	0.2927515667560243	3.908585026874622e-08
ENSG00000142039	-0.5256911700713722	1.206292807290259e-08
ENSG00000142082	-0.19939601378697347	0.003463654997958133
ENSG00000142089	0.34066669285842366	4.136066020533613e-06
ENSG00000142102	-0.1182189537556475	0.558592872651833
ENSG00000142156	0.2189611473516777	0.0005075763294231053
ENSG00000142173	0.23329436533151693	0.0001116721333162035
ENSG00000142185	0.12899301121786522	0.7035714285714286
ENSG00000142186	-0.16222953288484376	4.8350098591930995e-05
ENSG00000142192	0.11643142098789028	0.07872557522738628
ENSG00000142197	0.2390300286604763	5.2512773493517346e-06
ENSG00000142207	0.02039370491091219	0.6396838768343456
ENSG00000142208	0.5507591151800426	6.151410543031233e-14
ENSG00000142227	0.3412046215892808	0.01150606498176306
ENSG00000142230	0.30129603792086	6.691419297986113e-10
ENSG00000142252	-0.32953870999093837	0.0009704398652328102
ENSG00000142273	0.32997318225132233	0.016776057353551067
ENSG00000142279	0.5698394293343902	0.04055229729646386
ENSG00000142327	0.0961765354148767	0.3199661289070057
ENSG00000142347	0.6338528356128244	1.752261257598656e-09
ENSG00000142396	0.1330813159849633	0.060271092720930224
ENSG00000142409	-0.20629050188771814	8.19499251730903e-05
ENSG00000142444	-0.42019240895896814	1.9816021603688607e-05
ENSG00000142449	0.6413611464295812	5.356211493104849e-06
ENSG00000142453	0.39311790825082227	1.5266403986863036e-12
ENSG00000142459	0.09820496473588847	0.4332164077108831
ENSG00000142484	2.2393452327993373	0.011106196864710795
ENSG00000142507	-0.6028785767408742	6.983905035163128e-14
ENSG00000142512	0.3230299568037651	0.09430690904048943
ENSG00000142534	-0.4310647502090994	5.683195547789881e-06
ENSG00000142541	-0.806837439549053	4.578016495446891e-12
ENSG00000142544	-0.12187532855823946	0.2939468806574166
ENSG00000142546	0.02239750373610505	0.2728644523956315
ENSG00000142552	0.7559930719314245	2.3749558874673965e-11
ENSG00000142583	0.25397203807699853	0.09464243796794708
ENSG00000142599	-0.0649450191373937	0.13794525375096542
ENSG00000142611	-0.39103579926190335	0.0030401626767151213
ENSG00000142615	-2.3509453692099846	6.750227921398397e-13
ENSG00000142619	0.0035427616651020344	0.6777945897413954
ENSG00000142623	1.020817234093741	1.4257196835375426e-07
ENSG00000142627	0.7787035918456411	1.3730186378437742e-11
ENSG00000142634	0.2720736688368781	4.115219505407333e-05
ENSG00000142655	0.4299179453053412	1.6147827067942198e-08
ENSG00000142657	0.47839936886495593	2.691005831372658e-12
ENSG00000142669	0.8915938870305915	4.941182523222218e-11
ENSG00000142675	-0.08709032633578317	0.08955865026129012
ENSG00000142676	-0.06865318145486299	0.29338899796798545
ENSG00000142677	-1.2974055705910459	0.007629898705413579
ENSG00000142684	0.053606328686548466	0.8997834231613229
ENSG00000142687	-0.2666481327688679	0.0050041826318955014
ENSG00000142694	0.08107568184165004	0.4626254138062488
ENSG00000142733	0.387628745445852	3.473166272684205e-08
ENSG00000142748	0.3646273354795788	2.471038138731573e-05
ENSG00000142751	-0.3776478684014215	0.024358559317375166
ENSG00000142765	-0.8301540752468384	1.437699799030889e-12
ENSG00000142784	-0.467538515880527	2.6745938854062075e-10
ENSG00000142789	-2.0805228801044926	4.999255262398842e-12
ENSG00000142798	0.4043620388962452	1.2856027567217266e-09
ENSG00000142864	-0.6473501444418979	1.8252598606233528e-16
ENSG00000142867	0.5844115727501276	2.5859631389889787e-11
ENSG00000142871	0.5315843795642081	2.916832815634923e-07
ENSG00000142875	-0.352054977813939	1.501576938668277e-08
ENSG00000142892	0.06325290118648752	0.17425792161412912
ENSG00000142910	-0.2038859437297731	0.0011458862199685246
ENSG00000142937	-0.018322230233625447	0.6102242668264857
ENSG00000142945	0.13194704061990947	0.2068884733515065
ENSG00000142949	-0.330839135238989	2.8530513136605934e-07
ENSG00000142961	-0.039416197986117396	0.8571823086627359
ENSG00000143013	0.630272880740737	3.4155103271897366e-07
ENSG00000143033	-0.9832083856899345	0.002169543006867723
ENSG00000143036	-0.9226997452050583	0.00048379779856602776
ENSG00000143061	0.017383644958854916	0.6080768093087301
ENSG00000143079	0.3502900820656585	4.597464540109569e-09
ENSG00000143093	-0.11163182242098912	0.005134980696994677
ENSG00000143106	0.11730047137580968	0.004690266308828981
ENSG00000143119	0.8616875762000866	2.7276422421018677e-08
ENSG00000143127	-1.027370249112641	0.0020639834881320948
ENSG00000143149	-0.370671576658296	2.5999081665018603e-06
ENSG00000143153	-0.6299191077405908	5.380342533834233e-07
ENSG00000143155	0.28928363531570866	5.902012039172729e-09
ENSG00000143156	0.1981418748746684	2.2874820643370883e-05
ENSG00000143157	-0.04642837752332696	0.9408435340838781
ENSG00000143158	-1.1582462910246214	9.120201257448774e-11
ENSG00000143162	0.5197365279479484	3.6193666318140146e-05
ENSG00000143164	0.234500220457317	3.501758081764326e-05
ENSG00000143167	0.0162458673077559	0.819820077048104
ENSG00000143179	-0.2009137565549004	0.008980117112594013
ENSG00000143183	-0.16682161111496185	0.4017542949252023
ENSG00000143190	-0.11408209244452294	0.022462983043118893
ENSG00000143196	0.4959347754079175	0.00017297515388215267
ENSG00000143198	0.1472691269215467	0.009940404059448817
ENSG00000143207	-0.1517176053719247	0.036089175956063285
ENSG00000143217	0.5709125709763541	6.491632350874463e-07
ENSG00000143222	0.4278174836557831	0.015889427627325335
ENSG00000143224	-0.14480583691330295	0.004115333853810236
ENSG00000143226	-0.4377667413326627	0.017234878618191292
ENSG00000143228	-0.10578351678205422	0.29570641569680767
ENSG00000143252	-0.5365078181723817	0.00013812812144185741
ENSG00000143256	0.011910253835562656	0.4231079166876959
ENSG00000143278	0.27038938011989444	0.0014043241193077052
ENSG00000143294	0.061855880099230376	0.14933798398821427
ENSG00000143297	0.09577415630424113	0.3488502403235172
ENSG00000143314	-0.686152548386719	2.4480762077827416e-13
ENSG00000143319	0.05869570671206148	0.2203911516866215
ENSG00000143320	1.4315646894792806	1.0964634998576643e-12
ENSG00000143321	-0.002609107651135645	0.9386369415660587
ENSG00000143322	-0.23995613955081296	0.000365089710221339
ENSG00000143324	-0.6135693205626858	2.2849830946159513e-07
ENSG00000143337	-0.016510564892442403	0.7883908645083231
ENSG00000143341	0.7915277975828836	5.787233285740871e-12
ENSG00000143344	-0.0883009129584913	0.9190428622116932
ENSG00000143353	-0.08091643569530405	0.18230834825354691
ENSG00000143363	-0.3340482385357504	2.6380153835865803e-09
ENSG00000143367	0.22229722261475615	0.0016501078216115367
ENSG00000143368	-0.3061262899494217	2.997292779370962e-06
ENSG00000143369	0.9423066714295558	6.554677322463911e-14
ENSG00000143373	-0.12138666528709408	0.01120361448808276
ENSG00000143374	-0.19982706101680847	0.00042083524792184364
ENSG00000143375	0.05049238474082074	0.8727170718373476
ENSG00000143376	0.14500703995317465	0.00034259983969600453
ENSG00000143379	0.07022981812717433	0.33122354599707937
ENSG00000143382	0.8580383363339728	2.031750107713592e-13
ENSG00000143384	0.20207391625189786	0.15889594707930477
ENSG00000143387	0.5978669065391777	2.4977263879609147e-07
ENSG00000143390	0.04007883318501371	0.25334444809825574
ENSG00000143393	0.13930729131978836	0.01081045662739508
ENSG00000143398	0.41026005227323736	0.00038647605283817716
ENSG00000143401	-0.03275452097773268	0.737639586777029
ENSG00000143409	-0.5898485395657254	4.332856671089848e-14
ENSG00000143412	-0.2695736494663059	0.030316413364962186
ENSG00000143416	-0.404409525464537	8.830029097135824e-08
ENSG00000143418	0.005408665562200099	0.9022995804397109
ENSG00000143420	-0.1793741555367383	4.054157607667979e-06
ENSG00000143434	0.47354820472524217	0.18040293040293043
ENSG00000143436	-0.442621313747118	4.2367271288368764e-07
ENSG00000143437	0.14814906953412077	0.019124844609744413
ENSG00000143442	-0.05388823605266779	0.14816737603677144
ENSG00000143457	-0.5893846063842574	1.430430141018379e-08
ENSG00000143458	-0.3249274343998181	0.030298221024712083
ENSG00000143476	0.20937227485540433	0.5632612411713372
ENSG00000143486	-0.6817092014295483	7.77841528560645e-15
ENSG00000143493	-0.02044442162424076	0.37207756327638764
ENSG00000143499	-0.041935269280937604	0.32091301044703346
ENSG00000143514	-0.04041782045882769	0.558779118517861
ENSG00000143537	0.14098363319614293	0.02723022587171346
ENSG00000143543	-0.9952075769077844	2.689152249525686e-08
ENSG00000143546	0.8700504294533715	0.00046231118148393907
ENSG00000143549	0.24229070411565345	1.5539840236368305e-06
ENSG00000143553	0.08675082784009192	0.2820687780720833
ENSG00000143554	0.22244335661831371	0.014164750116845315
ENSG00000143556	0.5882737158586693	0.6656683574455031
ENSG00000143569	0.10804120259690819	0.0005923058335298057
ENSG00000143575	-0.678794104101911	5.451964289810433e-13
ENSG00000143612	0.30227553993515954	0.18333333333333335
ENSG00000143614	0.332418350319589	1.8684778898162458e-07
ENSG00000143621	0.010158331512393204	0.3788025524381524
ENSG00000143622	0.02002962458661628	0.36128344743662966
ENSG00000143624	-0.2261137116515144	3.556304957784095e-08
ENSG00000143627	-0.35337208007907606	0.011917886844378707
ENSG00000143631	0.131407795520726	0.4682259748636244
ENSG00000143632	-0.14846805896608473	0.039217227747902414
ENSG00000143633	-0.21045195224702695	0.28061119084387176
ENSG00000143641	-0.1873525408864154	0.05376311645958891
ENSG00000143643	0.10473392778023438	0.05748412337153596
ENSG00000143653	0.21277622624011627	0.01946296248156823
ENSG00000143669	-0.16413470519849938	0.003801856570243107
ENSG00000143674	-0.9328738897638331	3.2414474405700675e-05
ENSG00000143702	0.586793429182066	9.488871752911843e-12
ENSG00000143727	0.15248234164969432	0.03961518860817274
ENSG00000143740	-0.10681374552783751	0.3833874830655535
ENSG00000143742	0.4866331585536905	2.053055275219289e-05
ENSG00000143748	-0.3613202105393576	2.2639564512410234e-09
ENSG00000143751	-0.16720423472411738	0.0038525476813689027
ENSG00000143753	-0.05889729943661948	0.5268508052947248
ENSG00000143756	-0.24032327214515448	0.7772717463601482
ENSG00000143761	0.7578400790527482	3.282950694135457e-06
ENSG00000143771	0.00897887845309242	0.8945776776879537
ENSG00000143772	0.08884846891756482	0.1920452823268567
ENSG00000143774	-0.20736000034438362	2.9153790624116784e-05
ENSG00000143776	0.33710015278460403	3.040434190627826e-13
ENSG00000143793	0.2419889844906784	0.0015307320639987138
ENSG00000143797	0.8886434902692599	2.934168684025591e-10
ENSG00000143799	-0.2872905106144117	3.89498008227162e-06
ENSG00000143801	-1.8675476141469431	3.273950118104693e-07
ENSG00000143811	-0.8261468394671532	1.0416615746158872e-08
ENSG00000143815	-0.30847419988055336	0.0002826620365447063
ENSG00000143819	-1.4582012803089555	8.607811087796476e-13
ENSG00000143842	-0.42435759366129133	0.00035668673485869044
ENSG00000143850	0.13021300091506305	0.09233127381423913
ENSG00000143851	0.5756793810489427	1.0778545003012771e-06
ENSG00000143862	-0.09827157695904631	0.2820687780720833
ENSG00000143870	-1.0075595370860242	2.136421814491379e-14
ENSG00000143878	0.02429185965448255	0.508229291891267
ENSG00000143889	0.07695771903416926	0.006540479524972878
ENSG00000143891	-0.14228609022620375	0.0032391027870019885
ENSG00000143919	1.0271231777317844	1.2374325264019096e-07
ENSG00000143924	-0.3106608335950085	0.00020407549693576184
ENSG00000143942	-0.028616685680152187	0.7124739111212857
ENSG00000143952	-0.5799124358928225	1.2636126779822158e-07
ENSG00000143954	-1.7496612071986206	1.0416615746158872e-08
ENSG00000143970	0.01640589616271626	0.6349718226212026
ENSG00000143971	-0.28679493988518345	0.03301920334155699
ENSG00000143977	0.5269869963364329	8.240903001262842e-08
ENSG00000143995	-0.42067745391880607	0.07243130948774304
ENSG00000144021	0.20252978906999886	2.1308555104504053e-05
ENSG00000144028	-0.041370140406851164	0.07525038893140235
ENSG00000144029	-0.572932069187825	4.54331197820597e-11
ENSG00000144034	-0.018507378603619173	0.8957124695731036
ENSG00000144036	-0.08089246978506637	0.07124656234359451
ENSG00000144040	-0.6310821089784184	1.647920905120199e-07
ENSG00000144045	0.24792824825473403	0.5734265734265734
ENSG00000144048	-0.09144615118860244	0.7317566124901687
ENSG00000144115	-1.0517600709176484	3.7281081402287716e-06
ENSG00000144118	0.5315264031418252	5.562762843404846e-10
ENSG00000144120	-0.636421187652175	7.392802675797074e-09
ENSG00000144136	0.49277972238302326	0.06324782741715979
ENSG00000144152	0.0048131612439767935	0.8873367655917314
ENSG00000144161	-0.2247030417734983	0.2343843553068452
ENSG00000144199	0.0671174831668857	0.4583815269398793
ENSG00000144224	-0.14507358423491468	0.003955776292643816
ENSG00000144231	-0.015188877694839675	0.9518863160276411
ENSG00000144283	0.2692408850373269	4.0418373995531516e-05
ENSG00000144306	0.004067567264435468	0.8141227892542897
ENSG00000144320	-0.21792678050655923	0.0013254768849651638
ENSG00000144354	-0.815033156711193	0.3757575757575758
ENSG00000144357	-0.39317084087612386	5.300950156702682e-12
ENSG00000144366	0.2700368488662974	2.916832815634923e-07
ENSG00000144381	-0.3507650082586906	8.404185383975579e-06
ENSG00000144401	0.46004006573293665	0.10156576313576145
ENSG00000144426	0.15520178123946593	0.0021185847198723737
ENSG00000144455	0.48771305566468115	6.05073234377862e-09
ENSG00000144468	-0.5147813681856057	2.072859721600113e-05
ENSG00000144524	0.08239763020919	0.2802112681301142
ENSG00000144535	-0.0031108154989709647	0.39709837976611695
ENSG00000144554	-0.3790613069646547	0.17350196360916503
ENSG00000144559	-0.5088747681807213	2.4440254126140602e-09
ENSG00000144560	0.3612232613991715	2.8781703676249523e-06
ENSG00000144566	0.050397185547531365	0.9187958295195846
ENSG00000144567	0.2996805569367993	0.00031091734157301853
ENSG00000144579	-0.0846150993685093	0.42790396087260285
ENSG00000144580	0.2963891240615588	6.849948346319456e-08
ENSG00000144589	-0.07213032306464129	0.23318335587085248
ENSG00000144591	-0.7147591383251957	4.176840768373255e-11
ENSG00000144597	-0.3476686025152844	0.00048801993436487065
ENSG00000144619	0.13105212349849182	0.5355521155830754
ENSG00000144635	-0.016170768745801922	0.21727327010823994
ENSG00000144642	0.2538135046901857	0.007490635472638864
ENSG00000144645	0.7988622974397046	7.526930956754144e-15
ENSG00000144647	-0.4184122428024395	0.0001158137098340641
ENSG00000144668	-0.05642824369747146	0.5284218522177391
ENSG00000144674	-0.48759169460693386	1.7732862843548742e-12
ENSG00000144677	0.5370585576387477	1.6115839450036923e-06
ENSG00000144711	-0.24402408208678494	1.1359353070363316e-07
ENSG00000144712	-0.2528968572340986	0.002105077859215026
ENSG00000144713	-0.5599300952090296	3.048551901232524e-07
ENSG00000144724	0.08742714389208217	0.5448719663112209
ENSG00000144736	0.2914449851932055	0.5950660966140843
ENSG00000144741	0.5805401506073302	0.0024827191901702324
ENSG00000144744	0.3675834937866256	1.1659655694546193e-10
ENSG00000144746	-0.10233458805168638	0.04927649173379901
ENSG00000144747	-0.24324818313440488	4.14526531364016e-07
ENSG00000144749	-0.8958354805590787	4.143025183696772e-08
ENSG00000144791	-0.33336877893584926	1.7210171738213388e-12
ENSG00000144792	-0.9959469019451603	0.09999999999999999
ENSG00000144810	1.1525438587466965	8.10109053950949e-13
ENSG00000144820	0.473854301646643	0.4613165095773791
ENSG00000144824	0.09529001226425038	0.012756017248409503
ENSG00000144827	-0.2430968682236525	0.00445209015921282
ENSG00000144834	-0.5049436599643649	0.0003231033445745061
ENSG00000144837	0.04868786779931966	0.6401015504732079
ENSG00000144840	-0.5621654826939739	1.1659655694546193e-10
ENSG00000144843	-0.2647345464451796	4.055709982413307e-07
ENSG00000144848	0.2056779019218169	0.00030145406558092073
ENSG00000144867	-1.17860956939273	1.2611658616937022e-06
ENSG00000144895	-0.44008246955594643	1.7078643351348303e-07
ENSG00000144908	-1.5112077531181924	1.5959809799496036e-14
ENSG00000144909	0.08741636501969907	0.07732014349798312
ENSG00000144959	0.9853988715950663	4.823714577921174e-13
ENSG00000145012	0.4696812534358692	3.8393435065835403e-11
ENSG00000145016	0.30316995223586574	2.693987878470197e-07
ENSG00000145020	-1.3918992706240978	1.67026033769649e-12
ENSG00000145041	-0.13429192523209466	0.0006394443753193877
ENSG00000145050	-0.4654024828876224	1.1595758772812754e-06
ENSG00000145113	0.9354255614831288	2.751783522327714e-06
ENSG00000145147	-0.05341328367481424	0.32097387678942746
ENSG00000145191	-0.012507252138668434	0.7883908645083231
ENSG00000145192	0.43740754525727965	3.316149147569023e-06
ENSG00000145198	-0.5792987129853522	1.6445687207098483e-05
ENSG00000145214	0.072721403660573	0.21726070088938132
ENSG00000145216	0.000890993191106304	0.38332716790086574
ENSG00000145220	-0.11190243945993217	0.04555627783378202
ENSG00000145241	-0.19987574713346135	4.189864616209047e-05
ENSG00000145247	1.1703862645086005	9.73782297533547e-17
ENSG00000145284	-0.8920082354292269	3.6499817547764626e-10
ENSG00000145287	0.27946412037811186	1.0
ENSG00000145293	0.39577481133678205	6.522101449439702e-06
ENSG00000145321	0.9390995158122877	9.218104299996282e-12
ENSG00000145331	-0.030421598269132488	0.47521934326393256
ENSG00000145335	-0.685522049317516	1.7680685264056064e-05
ENSG00000145337	0.9336957533793289	9.691924413567798e-07
ENSG00000145348	0.055197676733257595	0.1589582819909423
ENSG00000145349	0.3974748429216284	4.827770466202874e-07
ENSG00000145354	-0.07534692771201534	0.9651490035971579
ENSG00000145362	-0.1021286220467239	0.24311703205074153
ENSG00000145365	-0.8582549454848376	1.7803614950731043e-07
ENSG00000145375	-0.39523836854538885	3.6293275383302205e-11
ENSG00000145384	-0.11494968800345262	0.624879150846561
ENSG00000145386	0.2736839820420123	0.06135559630690835
ENSG00000145388	-0.19660078619470767	9.248882813078533e-05
ENSG00000145390	-0.9463388406282682	1.4651712477746481e-08
ENSG00000145391	0.0847779789441816	0.05223111228276399
ENSG00000145414	-0.38294070892603216	1.0624077794193891e-05
ENSG00000145423	1.1494165189206775	6.765945894022161e-14
ENSG00000145425	-0.36299660275770407	3.0125308146470174e-08
ENSG00000145431	0.7429083158917997	1.2240567868251486e-06
ENSG00000145439	-0.4817469572791424	2.2949557484672666e-05
ENSG00000145476	-0.5700561709686482	0.008267551224999994
ENSG00000145494	-1.1089945917980302	3.033676281732503e-17
ENSG00000145495	-0.31876392299909284	0.09341896545086567
ENSG00000145536	0.13001565296232798	0.9095901518502137
ENSG00000145555	0.0848253235582277	0.9320183888842802
ENSG00000145569	0.3625326434903613	0.0010590636248392804
ENSG00000145592	-1.2972255068856349	1.6851922440579387e-13
ENSG00000145604	-0.5904338793516253	0.017156862745098037
ENSG00000145623	0.49174165569366934	0.00016495965816939494
ENSG00000145649	0.08581492815067193	0.31693265838363516
ENSG00000145675	0.0830287500103779	0.015889427627325335
ENSG00000145681	0.9867944382980873	3.656854016834386e-07
ENSG00000145685	0.5411114051956716	0.016499257311133483
ENSG00000145687	-0.2338477554903875	0.06312281860551835
ENSG00000145692	-0.7685798461994473	0.18333333333333335
ENSG00000145703	-0.8244442799363298	6.3511296039951e-13
ENSG00000145708	0.28760423662040857	0.48937728937728936
ENSG00000145715	0.623123898106563	3.6449097605952185e-16
ENSG00000145725	-0.2268655304836713	1.6885466039111573e-06
ENSG00000145730	0.003501434218538435	0.32097387678942746
ENSG00000145734	0.2547831960499707	0.437796697626419
ENSG00000145740	-0.5814313599488976	4.8293447820601993e-08
ENSG00000145741	-0.3393968140844663	3.760541052504298e-05
ENSG00000145743	-0.16228889669440605	0.0031916918267951137
ENSG00000145779	0.105561496757268	0.03364347037930503
ENSG00000145781	-0.27849973614854306	5.4283839698543694e-08
ENSG00000145782	0.9323583450710231	1.6486580258156522e-14
ENSG00000145817	0.3212666916691944	0.04335354415938274
ENSG00000145819	0.24341893701091522	3.9696981776121617e-05
ENSG00000145824	1.473950998165094	3.528577888608257e-11
ENSG00000145826	1.4550697459710982	3.33547631289741e-13
ENSG00000145833	0.06751074775187149	0.08087262826959996
ENSG00000145861	0.5631025104772291	0.4126984126984127
ENSG00000145868	0.01718992938120323	0.8727170718373476
ENSG00000145882	-0.4014119815459125	1.459891126484197e-06
ENSG00000145901	-0.08934505571519935	0.2568192383456369
ENSG00000145907	0.16153254697757546	5.993649650802615e-07
ENSG00000145912	-0.3736852490187488	1.4122108335715833e-10
ENSG00000145919	-0.31298771724181407	6.778867665832011e-06
ENSG00000145920	-0.7201665118113851	1.9922497926015642e-05
ENSG00000145934	0.19596028930681797	0.5269382891864538
ENSG00000145945	-0.3985935336977029	0.000833796164196325
ENSG00000145979	-0.07794684825339004	0.5669626603349935
ENSG00000145982	-0.653791766547748	2.9791078602153084e-11
ENSG00000145990	0.3657527029892407	0.0038752856686773774
ENSG00000145996	-0.4733385932503822	9.887181837718887e-11
ENSG00000146007	0.03272332608580086	0.9419478370769262
ENSG00000146013	-0.13138870577324546	0.3103001499531115
ENSG00000146038	-1.491985544153863	6.364183019982576e-14
ENSG00000146047	0.47085246393115554	0.04251905388615346
ENSG00000146063	-0.6977543282145717	5.0396280205083664e-08
ENSG00000146066	0.7492892176077355	0.00045760608643109226
ENSG00000146067	-0.265472396055781	0.028923738707589967
ENSG00000146070	0.4381408126698716	0.004992133653472458
ENSG00000146072	1.0689729542899506	3.7066262958150636e-14
ENSG00000146085	-1.0083346193563827	5.237498728373493e-15
ENSG00000146094	0.3876464784817344	0.0001439368038023674
ENSG00000146109	0.18910341547421794	0.005936250704670653
ENSG00000146112	0.6563501259923008	1.5761561594237114e-08
ENSG00000146122	-0.3838348552199662	0.005830611637275734
ENSG00000146143	0.1693894718590343	0.017780670556850005
ENSG00000146147	-0.20682552190436	0.47644042492389393
ENSG00000146166	0.7530002185717741	0.0010955763255797023
ENSG00000146192	0.3290060231551095	0.0005820635872551131
ENSG00000146197	0.6608879310039875	6.395391057057992e-06
ENSG00000146223	0.318875703447862	0.0004695839932845348
ENSG00000146232	0.7687824659058897	6.554677322463911e-14
ENSG00000146242	0.5966423004140502	3.63880413571206e-08
ENSG00000146247	-0.1613597597720613	0.00015915220710892023
ENSG00000146281	-0.6249672485586011	3.5476088901786184e-13
ENSG00000146282	-0.9020192037308696	4.182184580317169e-16
ENSG00000146350	-0.5880885209128071	0.00957753602793312
ENSG00000146376	-0.012896550117972083	0.45509693327913625
ENSG00000146386	0.5159127963972523	3.523706741770554e-05
ENSG00000146414	-0.4632489328499787	9.60536588649755e-07
ENSG00000146416	0.44076107444877266	0.0007689774040021727
ENSG00000146425	0.5190423178563996	5.687643280628679e-08
ENSG00000146426	-0.3032478457403993	0.496969696969697
ENSG00000146433	-0.5265167341254084	4.2657931551863685e-05
ENSG00000146457	0.3000117090357648	1.2442663885729419e-07
ENSG00000146463	0.25085227690541245	8.404185383975579e-06
ENSG00000146469	-1.282677532119152	1.1941341292650992e-13
ENSG00000146476	-0.02115590400130074	0.8628935688997994
ENSG00000146535	0.11366972536691833	0.0798386475786395
ENSG00000146540	-0.10600398866440486	0.11974530201894636
ENSG00000146555	-0.26818095331604397	0.13889277209667228
ENSG00000146576	-0.0008410557837770227	0.947430134218887
ENSG00000146648	0.1727324645651649	0.10685641785932748
ENSG00000146670	-0.1584716194202258	0.23071754332623895
ENSG00000146674	1.2094252202785007	1.8252598606233528e-16
ENSG00000146676	-0.4128036228783998	2.660295315855726e-11
ENSG00000146678	0.5344937744199321	0.027743209495336513
ENSG00000146701	-0.11876297262733715	0.09477252366130548
ENSG00000146729	0.0027321575445284907	0.45761278910816405
ENSG00000146731	0.34858063910204606	9.738663557820941e-05
ENSG00000146733	-0.30201822356227837	7.255326532067841e-05
ENSG00000146802	0.01429878416409025	0.6515603958136547
ENSG00000146826	0.300679525852253	1.2613163402180542e-05
ENSG00000146828	0.32349889224799355	0.00033718347540717425
ENSG00000146830	-0.29633793177242396	3.4350102364721986e-05
ENSG00000146833	-0.07292308497100208	0.10505890543587959
ENSG00000146834	0.10738918047309554	0.010682156455823974
ENSG00000146842	-0.1347089634111036	0.08994078605988201
ENSG00000146858	0.3984200875290611	5.041894652584183e-07
ENSG00000146872	-0.1625906989598036	0.01566729112529552
ENSG00000146904	-0.33986523370572286	0.1572500789959627
ENSG00000146909	-0.43937074832057377	9.809707636989211e-07
ENSG00000146918	0.48627072321354703	0.0001090623338819362
ENSG00000146950	-0.39510460438217265	4.995817438950379e-09
ENSG00000146955	-0.429247788058273	0.0006074789304427717
ENSG00000146963	0.5839583212583541	8.62926206140546e-08
ENSG00000146966	0.32777740219149365	0.2347044080790211
ENSG00000147010	0.487787645861836	1.1007997445031751e-05
ENSG00000147041	0.0617230606736463	0.7705159492110245
ENSG00000147044	0.1567710187447311	0.02727606754089589
ENSG00000147050	-0.21985535300695958	0.02429180285749292
ENSG00000147065	0.7801715401755338	8.994777442699213e-14
ENSG00000147100	-0.4624552319945252	0.1772893772893773
ENSG00000147113	-0.462386365290012	5.0025730633416564e-05
ENSG00000147123	-1.3706541701937347	3.692294363816138e-14
ENSG00000147130	-0.08945295503849593	0.006377746290853119
ENSG00000147133	-0.11689324105412524	0.2504217283331579
ENSG00000147140	0.011670819224644191	0.6160679305854524
ENSG00000147144	0.369470362614571	0.13333333333333333
ENSG00000147155	-0.25858871024427543	0.06436019436677812
ENSG00000147162	0.0909752699956421	0.0017400936098185898
ENSG00000147164	0.10336330629849755	0.014663931746286437
ENSG00000147202	0.1518786096079232	2.862492103792271e-05
ENSG00000147224	-0.25122508913448627	0.0021185847198723737
ENSG00000147234	0.3097076616145422	0.4274889995990473
ENSG00000147251	0.39907429903372105	1.1007997445031751e-05
ENSG00000147257	-0.10758313206079251	0.6262710144437335
ENSG00000147274	0.20615068802068492	0.0017900585987259449
ENSG00000147324	0.05833837590613555	0.983530382409258
ENSG00000147381	-0.46460262629775784	0.11218267314598548
ENSG00000147383	0.11682227396667955	0.14355495022869283
ENSG00000147394	0.6660289303196869	1.5044538818196484e-11
ENSG00000147400	0.004134380754265976	0.04422359600251227
ENSG00000147403	-0.38517488810160216	3.312445991908427e-05
ENSG00000147408	-0.02282548332689771	1.0
ENSG00000147416	0.022720115954065534	0.3502001942354852
ENSG00000147419	-0.1887625147584906	0.002433644874424393
ENSG00000147421	-0.26596278480266733	0.0011752430602019594
ENSG00000147439	0.245343717015988	0.0006900532708568088
ENSG00000147443	0.34322476107026034	4.665423763616185e-05
ENSG00000147457	-0.24880626622240243	1.5539840236368305e-06
ENSG00000147459	0.49112590422009816	3.6449097605952185e-16
ENSG00000147471	-0.8039083368073676	4.153687147905242e-15
ENSG00000147475	0.0433052805058054	0.817354050096439
ENSG00000147526	-0.11631820582467256	0.00014153811128189489
ENSG00000147533	-0.2039622532981582	0.029067003258674725
ENSG00000147535	-0.5031080243581432	0.413986013986014
ENSG00000147536	0.2997781625553415	0.0802555583209238
ENSG00000147548	0.024635314882644366	0.4236987753140957
ENSG00000147571	-0.6605245308132481	0.0696405810688862
ENSG00000147576	-1.5687876056022212	0.00013407884854574242
ENSG00000147586	-0.3824394643415694	2.1331399051189838e-06
ENSG00000147592	0.1813152835992824	0.01990040167993078
ENSG00000147601	-0.580134751010462	6.454620100559092e-08
ENSG00000147604	-0.33302336427758306	0.0015751438567431844
ENSG00000147614	-0.37593611041417674	0.2787878787878788
ENSG00000147642	-0.5004215868182733	0.14514652014652016
ENSG00000147647	0.0799344233370185	0.04422359600251227
ENSG00000147649	-0.3006622742843348	3.3294331612901204e-07
ENSG00000147654	-0.23995665736015326	0.002194712063041772
ENSG00000147669	-0.42450821958381013	8.197415634510138e-09
ENSG00000147676	0.8093993424037542	1.3154612804850538e-09
ENSG00000147677	-0.20132546159060638	2.98199016937268e-07
ENSG00000147679	0.013694237238883744	0.8596444190335792
ENSG00000147684	-0.5317863000799292	7.30789644264082e-12
ENSG00000147687	-0.5730084171544583	1.0885995197403503e-06
ENSG00000147689	0.630158612115352	0.008005466524345148
ENSG00000147799	-0.5107943853706516	0.0013511833381199998
ENSG00000147804	1.0787568474647031	0.00047990074756371293
ENSG00000147813	0.43821882781896093	4.055709982413307e-07
ENSG00000147852	-0.9583766614780664	1.768739457608036e-12
ENSG00000147853	-0.4345736942712115	2.1232472373164716e-10
ENSG00000147854	-0.03971363345540624	0.54763959122705
ENSG00000147862	-0.6719534369006439	2.5106961889076843e-14
ENSG00000147872	1.0456182928415068	6.347939671162313e-10
ENSG00000147874	0.31950306287468067	0.0018689541352722586
ENSG00000147883	0.8684561448385182	1.460642446711509e-07
ENSG00000147889	0.6009760633451791	0.019485472574717423
ENSG00000147894	-0.15097552722757968	0.057649994390508934
ENSG00000147905	-0.19388625203347587	0.03363321663661794
ENSG00000147955	0.28907249116765854	0.07681960168240815
ENSG00000148019	-0.21205264609965724	0.00048102226451790254
ENSG00000148053	-1.3151392698043765	9.794296921576273e-08
ENSG00000148057	-0.8623904937539599	5.085494904278125e-12
ENSG00000148090	-0.3180613542895294	0.0005075763294231053
ENSG00000148110	-0.032319008515495184	0.9739962554607864
ENSG00000148143	0.280929539600983	0.31472822401994094
ENSG00000148153	-0.6133595955943676	1.1432524788151064e-13
ENSG00000148154	0.3215149324333595	0.028589464587725537
ENSG00000148158	0.0018306122339240005	0.7439263631771357
ENSG00000148175	0.21276684542109336	0.00662323843505047
ENSG00000148180	1.1158032088038219	2.0601404134436248e-11
ENSG00000148187	-0.4625691303464521	6.682916747219286e-09
ENSG00000148218	-0.1759732731591157	0.006791586582560762
ENSG00000148229	-0.024143391597323927	0.9982317903548006
ENSG00000148248	0.1537978044298427	0.02197676780798682
ENSG00000148290	-0.1459412296453273	0.03227693332025404
ENSG00000148291	-0.07131620830810093	0.4224195837613913
ENSG00000148296	-0.43457501778116026	5.902012039172729e-09
ENSG00000148297	-0.15173995026208686	0.012908700267215963
ENSG00000148300	-0.06975805758496989	0.09152883841791189
ENSG00000148303	-0.9467161424155606	2.119645872392172e-11
ENSG00000148308	-0.02341357486520579	0.28580880246550133
ENSG00000148331	-0.19291042128187286	0.030337485809469916
ENSG00000148334	-0.1415020639122737	0.01042961125586247
ENSG00000148335	0.263995253424536	4.622430094350544e-07
ENSG00000148337	-0.37934884797818924	3.266508651405378e-10
ENSG00000148339	-0.12782360691285533	0.23816194205864316
ENSG00000148341	0.017147024973862557	0.6576403704710183
ENSG00000148343	0.20757879677552893	0.21481020632271774
ENSG00000148344	0.8805908259386044	1.9108578630682354e-07
ENSG00000148346	0.9026922042971108	4.999255262398842e-12
ENSG00000148356	0.22587942020525276	1.111780569633562e-06
ENSG00000148357	0.1005790199154859	0.3522161851828234
ENSG00000148358	-0.44420599384160653	4.622430094350544e-07
ENSG00000148362	-0.21890899612214554	1.0000209465361813e-05
ENSG00000148396	-0.5686568968017056	6.819521609396447e-15
ENSG00000148399	-0.39835816091657605	1.1128771998863312e-06
ENSG00000148400	0.4350254535226661	0.0001828926036849175
ENSG00000148411	-0.00060491923529149	0.6447367025414535
ENSG00000148426	-0.5367906770033954	2.571742365744172e-09
ENSG00000148429	-0.2383384033692515	0.0009182782655445927
ENSG00000148444	0.6550676762198648	2.3382207126313122e-07
ENSG00000148450	0.4042154414367509	6.674072801474726e-07
ENSG00000148459	0.7537086378978373	0.01569509395596352
ENSG00000148468	-0.7292299691423381	3.692193540114845e-09
ENSG00000148481	-0.2960982344327334	7.053376064857872e-06
ENSG00000148484	0.2037992442049834	9.090859283291587e-05
ENSG00000148498	-0.18414348537481473	0.0005317275283536977
ENSG00000148516	0.34869251317303807	0.00020941547507668813
ENSG00000148572	0.1634886176474062	0.0005400130236603917
ENSG00000148584	-1.7580618739602691	1.742862689327471e-15
ENSG00000148606	-0.30371612095046174	8.208730854750733e-12
ENSG00000148634	0.14428491840779145	6.651211608374085e-06
ENSG00000148655	-0.0463361040484358	0.8205884177943333
ENSG00000148660	0.6124023388598445	3.1450914951460436e-14
ENSG00000148671	-0.6540766744296285	5.9588838099108215e-08
ENSG00000148672	-0.7882654337272896	7.926903280096977e-14
ENSG00000148688	0.1478469922398986	0.10328547703551974
ENSG00000148690	-0.46534723595037164	1.6573757719474267e-10
ENSG00000148700	0.065615845188983	0.08837498764887691
ENSG00000148702	0.42871825185931556	1.430430141018379e-08
ENSG00000148719	-0.11859858864608341	0.09477252366130548
ENSG00000148730	-0.09350713820478873	0.021737112211978698
ENSG00000148735	-0.49576095431334366	1.021813720170906e-06
ENSG00000148737	0.16189842768277174	0.09559158345139253
ENSG00000148773	0.5805133583240547	5.0608454273900304e-08
ENSG00000148798	-0.16252466940446908	0.4780183161391337
ENSG00000148803	-0.04407354234497163	0.8827881805380141
ENSG00000148824	-0.10366590939849374	0.01538601000345863
ENSG00000148834	0.2737166026482356	1.7786900546137787e-08
ENSG00000148835	-0.052927903109825536	0.09152883841791189
ENSG00000148841	0.23104785732024524	0.024470177094326223
ENSG00000148842	-0.333582082617923	0.01860627985350369
ENSG00000148843	-0.12539189363742764	0.0010647852625267006
ENSG00000148848	0.8008892505023759	0.00561888214883908
ENSG00000148908	0.7039477679980699	1.46558422495661e-08
ENSG00000148926	0.0833419710356651	1.0
ENSG00000148935	-1.636148124921025	5.744335746760787e-17
ENSG00000148943	-0.5280457724568599	1.164650639256564e-12
ENSG00000148985	-1.2104392512912145	0.006060606060606061
ENSG00000149016	-0.14280105975607782	0.35935510891936684
ENSG00000149021	0.4222893903658438	0.09749115872685668
ENSG00000149043	0.8775786682749604	0.012459038545995067
ENSG00000149084	-0.42034685668680893	0.0008913168079358305
ENSG00000149089	-0.21871799864441144	0.0004078006480503658
ENSG00000149090	0.9026639982080127	4.3145838264362053e-10
ENSG00000149091	-0.3306796952047044	4.061236718030576e-11
ENSG00000149100	-0.19438861097309612	0.0010492162160453931
ENSG00000149115	0.19781038632325476	6.099163035454522e-08
ENSG00000149131	0.6181594413877285	9.166715276395246e-10
ENSG00000149136	0.45269388180214065	1.3894052413028543e-09
ENSG00000149150	-2.5844375981338743	2.0402888511455655e-13
ENSG00000149177	0.3817164413426717	7.3342957360015755e-06
ENSG00000149182	-0.43397882708593727	1.0530101409462366e-13
ENSG00000149187	0.27222819545042043	3.798104331103051e-07
ENSG00000149196	0.3872317223358195	5.573594504428339e-05
ENSG00000149212	-0.5896064192024397	0.07453157105461942
ENSG00000149218	0.6946997045972019	5.416674183622331e-14
ENSG00000149231	-0.44304823313750674	1.660935164876253e-05
ENSG00000149256	0.11910043181833174	0.05571283533354976
ENSG00000149257	1.0950828944411164	4.153687147905242e-15
ENSG00000149260	0.6594800424317846	1.2658812040014857e-10
ENSG00000149262	-0.3292466975440931	2.156360424474972e-08
ENSG00000149269	0.23132519946802077	1.905493613378797e-05
ENSG00000149273	-0.6773564046206388	2.896064218307098e-11
ENSG00000149289	-0.4046166612492996	0.06313413701002621
ENSG00000149294	-0.9564035898002885	3.291399567236996e-15
ENSG00000149300	-1.1543644216022209	2.813028756196206e-12
ENSG00000149308	0.11396162535064391	0.19542870636306875
ENSG00000149311	-0.19701538834518928	3.9696981776121617e-05
ENSG00000149313	0.14240724957527817	0.3050101036645213
ENSG00000149328	0.09939706506746404	0.772722089139023
ENSG00000149357	0.4488681056205799	1.1354362553992978e-06
ENSG00000149380	0.3700190971933033	0.05496868278266117
ENSG00000149418	-0.03706707604679238	0.2710485251980028
ENSG00000149428	-0.5697803283266865	5.6151633966521214e-09
ENSG00000149474	-0.024504066152633897	0.1546576616904576
ENSG00000149476	-0.17849115709545416	0.008385189532764365
ENSG00000149480	0.23825299425700308	1.5384276502487125e-08
ENSG00000149485	-0.3777936755152318	0.02053841195875571
ENSG00000149499	0.26052337073581455	3.74180278278298e-06
ENSG00000149503	0.07310952326974984	0.9411105765417512
ENSG00000149527	0.01376966635609378	0.5147267547267547
ENSG00000149532	0.24597385880081646	5.2512773493517346e-06
ENSG00000149541	0.005696036026268558	0.24204364217186047
ENSG00000149547	-0.12477017467033846	0.7313703126380415
ENSG00000149554	0.16166181321685968	0.10038382198834754
ENSG00000149564	-0.09897724744336855	0.3024805344879947
ENSG00000149573	0.7987474746943981	1.838871929270201e-05
ENSG00000149577	-1.2887878137863886	8.854889465937498e-11
ENSG00000149591	0.9364326098871025	9.218104299996282e-12
ENSG00000149596	0.3087070808299579	0.17064906649166722
ENSG00000149600	0.8502905316334655	0.06349206349206349
ENSG00000149635	1.0984061884032457	0.019580419580419582
ENSG00000149636	-0.08811704666489817	0.06141681359961317
ENSG00000149639	-0.048003832683722436	0.9667459581116197
ENSG00000149657	-0.0915503919683971	0.030958236086904015
ENSG00000149658	-0.16008900723366537	0.009940404059448817
ENSG00000149716	-0.22496660444532068	0.019196192490244617
ENSG00000149743	-0.5951354401736211	1.6220900450501106e-09
ENSG00000149761	-0.25063831174435336	0.2975576195390437
ENSG00000149781	0.7936201219754189	5.620469715560268e-12
ENSG00000149782	0.3417004965610495	1.5266403986863036e-12
ENSG00000149792	0.22468391008857225	0.034700575334563076
ENSG00000149798	0.5920510221597972	1.3021154042210492e-07
ENSG00000149806	-0.18400713193666718	0.2516193862037637
ENSG00000149809	-0.25766028960787324	0.09674596551963073
ENSG00000149823	-0.3272906563408249	2.243748477179506e-11
ENSG00000149923	0.06443179409972899	0.07943604654730445
ENSG00000149925	0.6192032249522725	0.005764560221485512
ENSG00000149929	-0.2916862244724747	0.00013917710402728414
ENSG00000149930	0.05185597511865936	0.05376311645958891
ENSG00000149932	-0.8134377203631757	0.0001332690968081636
ENSG00000149948	0.987014415642367	7.6227404762512975e-06
ENSG00000149968	0.5120702071415089	0.007437957391308344
ENSG00000150054	-0.8998904484294208	3.772480543488844e-16
ENSG00000150093	0.634085976195589	2.3571602819054748e-15
ENSG00000150281	-0.701729267526165	0.06666666666666667
ENSG00000150316	0.48902669995114323	3.556324346460857e-07
ENSG00000150337	0.26952404931560636	0.11529176082380747
ENSG00000150347	0.11404177241752933	0.06329096949428616
ENSG00000150403	0.7143978812580869	8.275360277885948e-10
ENSG00000150455	-0.08300350332219253	0.9212121212121214
ENSG00000150456	-0.11249868456638268	0.32626849709504024
ENSG00000150457	-0.22505577807237742	0.12960568842921785
ENSG00000150459	0.23631985866455096	5.573594504428339e-05
ENSG00000150471	-0.3349226790373301	0.556502261845883
ENSG00000150477	0.39169565707056364	0.553254347204539
ENSG00000150527	-0.7130046233886667	6.099163035454522e-08
ENSG00000150540	0.42357239344033104	1.5606377339904226e-07
ENSG00000150556	0.23883403663129243	0.17578546538720585
ENSG00000150593	-0.9776300523163393	1.802446431514089e-15
ENSG00000150594	-1.1131887656408992	9.038650198566903e-09
ENSG00000150630	1.323509273660644	5.887180046226559e-08
ENSG00000150636	-0.476727350142923	6.3528765887836404e-09
ENSG00000150656	-0.029783271761708363	0.9829053694055424
ENSG00000150672	-0.2039993315466404	0.09010826332898163
ENSG00000150681	-0.06446158731331764	0.8633228468088495
ENSG00000150687	0.7179469589191108	6.006791088218845e-11
ENSG00000150712	-0.3594222692456768	2.660295315855726e-11
ENSG00000150753	-0.11000001827423134	0.00445209015921282
ENSG00000150760	0.19231384141392027	4.219558941739691e-06
ENSG00000150764	0.03779026412457753	0.913518763456264
ENSG00000150768	-0.11140770954875734	0.04555627783378202
ENSG00000150776	-0.3524295254814831	0.0016092716209925016
ENSG00000150779	-0.4709864390756806	1.31933429213787e-09
ENSG00000150782	0.4755334761639354	1.992164564911407e-09
ENSG00000150787	0.7654011203021085	4.0450082110683707e-10
ENSG00000150867	0.19658910780493954	0.008081712636330219
ENSG00000150893	-1.1392465146558841	7.02381471916399e-12
ENSG00000150907	-0.4557121900915675	1.491783106015295e-07
ENSG00000150938	-0.08556434668406254	0.68669698623045
ENSG00000150961	-0.2717747823406995	4.85089160585864e-06
ENSG00000150977	0.20885064017102906	0.10631168531960913
ENSG00000150990	0.0257962771074709	1.0
ENSG00000150995	0.06104779496045509	0.325048612648295
ENSG00000151014	-0.17052674475157303	0.06683344786551186
ENSG00000151065	0.04403136725246881	0.36322686415672223
ENSG00000151090	-0.6011387750833901	0.19047619047619047
ENSG00000151092	-0.3676978324403777	2.691005831372658e-12
ENSG00000151093	-0.8983460695497811	8.583536700253537e-15
ENSG00000151116	0.2432845918426736	2.162798515400269e-06
ENSG00000151117	0.28652260085200254	0.2397602397602398
ENSG00000151131	0.03828368619938871	0.16602877866575205
ENSG00000151135	0.026921227890554178	0.5015568436499529
ENSG00000151136	0.3177951325629209	0.006264071901285728
ENSG00000151148	0.32850940292800956	1.6365529645094467e-06
ENSG00000151150	-0.5547748358530349	2.896064218307098e-11
ENSG00000151151	-0.2839571446384923	0.08418098977148167
ENSG00000151176	0.47615765897898754	1.0367572203834761e-07
ENSG00000151208	0.2594595048116801	7.474733963171575e-07
ENSG00000151224	-1.8748194960312183	4.854785421040191e-12
ENSG00000151229	-0.38010896100279723	0.0003193164290634242
ENSG00000151233	0.04342372560924446	0.5167193464452886
ENSG00000151239	0.09515680199539034	0.0050041826318955014
ENSG00000151240	0.36434706146525286	2.0334721676176975e-06
ENSG00000151247	0.04567690497964705	0.6788414709297976
ENSG00000151276	-0.7902973275441028	5.002105937211597e-18
ENSG00000151287	0.05828135915599475	0.9037041204192832
ENSG00000151292	0.3385204999212661	0.0004667609774090764
ENSG00000151304	0.03176024942018074	0.5899681952120108
ENSG00000151327	0.16275347777379423	0.002791058089057036
ENSG00000151332	-0.36791509134425127	3.996484504396266e-05
ENSG00000151338	0.10535335851411531	0.38733194552161765
ENSG00000151348	-0.10980266950657835	0.1006700510253265
ENSG00000151364	-1.5376736758622336	3.3352215707062374e-11
ENSG00000151366	-1.2961831914223865	1.573113079003721e-12
ENSG00000151376	-0.498044576436218	2.855440055169342e-12
ENSG00000151388	1.1419663724246334	1.7242981848886837e-18
ENSG00000151413	-1.0420698795434369	6.554677322463911e-14
ENSG00000151414	0.30188754608988333	7.563952431131469e-09
ENSG00000151422	0.15731997936170572	0.008081712636330219
ENSG00000151445	0.25555753095541434	6.692964083323971e-08
ENSG00000151458	-0.16458732210833205	0.10709267324370149
ENSG00000151461	-0.061120926408055	0.045108339077200424
ENSG00000151465	0.3658286605165628	6.41821535503436e-05
ENSG00000151466	-0.268695408192297	0.19673882392189568
ENSG00000151470	-0.3243781924792337	0.025307726950770687
ENSG00000151474	-0.31523399459181434	0.004162654067342779
ENSG00000151490	0.00403792437302819	0.9530469530469531
ENSG00000151491	0.5290605372290251	1.9459950446978166e-11
ENSG00000151498	-0.8193204640324829	1.0321983030582986e-12
ENSG00000151500	-0.14823721351808672	0.0003214112110456182
ENSG00000151502	0.26830515489286455	7.920127153912821e-07
ENSG00000151503	0.3038981435887713	0.03493822814417995
ENSG00000151532	-0.6763453176303749	9.145604488493675e-13
ENSG00000151552	-0.45938719269269157	1.7862975448801645e-11
ENSG00000151553	-0.03617196707543613	0.1601930705853718
ENSG00000151576	-0.043855370051844034	0.325048612648295
ENSG00000151611	-0.4058770698075591	1.6543279832702332e-08
ENSG00000151612	-0.31507944891896145	0.019339774496537353
ENSG00000151623	-0.6224835989161441	4.383519005852302e-06
ENSG00000151632	-0.12191863871696995	0.13165626295241284
ENSG00000151640	0.2568223822538833	0.002532604181623141
ENSG00000151651	0.5461471896270922	0.0015121032252822387
ENSG00000151655	0.8486991902827299	1.7359734552467427e-11
ENSG00000151657	-0.20128630897348998	6.088193868333509e-05
ENSG00000151689	0.022337989916589862	0.6880072783172169
ENSG00000151690	-0.10537314642660434	0.9668813937978586
ENSG00000151692	0.5286032234555833	0.010647260092323656
ENSG00000151693	0.41713119276005983	4.399724171881617e-13
ENSG00000151694	0.022260986727957288	0.4989114934975649
ENSG00000151702	0.1610401494285263	0.187445193298302
ENSG00000151718	-0.1168303415651728	0.21601478303427457
ENSG00000151725	0.09908360181820974	0.7878787878787878
ENSG00000151726	0.2209648457318636	9.907294667777274e-05
ENSG00000151729	-0.4526082169226129	0.02450253151987272
ENSG00000151746	0.41997453987241684	5.5624501580210994e-05
ENSG00000151748	-0.4434973306637282	1.123156670420369e-06
ENSG00000151779	-0.2729366441803336	1.2582997720438638e-05
ENSG00000151806	-0.6252276199743179	3.242471211830329e-11
ENSG00000151835	0.4298907369542633	0.0001639717763679766
ENSG00000151846	-0.3878893368029708	0.0003944942080168201
ENSG00000151876	-0.40638398390213126	1.1588871188305543e-09
ENSG00000151882	0.19787210884058126	0.3426212590299278
ENSG00000151883	-0.041311908038693446	0.8320820758313674
ENSG00000151892	-0.07191839946996126	0.7463217662245649
ENSG00000151893	0.1892226870949294	0.00024037274812391943
ENSG00000151914	0.30889025055085284	1.3625624940620613e-08
ENSG00000151923	0.18495925203329122	5.284908005778753e-05
ENSG00000151929	0.15558938047631798	0.004813628768105611
ENSG00000152056	0.3267432453823602	0.0006138507962931336
ENSG00000152061	0.2566338113959894	9.21340458873791e-09
ENSG00000152078	-1.2666702084134975	4.772550953003632e-05
ENSG00000152082	-0.18309641589480208	0.010974028389207783
ENSG00000152102	0.042324091234327454	0.42257946656059286
ENSG00000152104	0.09223527838519274	0.08751921638044183
ENSG00000152127	0.11605491473137874	0.16394094387366764
ENSG00000152128	-0.556258323919316	0.0005552907683023625
ENSG00000152133	-0.0796738188826609	0.1520392145705898
ENSG00000152137	0.19825258005972657	0.0015527917498447436
ENSG00000152147	-0.16619313355205634	0.1519420214787174
ENSG00000152193	0.13787969939728129	0.03939932565720994
ENSG00000152213	0.3081912474667945	0.3055985552115584
ENSG00000152219	0.039881839370622174	0.7454336749277012
ENSG00000152223	0.050640047672555255	0.961832283828221
ENSG00000152229	0.22628166067526223	0.010305342006549265
ENSG00000152234	-0.4724453346963493	4.973768163822593e-13
ENSG00000152240	0.18997923498420022	0.05536418399657605
ENSG00000152242	-0.1309738740272195	0.02572102257120778
ENSG00000152253	0.15097072182397397	0.2142756103825827
ENSG00000152256	0.05800971226515017	0.4328077954317193
ENSG00000152270	-0.8879597394630743	6.544059935806538e-08
ENSG00000152291	-0.27757160380661716	0.0003480975143153275
ENSG00000152359	-0.31422720610926547	5.15667928045491e-06
ENSG00000152377	0.02740470286815011	0.8600750200568097
ENSG00000152380	0.2786063971945083	0.06917151594959887
ENSG00000152382	-0.06481972211915732	0.30545628888597076
ENSG00000152402	-0.46608762399228	7.198759728593999e-09
ENSG00000152404	-0.27006849992266524	2.79901118121751e-07
ENSG00000152409	-0.3485234980495946	0.00011586764677088406
ENSG00000152413	0.1527148315576632	0.16630164589297736
ENSG00000152422	0.21071140831365653	6.306371015416039e-05
ENSG00000152455	-0.4949939933649503	0.0037310470747003253
ENSG00000152457	-0.3172458074897193	0.2376703489746968
ENSG00000152464	-0.19438259020784088	0.005475598106843283
ENSG00000152465	-0.30317328337683236	2.6696849213593386e-07
ENSG00000152484	0.14686350775842882	0.07770938347304832
ENSG00000152492	0.25918312511770836	2.2528383829428665e-05
ENSG00000152495	0.29360301175928427	0.007985071633940131
ENSG00000152503	-0.05612900440868174	0.40396918582410957
ENSG00000152518	-0.030623375123234098	0.525695255799308
ENSG00000152520	-0.22459551402213762	0.0024227347768519822
ENSG00000152527	0.20545271076939997	0.14375475608735336
ENSG00000152556	0.3775692375946882	1.3010100116944746e-10
ENSG00000152601	0.40910955912808333	2.571742365744172e-09
ENSG00000152620	-0.9821637563144527	1.6444265759694919e-16
ENSG00000152642	-0.2263532627150262	0.0030691014692796493
ENSG00000152661	0.7747135709399622	2.443918739375152e-06
ENSG00000152683	-0.413325606880214	9.69074524569455e-07
ENSG00000152684	0.14026246699139833	0.01081045662739508
ENSG00000152689	0.24265640847115577	0.6611721611721613
ENSG00000152700	-0.8190851443499696	3.951995906701708e-12
ENSG00000152749	-0.9238059978808693	2.660295315855726e-11
ENSG00000152766	1.282109713262031	1.7629042146085236e-16
ENSG00000152767	-0.12379748506565491	0.0015307320639987138
ENSG00000152778	0.060288979964749245	0.2656505047503894
ENSG00000152795	-0.06838209882705115	0.25856898446438614
ENSG00000152804	-1.1385317643691337	1.5137768393665528e-05
ENSG00000152818	-0.505473498751762	7.22906955310822e-16
ENSG00000152894	0.023718875528054184	0.558779118517861
ENSG00000152904	0.4224080860563397	1.4122108335715833e-10
ENSG00000152932	-0.9811290824184269	6.097143310478256e-09
ENSG00000152939	-0.5834621847993766	9.337069394477069e-05
ENSG00000152942	-0.27325552605627124	0.00027384962081173557
ENSG00000152944	-0.16244156053982195	0.055332455295570245
ENSG00000152952	1.4133617563070189	4.322406353527035e-18
ENSG00000152990	-0.06875782493066396	0.6523572140284002
ENSG00000153002	-2.439498459996603	1.1906076900123038e-14
ENSG00000153006	-0.10676209325828978	0.2486705501107953
ENSG00000153012	-0.2523420483402816	0.6867905056759546
ENSG00000153015	-0.16204738268793406	0.004939919912773503
ENSG00000153029	0.27102501898729514	0.1521472534041507
ENSG00000153037	-0.9418571293805265	1.6543279832702332e-08
ENSG00000153044	-0.6447070383132747	1.178896420486228e-09
ENSG00000153046	0.4798376904202115	2.855440055169342e-12
ENSG00000153048	0.14274991390218972	0.003955776292643816
ENSG00000153064	-0.13293421908777603	0.5958478157719749
ENSG00000153066	-0.7845711530524682	1.270867578995315e-14
ENSG00000153071	0.37569015810781536	4.569966940351117e-06
ENSG00000153094	-0.03884321750149056	0.8018709876295016
ENSG00000153107	-0.10197365743062647	0.019247410298498815
ENSG00000153113	0.3666908054538176	1.575028328707128e-10
ENSG00000153130	-0.10972005840078936	0.2997862502067563
ENSG00000153132	-0.6841133211233981	0.04482297738456037
ENSG00000153140	-0.15946196668478407	0.00039894003825397006
ENSG00000153147	0.295993952086512	4.854785421040191e-12
ENSG00000153179	0.2774484376315485	0.008028691542383526
ENSG00000153187	-0.13818493591151082	0.00033718347540717425
ENSG00000153201	0.03855576647559289	0.7756090881495159
ENSG00000153207	-0.23217451453690074	6.359187865228765e-09
ENSG00000153208	-0.28041584521857743	0.07479229199656702
ENSG00000153214	0.31450580648838766	0.00475158519931132
ENSG00000153246	0.10451984692292982	0.3426229955821877
ENSG00000153250	0.30911557710795634	0.0007331944744889169
ENSG00000153292	0.19504381981955277	0.15607214456343907
ENSG00000153310	0.500752992420086	3.6585886547202633e-13
ENSG00000153317	0.4174505934707078	1.2360843897208605e-08
ENSG00000153339	0.07746549737542807	0.018613223509427117
ENSG00000153391	0.019706855969580772	0.5235959340190706
ENSG00000153395	0.5379239113848797	4.0450082110683707e-10
ENSG00000153406	0.03780238444584327	0.823825839275562
ENSG00000153443	-0.3592545676094119	0.012486487392497813
ENSG00000153487	-0.23383905888054102	0.003417642201431719
ENSG00000153551	-0.23254901839148445	0.9541290836092371
ENSG00000153558	-0.04165987396947557	1.0
ENSG00000153560	-0.08175381710482199	0.018200658989971745
ENSG00000153561	0.08979063132672493	0.005405886035755181
ENSG00000153563	-0.3160355208009662	0.010207621653307358
ENSG00000153574	-0.14839515580526808	0.02786216737762608
ENSG00000153714	-0.34701437252990885	3.44427386700669e-05
ENSG00000153721	0.2633510110924444	0.12742812742812742
ENSG00000153767	-0.03774894575706256	0.7988263030164994
ENSG00000153774	0.09089443688657184	0.06141681359961317
ENSG00000153786	0.5268392658977632	1.687405002681548e-05
ENSG00000153789	-0.0940824065626309	0.9202312702790405
ENSG00000153815	0.3771782001998929	2.8152876714281907e-11
ENSG00000153823	0.04343999439343449	0.7157762127369693
ENSG00000153827	0.3428173633309264	1.0111371046728673e-14
ENSG00000153879	-0.21726493527679125	0.4461538461538461
ENSG00000153885	0.04538267966055898	0.6828750888779114
ENSG00000153904	-0.5600817156638449	2.7295045253409595e-07
ENSG00000153914	-0.07897688309544293	0.14241923395062991
ENSG00000153922	0.11171510659002237	0.0011127839462966808
ENSG00000153933	-1.1185745156837932	1.5798743921931156e-06
ENSG00000153936	0.03822829885885781	0.8668261457804726
ENSG00000153944	-0.45673157423611954	7.098278471580322e-12
ENSG00000153956	0.4018645598120294	5.556548481826914e-08
ENSG00000153982	-0.3498757782514339	0.00016040657587980455
ENSG00000153989	-0.18903799918707875	0.13200633581836763
ENSG00000154001	0.7507045096079707	3.353672901759583e-14
ENSG00000154016	0.11646465697551278	0.038142684965852845
ENSG00000154027	0.3338790306436188	0.16638314818325217
ENSG00000154059	-0.6127702704989595	2.3007510474008904e-13
ENSG00000154079	-0.15527702292009948	0.03360572649300808
ENSG00000154096	0.5863722041962909	1.1621293956226742e-07
ENSG00000154114	0.07205324939915059	0.11815845643406533
ENSG00000154122	0.27420928950488843	0.07882669567995178
ENSG00000154124	0.30288680682317803	9.679279642059962e-08
ENSG00000154127	0.7333650704302492	8.884261812537915e-14
ENSG00000154146	0.21852520270754638	0.24814975401588102
ENSG00000154153	-0.8087630439654703	0.0022603919615348913
ENSG00000154174	0.15089044313183209	0.02503682034650124
ENSG00000154175	-0.08807452032670682	0.7407808113497072
ENSG00000154217	-0.3609982891464867	7.94713496637227e-09
ENSG00000154222	0.0989093290307963	0.012460344970987245
ENSG00000154229	-0.016083348674257536	0.681891548033605
ENSG00000154237	0.14540097119271778	0.07318479141913017
ENSG00000154240	-0.12595341527453385	0.22147851186704282
ENSG00000154258	-0.29537157933960856	0.6149407114624506
ENSG00000154262	-0.6409639260865703	0.00022871575065076748
ENSG00000154277	0.3887387578851218	0.00013685323021515882
ENSG00000154305	-0.7545589841124709	2.5859631389889787e-11
ENSG00000154309	0.8098369563713828	0.08974358974358976
ENSG00000154310	0.3838439226232424	3.834905151788702e-10
ENSG00000154328	-0.31710393850767815	0.00027503783870856804
ENSG00000154330	-0.2834505598985757	0.0017900585987259449
ENSG00000154370	0.06373182679123701	0.040356175753174045
ENSG00000154380	0.17184811457281413	0.0023673961541433694
ENSG00000154447	-0.07952459953214586	0.03399273657408941
ENSG00000154451	0.4527878335412545	1.801511345728912e-05
ENSG00000154473	0.29117528925998926	1.6147827067942198e-08
ENSG00000154511	0.14399078800350296	0.13940011810685035
ENSG00000154548	0.7616089255015606	0.09923409923409923
ENSG00000154553	0.6888596523053572	4.973768163822593e-13
ENSG00000154556	-0.7716964349437951	3.333453832565073e-19
ENSG00000154582	0.36823122105633743	2.206856912093771e-09
ENSG00000154589	0.05977606966958504	0.9739962554607864
ENSG00000154611	0.7170846480329658	0.09523809523809523
ENSG00000154639	-0.3394849634997428	0.0004551435764214553
ENSG00000154646	0.09243471156245775	0.7493837788855471
ENSG00000154654	-0.23468794498432644	0.03554059344217506
ENSG00000154678	0.25802908993796336	0.6715191510574354
ENSG00000154710	-0.25985980322171187	1.663177609807169e-10
ENSG00000154719	-0.38528830237643774	2.1052046972500034e-08
ENSG00000154721	-0.4763060720222292	0.00826356053831865
ENSG00000154723	-0.05827317665061926	0.1517003560238161
ENSG00000154727	-0.057549622078123974	0.2728644523956315
ENSG00000154734	0.19143212261306175	0.2566450312893328
ENSG00000154736	0.006827783401266885	0.7440784347707967
ENSG00000154743	-0.6062093718923869	0.001868720994768802
ENSG00000154760	0.14445603981610233	0.08381383736983977
ENSG00000154767	-0.3434448035062019	1.1487882945640048e-08
ENSG00000154781	0.2141002283522333	0.10158362243271411
ENSG00000154783	0.27654279374603163	2.0151768244387255e-05
ENSG00000154803	0.0707016862498051	0.903794872441941
ENSG00000154813	0.2925454198828703	0.013728145099881899
ENSG00000154814	-0.7386890280548286	1.822126503893958e-08
ENSG00000154822	-0.3794008210066231	7.240879351057163e-10
ENSG00000154832	-0.1421486496375337	0.002570228054178635
ENSG00000154839	-0.037337302841802256	0.49423022797635796
ENSG00000154845	0.24679880720734815	1.5962498113062184e-07
ENSG00000154889	-0.13394376559348942	0.5570280614562633
ENSG00000154914	-0.18706282173852173	0.5024705475147923
ENSG00000154917	-0.4484053486403994	2.7137579864945813e-06
ENSG00000154930	-1.0193906954972292	6.750227921398397e-13
ENSG00000154945	0.36622766533446693	0.21098620859595518
ENSG00000154957	-0.2858949329138838	0.14129119446060703
ENSG00000155008	-0.49459576496619206	7.869492766657454e-08
ENSG00000155016	-0.07277843762316749	0.7146059235619898
ENSG00000155034	-0.006788552790506941	0.6880072783172169
ENSG00000155066	0.3951814303145511	0.015380136260670996
ENSG00000155090	0.469395020186429	0.4121212121212121
ENSG00000155097	0.13149719567118012	0.011071173284974537
ENSG00000155099	0.03974201430441582	0.7549173028931349
ENSG00000155100	0.12199707295252438	0.039217227747902414
ENSG00000155111	0.9101972759565662	9.816346041131911e-05
ENSG00000155115	-0.2961903639895773	2.546572479686109e-07
ENSG00000155158	0.2472416613421693	0.0019207951233781795
ENSG00000155189	0.12946111235139668	0.12212749395226906
ENSG00000155229	0.16534675762257223	6.41821535503436e-05
ENSG00000155252	0.6703408829096524	7.913813361028565e-06
ENSG00000155254	1.3559192621486886	1.9368171361086236e-10
ENSG00000155256	0.4198772893865197	0.23962796046158596
ENSG00000155275	-0.08444404787902826	0.605147965487357
ENSG00000155287	0.1383271139428075	0.8711700199114387
ENSG00000155304	-0.05864044556074077	0.38560183556534267
ENSG00000155307	0.38275959554415095	0.0009601402795520688
ENSG00000155313	-0.11948920697249221	0.014663931746286437
ENSG00000155324	0.2919240840575519	0.00020207993426163905
ENSG00000155329	-0.8546933771416043	0.0013918762419824942
ENSG00000155363	-0.11993511516931932	0.013211170215203672
ENSG00000155366	0.9180940214830038	1.6486580258156522e-14
ENSG00000155367	-0.15395845284125542	0.48223547243813714
ENSG00000155368	0.1394740965667367	0.7948034199273442
ENSG00000155380	0.35154646509415954	0.0013447963139287295
ENSG00000155393	0.14842523501181404	0.0040083268915585965
ENSG00000155438	-0.06730973873631996	0.029067003258674725
ENSG00000155463	-0.2860313882778094	0.004629664681692187
ENSG00000155506	-0.877733643719889	8.170338158647166e-17
ENSG00000155508	0.1469530606306293	0.0480231018321443
ENSG00000155542	-0.2390899849647603	0.3539240257506512
ENSG00000155545	0.712124445971881	0.007978584315885646
ENSG00000155561	0.1359545844335912	0.0025015862656488272
ENSG00000155621	-0.40907289453318185	0.34285714285714286
ENSG00000155622	-0.27959621015017433	0.15998707175177765
ENSG00000155629	-0.5487813346309061	1.6643970351284978e-09
ENSG00000155636	-0.217319238475298	5.7742838228547056e-05
ENSG00000155659	0.5057606696453192	7.915393121225426e-05
ENSG00000155660	-0.8901935359759499	4.2956626405280014e-11
ENSG00000155666	-0.18223508281614542	0.04357984931004096
ENSG00000155729	-0.22194211773106076	0.0008662068141456513
ENSG00000155744	-0.09405044767907356	0.22577260179140268
ENSG00000155755	-0.013896349812434039	0.9710182318541453
ENSG00000155760	0.809144829251025	0.0005030047836788563
ENSG00000155792	0.12905762671260845	0.024768428113664483
ENSG00000155827	-0.09825181111384751	0.000548418678548034
ENSG00000155849	0.33487762329949433	2.3378217565983237e-05
ENSG00000155850	-0.21241887915775237	0.0698974079913648
ENSG00000155868	-0.0654247673754611	0.6550449058296672
ENSG00000155893	-0.5938525789683524	0.0003735746809405073
ENSG00000155903	0.26606196273641913	9.58980854080934e-07
ENSG00000155906	0.05505323482625357	0.9006426055449229
ENSG00000155959	0.47495423167105955	4.176840768373255e-11
ENSG00000155961	0.4401044654742634	0.06363636363636363
ENSG00000155962	0.19763980275022064	0.0050041826318955014
ENSG00000155974	-0.11186807771855456	0.41871812032894273
ENSG00000155975	0.1800340598514545	4.136066020533613e-06
ENSG00000155980	-0.24364487011078495	0.4127477494014041
ENSG00000156011	0.12187961076849163	0.05586397867328065
ENSG00000156017	-0.7597782595325846	4.978915148011173e-14
ENSG00000156026	0.4477535203309273	6.242639594245668e-08
ENSG00000156030	0.008020305599458766	0.8990051552809231
ENSG00000156049	-0.463238428016286	0.04076367389060887
ENSG00000156052	0.1468983265340782	0.022462983043118893
ENSG00000156110	-0.37672414220518036	7.623680571659824e-13
ENSG00000156113	-0.21270940815372086	0.44296525627794986
ENSG00000156136	0.14500122693966944	0.014663931746286437
ENSG00000156162	-0.6820468242896283	0.807530704589528
ENSG00000156170	-0.1556012095938044	0.17822924529428985
ENSG00000156171	-0.25921006162009164	0.1338322600257731
ENSG00000156172	-0.5390269181432501	1.7520331489815109e-09
ENSG00000156218	-0.04005683471464394	0.40409448507719403
ENSG00000156232	-0.16404662322496222	0.11650762485655479
ENSG00000156234	0.36959678185579037	0.13320560732332967
ENSG00000156239	-0.0606229060379313	0.38307930620588837
ENSG00000156253	-0.15667488641862803	0.015050460580511566
ENSG00000156256	-0.3554571663808126	1.4871484526192036e-13
ENSG00000156261	0.08277799258095087	0.7002997993655812
ENSG00000156269	0.13086793419528675	0.4532547047537364
ENSG00000156273	-0.04527824448902962	0.5148942056044817
ENSG00000156299	0.41855343271456746	0.017905942509662515
ENSG00000156304	-0.2822571715826818	3.6293275383302205e-11
ENSG00000156313	-0.6673900280814085	0.2857142857142857
ENSG00000156345	-0.5162279047038183	0.00221141088014153
ENSG00000156374	0.15368461595159744	0.1745879665911918
ENSG00000156384	-0.5945440187248323	0.002597676979808704
ENSG00000156398	-0.6266184627678228	4.755461125972506e-06
ENSG00000156411	-0.8848536154017346	1.6870384702631276e-11
ENSG00000156413	0.07470358080713879	0.4199952898800362
ENSG00000156453	0.6645853602725147	1.4955459438392387e-14
ENSG00000156467	-0.4133435203432896	2.3378217565983237e-05
ENSG00000156469	-0.38951751309825866	0.0046896252268780435
ENSG00000156471	-0.6384819944672167	6.029237501866567e-06
ENSG00000156482	-0.7723135982004337	1.0866727792180819e-13
ENSG00000156502	-0.5403122973824424	1.3010100116944746e-10
ENSG00000156504	-0.3067449444748682	0.0003507347467156292
ENSG00000156508	-0.3705058313883427	1.0367572203834761e-07
ENSG00000156510	0.07756912499808877	0.5284135092144231
ENSG00000156515	0.8837312711172238	5.643481484214184e-19
ENSG00000156521	-0.10004952937249811	0.43982587816570784
ENSG00000156531	-0.31310137354256184	1.1487882945640048e-08
ENSG00000156535	0.8743168810691024	4.768396048773669e-14
ENSG00000156575	0.582164762770045	0.02087521245440113
ENSG00000156587	0.6998862214082564	5.681296596059213e-11
ENSG00000156599	0.32330180088139926	0.0005781980941780425
ENSG00000156603	-0.12284212509522519	0.41807086887178424
ENSG00000156639	0.6121164975210327	4.1842850675023405e-09
ENSG00000156642	-0.007567424683866619	0.9518863160276411
ENSG00000156650	-0.5108755527994333	0.012053175894596133
ENSG00000156675	0.23508997016596211	9.248882813078533e-05
ENSG00000156697	-0.43751237359217043	2.006403763441785e-08
ENSG00000156709	-0.9066248049371914	1.5831303633592726e-13
ENSG00000156711	-0.6477214094720622	1.0963992616114029e-11
ENSG00000156735	0.3063407281592525	0.003882860054785543
ENSG00000156738	0.2652848361227065	0.1834091664124603
ENSG00000156787	-0.28304547171370587	0.10451787395714597
ENSG00000156795	-0.09995749052145797	0.5072571874097404
ENSG00000156802	0.23856288031302597	0.03382300592704542
ENSG00000156804	0.6488129490577865	0.13333333333333333
ENSG00000156831	0.04898396252131931	0.3187108034544288
ENSG00000156853	0.06299111840182903	0.20463276807273878
ENSG00000156858	-0.1190329823124543	0.29148142027397583
ENSG00000156860	-0.09022486245615013	0.6914666299492881
ENSG00000156869	0.5328598238609992	0.020349182046705074
ENSG00000156873	-0.25728623523098193	4.054157607667979e-06
ENSG00000156876	0.45267747689930715	0.05799492759320054
ENSG00000156928	-0.3860473164844933	0.0025633976954743377
ENSG00000156931	-0.011953439470445915	0.9751025520670232
ENSG00000156958	-0.507694425961315	1.2728729905002134e-07
ENSG00000156966	-0.5359735932376388	4.753527618249037e-05
ENSG00000156968	-2.2411714506843516	0.0007992007992007992
ENSG00000156970	-0.6616253250048949	0.00020810107766629506
ENSG00000156973	0.2546713525643973	0.00040142569363325653
ENSG00000156976	-0.41973553442092637	2.8469700215202147e-09
ENSG00000156983	-0.14935700731544088	0.0013643752293556722
ENSG00000156990	-0.6631722928047203	1.5071933679921427e-07
ENSG00000157005	-1.7302878396372101	4.922928382404464e-14
ENSG00000157017	-1.0849978930231678	2.3364911202237433e-07
ENSG00000157020	-0.6061261063044334	2.771065684168224e-13
ENSG00000157036	-0.5877631149002518	7.834264788410625e-10
ENSG00000157045	0.12073486034986303	0.022958522488514398
ENSG00000157077	-0.4226036455618001	2.4901999045082564e-08
ENSG00000157106	-0.024060432841999102	0.817354050096439
ENSG00000157107	0.49441199526786406	1.232224270445737e-13
ENSG00000157110	0.010716966817419404	0.5042096019644626
ENSG00000157131	0.726803625132046	1.6394550701916036e-11
ENSG00000157152	-1.3662476690894039	1.2611897612033e-10
ENSG00000157181	-1.0206854027529673	9.913392795291764e-10
ENSG00000157184	-0.5589571412823915	6.692964083323971e-08
ENSG00000157191	0.6668321682756222	4.316732602366234e-12
ENSG00000157193	-0.02389008448199803	0.9333333333333333
ENSG00000157212	-0.10430250835869614	0.11606670336741129
ENSG00000157214	0.30277135193924565	0.07076777856277203
ENSG00000157216	-0.12101566999451663	0.27809203822924655
ENSG00000157224	-0.34475471692587867	0.24895883046374365
ENSG00000157227	0.812514279764752	2.8805334987780226e-15
ENSG00000157240	0.8649072993372009	7.35721765380305e-11
ENSG00000157259	-0.2780894463948087	0.016139355616295082
ENSG00000157326	-0.09961298709158584	0.2991618964314652
ENSG00000157349	-0.393855342089644	2.3171733155866786e-08
ENSG00000157353	0.06924949105425782	0.1677545108052696
ENSG00000157379	-0.10490411323777238	0.18505219901111536
ENSG00000157399	-1.4362139798615807	5.388097146338476e-10
ENSG00000157404	-0.17778092487766628	0.5814198859579434
ENSG00000157423	0.29897548591672773	0.3736882481506253
ENSG00000157450	-0.3519033764672095	0.26666666666666666
ENSG00000157456	-0.04191180670746775	1.0
ENSG00000157483	0.8140136712423427	1.3305421131035383e-18
ENSG00000157500	-0.03488408200236037	0.4159172648590024
ENSG00000157510	0.6842747021426341	0.0004810859429250647
ENSG00000157514	-0.3466684560700841	0.0001910528747567411
ENSG00000157538	0.18521120081290476	0.007982760850078442
ENSG00000157540	-0.057877675885794844	0.15773070989438942
ENSG00000157551	-0.9876465855700829	3.8009414111062486e-05
ENSG00000157554	0.2323040422100462	0.20324915693576873
ENSG00000157593	-0.028634187672878397	0.836804996183642
ENSG00000157601	1.1984710623675028	7.973815344631226e-12
ENSG00000157613	0.18364885785763008	0.4195468077926849
ENSG00000157617	-0.2897968805198943	0.007053504465470974
ENSG00000157625	-0.29924970255447647	0.0024352472803199875
ENSG00000157637	-0.46276841301731864	2.7068649503576917e-10
ENSG00000157654	0.4270636281901403	1.6199227865539073e-06
ENSG00000157657	0.0562243029973537	0.6115614380766994
ENSG00000157741	0.124431359616068	0.4498301213289295
ENSG00000157764	-0.17212579648276716	0.0009890228733151468
ENSG00000157765	-0.09255763979480847	0.2290132097574744
ENSG00000157766	0.1779057323350699	0.14352137487964411
ENSG00000157778	0.38903680271013386	4.115219505407333e-05
ENSG00000157796	-0.36031456820583685	4.672321358940423e-11
ENSG00000157823	-0.2972014133359213	0.3501939237233355
ENSG00000157827	0.32219433903435046	7.775821560715194e-06
ENSG00000157851	-0.2575952578010039	0.2374751893044208
ENSG00000157869	0.07214871881080498	0.0925459383887811
ENSG00000157870	0.32026026950391895	5.379524857223265e-05
ENSG00000157873	0.06096378026557758	0.9048185424721685
ENSG00000157881	0.23261582033005013	2.8203258862963574e-06
ENSG00000157895	-0.13539478863627608	0.5596239521902369
ENSG00000157911	-0.6280567225990215	0.012454929871762237
ENSG00000157916	0.026772529497716135	0.7345027378243308
ENSG00000157933	-0.6737140009737139	0.014275885792913657
ENSG00000157954	-0.35987413658277845	2.3007510474008904e-13
ENSG00000157978	-0.7670450604268595	2.373290919859118e-13
ENSG00000157985	-0.27308989179026355	2.2076361777501346e-06
ENSG00000157992	-0.1067993799810516	0.19890488638527548
ENSG00000158006	0.2784240394854507	0.00020407549693576184
ENSG00000158014	-1.4351391966463112	2.3288567698404415e-08
ENSG00000158019	0.24186273702075312	2.2850163790056717e-07
ENSG00000158042	-0.1301029735414012	0.2895821977394111
ENSG00000158055	-0.04172057170097432	0.7538699690402476
ENSG00000158062	-0.16547991621390423	0.12426566436810954
ENSG00000158079	0.19100727179058907	0.7592902583263773
ENSG00000158089	-0.570048039248551	0.1973684210526316
ENSG00000158092	0.26891506420013656	1.1103129696134805e-07
ENSG00000158104	-0.5852920433318616	0.10933952528379773
ENSG00000158109	0.08136017150348707	0.33122354599707937
ENSG00000158122	-0.06339628657913465	0.45580618212197166
ENSG00000158125	0.8358933211388297	5.864749838449693e-10
ENSG00000158158	0.233933956526311	0.0017649135583626368
ENSG00000158161	-0.02275204558045374	0.3655386731515199
ENSG00000158186	0.041247798921155265	0.8736080800919526
ENSG00000158195	-0.1375657555894243	0.04927649173379901
ENSG00000158201	-0.16738237273631995	0.07217816334947767
ENSG00000158220	-0.6350211147077367	2.5492398107818584e-08
ENSG00000158234	-0.36799434952756016	8.785779089014197e-08
ENSG00000158258	0.2761847652264571	0.2305443235633592
ENSG00000158270	0.31645408351121773	0.0024674016019104166
ENSG00000158290	-0.140270021494878	0.00010609780824587722
ENSG00000158301	-0.38403233855136776	7.760215142261455e-06
ENSG00000158321	-0.011867201025182794	0.757933161386994
ENSG00000158352	-0.09733708882786374	0.5918110172915427
ENSG00000158402	-0.46680712625942533	0.3759550002651363
ENSG00000158411	0.12561409359727804	0.1518648370595695
ENSG00000158417	-0.33591212215120336	0.0011127839462966808
ENSG00000158435	-0.23589973010519216	4.8350098591930995e-05
ENSG00000158457	-1.3152656852948894	0.0003996003996003996
ENSG00000158467	-0.1279677617648396	0.08606756787233902
ENSG00000158470	0.7962542065927352	0.0002725609364781317
ENSG00000158477	1.2652880825844495	0.07364260453505306
ENSG00000158480	0.4126578057866723	0.32914996970744925
ENSG00000158516	-2.7663461735287527	9.165285506514251e-15
ENSG00000158517	0.8396537053367616	3.3551658973526483e-10
ENSG00000158526	0.4715717939045412	0.0006394443753193877
ENSG00000158528	-0.4781128437892157	9.191768510709685e-07
ENSG00000158545	-0.2796482967437761	7.94713496637227e-09
ENSG00000158552	0.2507970523582834	0.010657213735788585
ENSG00000158560	-0.1451415021253517	0.16115916635204897
ENSG00000158604	-0.48762345387645567	1.2442663885729419e-07
ENSG00000158615	-0.08675022292612056	0.6062901463451414
ENSG00000158623	-0.09456798638647257	0.16143509659402766
ENSG00000158636	-0.1424313576464762	0.00015136462412136087
ENSG00000158669	-0.0813680249767188	0.24753554982822457
ENSG00000158710	0.8750071493571419	1.0816977922403136e-16
ENSG00000158716	0.187236375861076	0.000790643727950585
ENSG00000158717	0.5035866038249246	0.0002648456048087066
ENSG00000158747	0.8585522433202435	1.9028818201328557e-10
ENSG00000158764	0.03808056575451246	0.824870702717765
ENSG00000158769	0.02819800157594088	0.885845409359862
ENSG00000158773	0.49802122987459185	7.198759728593999e-09
ENSG00000158792	0.43415214439329475	0.002144091535040688
ENSG00000158793	-0.26739099384267817	1.0885995197403503e-06
ENSG00000158805	-0.0038501993659068035	0.9284381099745515
ENSG00000158806	-1.1664210677549285	8.815510868533153e-11
ENSG00000158825	1.0617662738137952	1.15720171020465e-13
ENSG00000158850	-0.132335098517661	0.0469794108018632
ENSG00000158856	-0.31020091371402003	0.00039514393681626934
ENSG00000158859	0.37854614476036375	0.00024037274812391943
ENSG00000158863	-0.023349817892537317	0.604405341712505
ENSG00000158864	-0.3212125511782844	1.2728729905002134e-07
ENSG00000158869	0.816533187820081	1.0133038446795068e-07
ENSG00000158874	0.6130935795176029	4.85089160585864e-06
ENSG00000158887	-0.8779915437296957	0.0016035339715989962
ENSG00000158941	-0.039405660699653566	0.22672290877171986
ENSG00000158966	-0.6500504711042332	0.004374760902589797
ENSG00000158985	0.1604566356207755	0.04364168264160531
ENSG00000159023	-0.517900491191277	5.417514055753173e-10
ENSG00000159055	-0.22295516912583224	0.043005893360148616
ENSG00000159063	-1.015364018986613	1.8624073325624567e-05
ENSG00000159069	-0.05149566771617131	0.7768226016645634
ENSG00000159079	0.38089411851352395	0.0026633127609846847
ENSG00000159082	-0.13516474268992695	0.0026790991389987794
ENSG00000159086	-0.07162242867592994	0.08159878996066333
ENSG00000159111	-0.060098453625041515	0.15773070989438942
ENSG00000159131	0.18797354079480044	0.00016731570536931956
ENSG00000159140	-0.10003299491776829	0.00014884948948674305
ENSG00000159164	0.7320516375081674	0.0050338389934179405
ENSG00000159166	0.496212680514013	1.206292807290259e-08
ENSG00000159167	0.8373920462005842	1.6541817646906775e-05
ENSG00000159176	0.6918213260002126	2.461623650124359e-12
ENSG00000159189	0.8354455059244685	6.135438505803328e-12
ENSG00000159200	-0.06638530577916057	0.752245080542823
ENSG00000159202	0.34264077540386495	2.896064218307098e-11
ENSG00000159210	0.08198773663900383	0.11914110196807667
ENSG00000159212	0.07269462495706946	0.26209322127537305
ENSG00000159216	0.555973764504536	2.3749558874673965e-11
ENSG00000159217	0.16085657868107006	1.0
ENSG00000159224	-0.12899086669755633	0.6351821124376535
ENSG00000159228	0.33408359414710986	5.463151499427572e-06
ENSG00000159231	0.5797295337786608	7.514316276030443e-08
ENSG00000159256	-0.06300937118252037	0.2802112681301142
ENSG00000159259	0.17677289373414595	0.16593984349720226
ENSG00000159267	-0.41020653758085146	2.042697103526393e-06
ENSG00000159314	0.49546970970954973	1.0014667639708957e-12
ENSG00000159322	-0.032818002590254025	0.1878264826316457
ENSG00000159335	0.20315341697996203	0.007597714748854199
ENSG00000159339	0.4050444508455868	0.04555627783378202
ENSG00000159346	0.09712590940580768	0.6808401848637116
ENSG00000159348	-0.11079217443895573	0.08087262826959996
ENSG00000159352	0.3239906867761384	0.00013456594542522748
ENSG00000159363	-0.30488438669463136	0.006138379184657941
ENSG00000159377	-0.18241598712418394	6.531935446420411e-05
ENSG00000159399	1.2990402262858893	1.1082102382963453e-19
ENSG00000159403	0.9899742979530686	2.8559239923796704e-14
ENSG00000159423	-0.6933961608139256	1.9388038424215922e-14
ENSG00000159445	-0.3194822463253004	3.497895805038764e-05
ENSG00000159459	-0.045723947817876365	0.1677545108052696
ENSG00000159461	0.07615996044044238	0.40906826215193326
ENSG00000159479	-0.010414454621287206	0.6972191485395443
ENSG00000159556	-0.21578226558684932	0.18040293040293043
ENSG00000159579	-0.261628176280734	0.0006394443753193877
ENSG00000159592	0.11592701099155533	0.43113542756404444
ENSG00000159593	-0.23222277940503488	1.6538926277273142e-06
ENSG00000159640	0.43206653046349075	1.1437667967787201e-05
ENSG00000159658	-0.6634659767405786	1.520065231861664e-07
ENSG00000159674	1.5261217960116014	2.326959976120838e-16
ENSG00000159685	-0.5801107127991934	1.663177609807169e-10
ENSG00000159692	0.17552552582050396	0.011071173284974537
ENSG00000159713	0.014836873728604871	0.6307833329267092
ENSG00000159720	0.4440714080287478	9.426732394007085e-13
ENSG00000159733	0.1000804304496441	0.5743374272786037
ENSG00000159753	0.13152784698696252	0.3225562027512624
ENSG00000159761	-0.5278365426546721	0.0009962348016202193
ENSG00000159763	-0.15903818743547404	0.11101818531527788
ENSG00000159788	0.3913670830450613	0.0034068169265500108
ENSG00000159840	0.6281353581769658	1.0652036703392376e-11
ENSG00000159842	0.5183989144635959	9.165285506514251e-15
ENSG00000159873	-0.038086136394376524	0.6914675019468703
ENSG00000159884	-0.7907022432634694	0.004467078086356488
ENSG00000159899	0.03634265761261091	1.0
ENSG00000159921	0.12838790200251537	0.3270985477527114
ENSG00000160007	0.07379922513462489	0.02786216737762608
ENSG00000160049	0.0321028593827144	0.8891325406860131
ENSG00000160058	-0.2792954131513312	0.0008026236630264378
ENSG00000160072	-0.046333753735389394	0.07215075424062474
ENSG00000160075	0.4709593786473647	2.2639564512410234e-09
ENSG00000160087	0.15081512426225174	0.6015479876160992
ENSG00000160094	-0.12634467899890822	0.140498593003108
ENSG00000160113	0.006002080330585358	0.9287108455645796
ENSG00000160124	0.19833195785242452	0.07059654851068277
ENSG00000160131	0.18501822519940347	0.07047109830221496
ENSG00000160145	0.15910214439081471	0.05376311645958891
ENSG00000160161	0.2473933278630298	0.018444511563146474
ENSG00000160179	0.7991339482554096	1.6584384824447206e-08
ENSG00000160180	0.8172434614259032	4.8350098591930995e-05
ENSG00000160181	0.4466314761550514	0.10867821518991132
ENSG00000160182	1.2546907614458043	2.5474435408119462e-06
ENSG00000160185	0.35564062258752216	0.36363636363636365
ENSG00000160190	0.4028090939186555	0.006355295761889485
ENSG00000160193	-0.01729392652815065	0.7439263631771357
ENSG00000160194	-0.5139684309328949	3.4305668293063134e-11
ENSG00000160199	-0.0908219695498218	0.13246721118859464
ENSG00000160207	-0.5841398562488109	3.3975914293028507e-06
ENSG00000160208	0.05973484339089907	0.4857967283664536
ENSG00000160209	0.4468421646189036	8.699707081547364e-10
ENSG00000160211	0.7138204499842935	2.0959514422543835e-13
ENSG00000160213	0.6644212810883126	3.6449097605952185e-16
ENSG00000160214	-0.25900739997357647	0.00013009900171646527
ENSG00000160216	-0.24004489338290824	0.0007221803185770528
ENSG00000160218	0.19621672537643065	1.5795024653608748e-05
ENSG00000160219	0.01752722344129154	0.29603560690517217
ENSG00000160226	-0.6666515756673697	0.00044260527516897885
ENSG00000160255	0.7042665559605936	5.0608454273900304e-08
ENSG00000160256	-0.31943420703947467	0.01087994979377917
ENSG00000160282	-0.9234765333445445	0.0007173976920527842
ENSG00000160285	-0.1758918843467221	0.0009744824895793842
ENSG00000160293	-0.25757901344372414	2.4258501041009972e-05
ENSG00000160294	0.0015303808778028838	0.7533884953001718
ENSG00000160299	-0.3212792764156802	7.098278471580322e-12
ENSG00000160305	-0.13627571443096542	0.0015307320639987138
ENSG00000160307	-0.5499455882549782	0.004690003118105411
ENSG00000160310	-0.2847153813326564	0.0032943811223722585
ENSG00000160323	-0.5169691334586819	0.1572500789959627
ENSG00000160325	-0.28782948557067023	0.8333333333333333
ENSG00000160326	0.41518185785822226	0.013494821874626537
ENSG00000160339	0.17657646634564017	0.02877043486160299
ENSG00000160360	0.26080917738066844	0.0021638315261588636
ENSG00000160392	0.2872584453286926	0.0037520693685389743
ENSG00000160404	-0.12914563016516922	0.7589143835149216
ENSG00000160410	0.17195604857691293	0.0011927385035076243
ENSG00000160439	0.12167290388344654	0.7002997993655812
ENSG00000160445	0.07435466902196808	0.7580509593514271
ENSG00000160505	-0.02910062671588065	0.9671720092800948
ENSG00000160551	0.062363644446229216	0.06258050947180249
ENSG00000160563	0.08884559231390199	0.22970138553278185
ENSG00000160584	-0.2993493985701434	1.0885995197403503e-06
ENSG00000160593	-0.4018034511328601	0.09489787392476422
ENSG00000160602	0.2127602862416076	0.3012870403617879
ENSG00000160613	0.15232151272607197	0.5354836808229467
ENSG00000160633	-0.14529920008757458	5.5721338241166435e-06
ENSG00000160654	0.07262272807817283	0.2210048176526206
ENSG00000160678	-1.2915653849423911	4.154232213466294e-10
ENSG00000160679	0.6911992474285746	3.817467848774185e-08
ENSG00000160685	0.044021217608772645	0.9516120915325557
ENSG00000160688	0.4032587506866534	9.218104299996282e-12
ENSG00000160691	-0.11066239605376538	0.12827550550169997
ENSG00000160695	0.20274404205086327	1.1889075300536593e-07
ENSG00000160703	-0.18279113517020917	0.004337160295762905
ENSG00000160710	0.15235123088007896	1.9514169930735866e-06
ENSG00000160712	-0.17177629852451304	0.6352548036758564
ENSG00000160714	-0.02936603036879859	0.6456466221583547
ENSG00000160741	-0.2234632640544021	0.00011752191526153993
ENSG00000160746	0.15215779193263046	0.10685641785932748
ENSG00000160752	0.23819719413246432	3.479084344743694e-07
ENSG00000160753	-0.15997260935803936	0.17286320696982072
ENSG00000160783	-0.24492369123296953	0.04328075423580248
ENSG00000160789	0.7676845498119711	6.151410543031233e-14
ENSG00000160796	0.4088592339938941	3.410131297394616e-12
ENSG00000160799	-0.5680524758407834	7.973815344631226e-12
ENSG00000160803	-0.09963479395902652	0.06376238048014041
ENSG00000160808	-0.37821506131793825	0.04802819900086465
ENSG00000160813	0.014238080835056621	0.8113371937551818
ENSG00000160818	-0.4191320658980189	0.002202909723955451
ENSG00000160862	0.3914389986117115	1.2878708420246216e-06
ENSG00000160868	-0.08527954984702646	0.5747288262805652
ENSG00000160877	0.18046933300480816	0.060657906082213525
ENSG00000160883	1.0300260848746667	3.24773580863498e-14
ENSG00000160888	-0.8963882806039329	0.004982402994647524
ENSG00000160908	-0.13730872320393495	0.3195970695970696
ENSG00000160917	0.008071782307293773	0.8563562281550097
ENSG00000160932	1.5253139462237328	4.313712943394547e-11
ENSG00000160948	0.2064138496916037	1.7967462090892522e-06
ENSG00000160949	0.34007359642309254	0.004342228819468332
ENSG00000160953	-0.37263723190372744	0.0018438375296224124
ENSG00000160957	-1.844259579384552	0.003868819602052356
ENSG00000160959	0.0996500370161364	0.8638461703585524
ENSG00000160972	0.6221730898147477	8.468348072856444e-08
ENSG00000160993	-0.379204149829917	1.238087754509981e-07
ENSG00000160999	0.030233894265141004	0.7392285334799029
ENSG00000161010	-0.4827870785830868	2.6123078813931184e-12
ENSG00000161011	0.13196459007385286	0.0061404728009422874
ENSG00000161013	0.11811815073101073	0.6818228357226237
ENSG00000161016	-0.8558658496275129	3.948765295057326e-11
ENSG00000161021	-0.20847856593189462	0.06310548945610708
ENSG00000161031	0.3269651228468007	0.00033718347540717425
ENSG00000161036	-0.11417132501338045	0.06316916055166397
ENSG00000161048	0.01432444151359391	0.6530359187798211
ENSG00000161057	0.2067964064153216	6.393415408957921e-07
ENSG00000161179	-0.3523977253780508	0.00045268082841178807
ENSG00000161202	0.24089719126133602	7.006168892072749e-05
ENSG00000161203	0.6077963943151872	1.1300524927799634e-12
ENSG00000161204	-0.14335859452949506	0.002400311303335485
ENSG00000161217	0.5684355966631855	1.8045080778444245e-10
ENSG00000161249	-0.1994454832014334	0.25
ENSG00000161265	-0.3573550300607522	0.010828227314958822
ENSG00000161267	-0.03386626348614641	0.4626678459440908
ENSG00000161281	0.34829621924783183	0.05610126405145075
ENSG00000161381	0.22112912058110012	0.03964902300854824
ENSG00000161405	-0.04472715967662921	0.9812921572928971
ENSG00000161513	-0.31652284883706017	1.905493613378797e-05
ENSG00000161526	-0.13895203441195036	0.002571258750032602
ENSG00000161533	0.36728714013342767	3.556304957784095e-08
ENSG00000161542	0.10076331571038821	0.12013014050669457
ENSG00000161544	-0.07869878631911931	0.49102014027956076
ENSG00000161547	0.32316611168378273	4.745011812935625e-10
ENSG00000161558	-0.4536937767919049	0.2857142857142857
ENSG00000161618	-0.08946486724684632	0.029686056405322115
ENSG00000161634	-0.34256048091767966	0.006262205262042239
ENSG00000161638	0.6340727526717806	7.29614164911367e-11
ENSG00000161642	0.047570124987768025	0.5745054236653984
ENSG00000161654	-3.9568220596919446e-05	0.817354050096439
ENSG00000161671	0.30824498964296865	0.009829096422094178
ENSG00000161677	0.11789675001683975	0.07212649730219871
ENSG00000161692	0.39502882001707995	0.07142857142857142
ENSG00000161714	0.6280508191341241	8.238122461472817e-09
ENSG00000161791	0.6036051694262952	7.745491022271381e-12
ENSG00000161798	0.6426646122233031	0.004616033012004761
ENSG00000161800	0.36960721132809127	0.0070020948939916285
ENSG00000161813	-0.19153410645946423	0.01644163358382489
ENSG00000161847	-0.043069012200170675	0.4426351458791167
ENSG00000161888	-0.44286249392727584	0.01397018448804464
ENSG00000161904	0.3266392625397323	2.3364911202237433e-07
ENSG00000161905	0.7095160532754718	3.144193581651928e-05
ENSG00000161911	-1.0784133378488825	0.0002473552270138965
ENSG00000161921	0.39373045927831996	0.09713459474142423
ENSG00000161929	-0.34357431757439905	0.06591847265221877
ENSG00000161944	0.33662651880073824	0.09419884463362724
ENSG00000161956	0.26198549328979226	0.06331778683004563
ENSG00000161960	-0.07275937644140384	0.08159878996066333
ENSG00000161970	-1.5817300570773547	1.152369531144798e-14
ENSG00000161980	-0.22053004270822285	0.0034850309575685397
ENSG00000161999	-0.3884142800455912	3.127170430060051e-05
ENSG00000162065	-0.8030532066249343	1.1954535982063791e-11
ENSG00000162066	0.3962973725569512	1.1595758772812754e-06
ENSG00000162069	0.059805074461124264	0.24239684132484574
ENSG00000162076	-0.23525778680662057	0.0013254768849651638
ENSG00000162078	0.9892655173208205	3.971344724162021e-07
ENSG00000162104	-0.686003368105073	0.0002808404036542508
ENSG00000162105	-0.5019717578190139	1.9121680672163873e-06
ENSG00000162129	-0.2512590460329598	6.532291666052415e-07
ENSG00000162174	-0.5604791382398133	8.930234420008433e-10
ENSG00000162191	0.4836246280839447	1.5384276502487125e-08
ENSG00000162194	0.07176525228376995	0.8395604395604395
ENSG00000162222	0.3748555129569766	6.966583841120439e-07
ENSG00000162227	0.10349187825035244	0.6056051743559033
ENSG00000162231	0.2054539197218297	1.3321880224833678e-05
ENSG00000162236	-0.11887989724931813	0.45509693327913625
ENSG00000162241	-1.8831659352991963	9.061685880166849e-09
ENSG00000162244	-1.241577917555997	4.90221504294255e-15
ENSG00000162267	0.6419989301441831	8.240903001262842e-08
ENSG00000162298	-0.4730480055420898	8.054046004968839e-05
ENSG00000162300	0.07813461199118521	0.14129042884276885
ENSG00000162302	0.668186438622751	1.4013357117181946e-14
ENSG00000162337	-0.4032872704227337	0.09333561194061599
ENSG00000162366	0.5438713587397075	9.016675099988651e-05
ENSG00000162368	0.17661116739961003	0.015530413010234098
ENSG00000162377	0.13828870608179855	0.12313585737245121
ENSG00000162378	0.021079059782806553	0.4884046694042794
ENSG00000162384	0.3284711612130131	1.5210251089670442e-05
ENSG00000162390	0.6736367229367985	2.0684420735553162e-14
ENSG00000162396	-0.28792454488610986	3.8987820166643874e-05
ENSG00000162402	0.054710872075087735	0.13574927537929105
ENSG00000162407	-1.1174680371577743	6.349897489821004e-14
ENSG00000162408	0.12601985046658015	0.1652048063260907
ENSG00000162409	-0.5191549896150214	5.5539740958894635e-05
ENSG00000162413	0.032419849747046925	0.2679479306138439
ENSG00000162419	-0.2544028658947646	0.00035367762326790945
ENSG00000162430	-0.335342594239453	0.009341278727029695
ENSG00000162433	1.0993632854289288	8.283342572472051e-16
ENSG00000162434	0.04413010991029154	0.17959478447960808
ENSG00000162437	-0.3054753118088911	0.0002291632189068348
ENSG00000162438	-2.107820590941092	2.677843602157542e-14
ENSG00000162441	-0.09037043422272717	0.004939919912773503
ENSG00000162444	-0.8843857076609432	3.353672901759583e-14
ENSG00000162458	0.9710068892578931	2.6723355639875516e-16
ENSG00000162482	0.03792700611751698	0.9817405015829257
ENSG00000162493	1.2284612265889017	0.020200387847446672
ENSG00000162496	0.17067701227930954	0.0981076780974621
ENSG00000162511	0.31073852714591155	0.12126433214147167
ENSG00000162512	0.3157022141692316	0.5881759230195266
ENSG00000162517	0.16893937771970613	0.044664119550963305
ENSG00000162520	0.366521004629913	0.0006638053496894343
ENSG00000162521	0.0020375172081017467	0.3149246189991698
ENSG00000162522	-0.24442616546839702	8.338268119008762e-05
ENSG00000162542	-0.09824964256405977	0.13777369411191198
ENSG00000162551	-0.2263840785166984	0.029067003258674725
ENSG00000162552	0.8016765027122119	8.555089048971576e-05
ENSG00000162576	0.505866863144746	4.552229514428763e-07
ENSG00000162591	0.7260939439639387	4.54331197820597e-11
ENSG00000162594	0.3704282082953867	0.4285493911123202
ENSG00000162599	-0.8322874421891733	6.805432751911731e-19
ENSG00000162600	-1.1901197816895852	1.1614988092244577e-11
ENSG00000162601	-0.11164951063826933	0.9930011023817256
ENSG00000162604	0.2737279259073304	0.3151515151515151
ENSG00000162607	-0.08852169868039539	0.5450041567907442
ENSG00000162613	0.015168385362670733	0.7628878110306341
ENSG00000162614	0.5246626178334033	1.7467186410162175e-07
ENSG00000162616	-1.2004273907733634	6.164519422377653e-17
ENSG00000162618	-0.40576086661391386	0.00040221290174562396
ENSG00000162623	-0.525175720096339	7.744461888257809e-10
ENSG00000162627	0.13149013716864388	0.013211170215203672
ENSG00000162636	0.4514298789606599	5.559807183947853e-06
ENSG00000162639	0.07748474047982157	0.6
ENSG00000162642	0.13808543453377453	0.18252296790183464
ENSG00000162645	0.9434524878368329	2.1711677049472098e-16
ENSG00000162654	0.4340887127609072	5.911708698706727e-06
ENSG00000162664	-0.03136532146788085	0.14816737603677144
ENSG00000162688	-0.09315074594941564	0.0035102309346505614
ENSG00000162692	0.38688021969707975	3.136360999939156e-05
ENSG00000162694	0.16827076929807916	0.10566031023820213
ENSG00000162695	-0.24129332501847855	0.21098620859595507
ENSG00000162702	0.01796979789791564	0.3999631229466796
ENSG00000162704	0.4427803579406522	2.151161136235689e-09
ENSG00000162706	-1.1336511776049036	0.000585543956250952
ENSG00000162722	-0.07891687355793309	0.701294822674133
ENSG00000162729	-0.15302744876089136	0.010986430557211931
ENSG00000162733	0.3962373786583022	0.00011519832073397482
ENSG00000162734	0.3713352189078307	0.00043425808922100746
ENSG00000162735	0.24212408202444635	4.7494992087572944e-05
ENSG00000162736	-0.03038951195631867	0.4728707764956094
ENSG00000162738	-0.4907820200955495	0.09523809523809523
ENSG00000162739	-0.32037464341204824	0.38095238095238093
ENSG00000162745	1.1225911041261618	6.885351945859942e-12
ENSG00000162747	0.31386442717430896	0.46638479550359213
ENSG00000162755	-0.4668447629242607	9.913474995504448e-06
ENSG00000162769	-0.568984953233489	0.15751633986928104
ENSG00000162772	-0.3737661667216443	0.1949123340427688
ENSG00000162775	0.03310378857245766	0.13466145864992848
ENSG00000162777	-0.2666122251153844	2.862492103792271e-05
ENSG00000162804	0.7049715785043631	1.430430141018379e-08
ENSG00000162813	0.37187864119428937	9.442697857034982e-09
ENSG00000162819	0.16763665012269868	0.0001618307883933606
ENSG00000162836	-0.38240863762826294	0.00030145406558092073
ENSG00000162849	0.3169183664132582	0.010864177241489567
ENSG00000162851	-0.08656104351595317	0.3416825282355168
ENSG00000162852	-0.16060542080730755	0.047830750462800976
ENSG00000162869	0.17281533722205822	3.194043462818739e-05
ENSG00000162877	-2.095818476715486	3.419267348258668e-10
ENSG00000162882	-0.4255183405085532	2.1814659568249015e-10
ENSG00000162885	0.09012112688494511	0.5494656839222483
ENSG00000162889	0.4471324632461027	2.373290919859118e-13
ENSG00000162896	1.1439380896329467	4.745011812935625e-10
ENSG00000162909	0.6774198645097229	2.7720274999055124e-12
ENSG00000162910	-0.08348249016628273	0.4111638387625661
ENSG00000162923	0.09299458610207267	0.0056896297504508255
ENSG00000162924	0.360502639769809	4.4994635856947033e-10
ENSG00000162927	-0.20808596458792294	0.001738545383433301
ENSG00000162928	0.14031011967469453	0.41300904963718366
ENSG00000162944	0.2197999631550509	0.09736654661589537
ENSG00000162946	0.22283424267403618	0.3276723276723276
ENSG00000162949	0.16109600277778036	0.8195238153509792
ENSG00000162959	0.4484529847835823	1.6394550701916036e-11
ENSG00000162961	1.1737399272067073	2.461623650124359e-12
ENSG00000162971	0.0589685453946629	0.454452170577999
ENSG00000162972	-0.10959824140382324	0.32300705533788265
ENSG00000162976	-0.4120932718148502	0.41235518389025316
ENSG00000162980	-0.30766408749581586	0.5987769201960162
ENSG00000162998	0.22436023159324492	0.03961518860817274
ENSG00000162999	-0.6995803391521136	9.240376660984435e-11
ENSG00000163001	-0.052696446027987065	0.0649626273558619
ENSG00000163002	-0.3050622859771117	5.681296596059213e-11
ENSG00000163006	0.016482766361413326	1.0
ENSG00000163017	0.2894892955650157	0.13988057107594679
ENSG00000163026	-0.690771980817523	0.010654031945235336
ENSG00000163029	0.09393097375988901	0.017010626935203128
ENSG00000163032	1.0047753988898904	1.8171666874383594e-14
ENSG00000163050	-0.4777089972260029	1.0392270483403707e-05
ENSG00000163069	0.06121772668016234	0.4647323572151987
ENSG00000163071	-0.24165633637860395	0.1459791408626916
ENSG00000163072	-0.9590112023121797	7.479530355714762e-16
ENSG00000163082	-0.28928594616937175	0.5788736547250479
ENSG00000163092	0.34031723792811164	0.4248746887237351
ENSG00000163104	-0.07733985432332346	0.06199640216678007
ENSG00000163106	0.7545510042622787	2.4237024377669073e-10
ENSG00000163110	0.6899146306148332	1.0816977922403136e-16
ENSG00000163125	-0.06661102530975427	0.012756017248409503
ENSG00000163131	0.525565112127893	9.438498943396437e-06
ENSG00000163138	0.24059553165434977	0.3791208791208791
ENSG00000163145	-0.7876833380417452	0.014462435275743653
ENSG00000163154	0.26040247649924453	0.008283124709378274
ENSG00000163155	-0.4219341999764268	0.00034863900112975165
ENSG00000163156	-0.5808594867823267	0.08484848484848484
ENSG00000163159	-0.08321718268951628	0.010060750272937364
ENSG00000163161	0.17145045466579134	0.00011554061118889857
ENSG00000163162	-0.10264395156908179	0.07396410958628077
ENSG00000163166	-0.05823100065860842	0.4831963405166644
ENSG00000163170	-0.6758286013682664	5.052037956272465e-11
ENSG00000163171	0.3025196597421207	0.0004101625173002451
ENSG00000163191	1.4961399175707122	9.883611923063803e-19
ENSG00000163207	0.41392270137362885	0.4436033300583542
ENSG00000163209	1.021131525207899	1.5910516219774956e-05
ENSG00000163214	-0.3681948675765092	9.409299203549211e-10
ENSG00000163216	1.1937279124087414	0.21001031991744068
ENSG00000163219	0.5949133053646101	1.9984226988882396e-07
ENSG00000163220	0.639121534864028	0.004939919912773503
ENSG00000163221	0.6401289668059142	0.003153057892896942
ENSG00000163249	-0.5590595536067653	0.0002100560974905276
ENSG00000163251	-0.7419929699898695	0.02247752247752248
ENSG00000163257	0.021868045042854334	0.8170028239347811
ENSG00000163281	0.5957632800481747	4.672321358940423e-11
ENSG00000163283	0.7557149899679736	0.09491481143655056
ENSG00000163286	-0.014342912389729179	0.7431395721932834
ENSG00000163295	-0.22701968421024077	0.2902747148792303
ENSG00000163297	0.6384166613614113	2.5358683288665774e-12
ENSG00000163319	-0.37483072598737266	0.00010522731968800839
ENSG00000163320	-0.40393288165492436	1.4257880144455806e-09
ENSG00000163322	-0.11694570725501663	0.14469760020468053
ENSG00000163344	0.8435749949438005	7.240879351057163e-10
ENSG00000163346	0.28335989373567116	6.271037980157409e-06
ENSG00000163347	-0.720994287441556	1.0545280108520188e-05
ENSG00000163348	-0.06753601893292327	0.7309105933666971
ENSG00000163349	-0.9131549028036972	0.0009159202449487984
ENSG00000163359	0.46739880342687457	1.0164358954918539e-08
ENSG00000163362	0.40960003007793233	0.00396809853349554
ENSG00000163374	0.1786000122914153	0.3757575757575758
ENSG00000163378	0.24562457011703387	2.4455465855776126e-06
ENSG00000163382	-0.4240564718627091	8.699707081547364e-10
ENSG00000163389	0.2959329000659423	3.497895805038764e-05
ENSG00000163399	-0.2672972374813156	0.0027159543782190624
ENSG00000163412	-0.2858907340222956	1.065883975806703e-06
ENSG00000163428	-0.47442832484055586	0.019046449674675635
ENSG00000163430	1.0612245983198427	1.1153404301644677e-14
ENSG00000163431	0.455160024049853	3.74180278278298e-06
ENSG00000163435	0.3528792519956525	3.303654750662703e-05
ENSG00000163453	1.4182660368544617	8.583536700253537e-15
ENSG00000163463	-1.1481645644846061	5.911708698706727e-06
ENSG00000163466	0.5925367117825644	2.4310144311681315e-14
ENSG00000163468	0.20354664165110847	1.9414069858724983e-05
ENSG00000163481	-0.21810511605342597	6.088193868333509e-05
ENSG00000163492	0.884913288607418	0.020528145382800622
ENSG00000163507	0.20044013694782947	0.023931304184118242
ENSG00000163508	-0.6428941719794601	0.06717303480890373
ENSG00000163510	0.03514732819201072	0.1703336557188435
ENSG00000163512	-0.029821107395488156	0.4961368797522613
ENSG00000163513	-0.05934871420240739	0.4502569911300357
ENSG00000163516	-0.13641206858077126	0.05376311645958891
ENSG00000163517	-0.97561280133921	1.703772776284899e-05
ENSG00000163520	1.0919141075847953	8.283342572472051e-16
ENSG00000163521	0.059917499207877256	0.5846045261840792
ENSG00000163527	-0.7204967658764687	6.099163035454522e-08
ENSG00000163528	-0.11324171876235667	0.007788105976988035
ENSG00000163531	0.436371953676705	0.011165514223885538
ENSG00000163536	-1.1102643678625768	1.1177128234460886e-12
ENSG00000163539	-0.059599898971580245	0.023978150760798317
ENSG00000163541	-0.6520627323811503	6.85073636989826e-09
ENSG00000163545	-0.4609922953166006	0.02130751695969087
ENSG00000163554	-0.7253161463859144	3.89498008227162e-06
ENSG00000163558	0.4186028162260982	5.959026433013842e-14
ENSG00000163563	0.7978438230168052	2.571742365744172e-09
ENSG00000163564	0.02635378189669524	0.33520358946739826
ENSG00000163565	0.6179603797165676	5.275968552024869e-10
ENSG00000163577	0.5233712803460513	6.703900133288524e-05
ENSG00000163581	-0.36141535011453385	0.09754579451660321
ENSG00000163584	-1.4921477577422912	3.5179526453933235e-15
ENSG00000163586	-0.15727723995773957	0.5728564712712656
ENSG00000163590	-0.11620325163806555	0.2862400741168959
ENSG00000163602	-0.16328100890168074	0.030317450475438965
ENSG00000163605	-0.29272498165544647	1.0446553586395182e-10
ENSG00000163607	0.29896971106583337	0.34211225261696365
ENSG00000163608	-0.1713191049008529	0.0030691014692796493
ENSG00000163618	-0.360128236808162	0.0008522476988242955
ENSG00000163624	0.04124106916636805	0.5816358388829629
ENSG00000163625	0.19469825209921865	0.00024037274812391943
ENSG00000163626	-0.23498144642357133	0.2694293672165181
ENSG00000163629	0.043212616813036675	0.3029507902958888
ENSG00000163631	1.506621490948337	1.2623482783102246e-07
ENSG00000163634	-0.06964167093890339	0.05693978811977029
ENSG00000163635	-0.29702479259178816	0.023090600839582108
ENSG00000163636	0.20479090156019097	0.0009459937872479907
ENSG00000163637	0.10311975098902693	0.9524263992627534
ENSG00000163644	-1.4477144605729748	3.378350138124269e-18
ENSG00000163655	0.05306873164898107	0.32300705533788265
ENSG00000163660	-0.05721061430638841	0.3345904235951668
ENSG00000163661	0.029075139072112677	0.9254045333936776
ENSG00000163681	0.28798877528383215	4.391415530302373e-06
ENSG00000163682	-1.0719888928598387	7.0477310790861706e-15
ENSG00000163684	0.08183486825549124	0.2673733297685913
ENSG00000163686	-0.09583250581931324	0.38788473049733463
ENSG00000163694	-0.4939342642144844	1.0053988107989885e-11
ENSG00000163697	0.15542894838546673	0.015178556063422582
ENSG00000163703	0.2584885291862271	0.0021784326199546958
ENSG00000163710	1.0675035902847618	0.014303744731953293
ENSG00000163714	0.0992114988449373	0.00947174384612986
ENSG00000163719	-0.012829238171203627	0.3965823396207645
ENSG00000163728	-0.029568453144634077	0.5642558256191723
ENSG00000163735	1.2656715617425363	1.4926913702252351e-06
ENSG00000163736	-0.6337884996876397	6.306371015416039e-05
ENSG00000163737	0.3481578345032297	0.09726522503776172
ENSG00000163738	-0.84335038599054	0.04794601533731968
ENSG00000163739	0.52294800717603	0.011023091034708752
ENSG00000163743	-0.001155777785172063	0.93817461055966
ENSG00000163751	0.25873954764388785	0.039217227747902414
ENSG00000163754	-0.11629433208338469	0.00533697628087635
ENSG00000163755	0.1442568881534534	0.005762632951682746
ENSG00000163781	0.017919306401470436	0.4417373120736039
ENSG00000163788	-0.4953915500039159	1.1659655694546193e-10
ENSG00000163798	-0.016543713363947887	0.4677538965385839
ENSG00000163807	-0.14350881004152782	0.002400311303335485
ENSG00000163808	-0.08095191644600064	0.8068398667404373
ENSG00000163811	-0.11153840966137452	0.009940404059448817
ENSG00000163812	0.7574981624253887	1.520119806239283e-07
ENSG00000163814	0.7323781056284631	1.7732862843548742e-12
ENSG00000163815	0.8794694148337321	1.3032578183391483e-11
ENSG00000163818	-0.15974792306440833	0.0005317275283536977
ENSG00000163820	-0.4220295875094635	1.4476870074508557e-14
ENSG00000163823	0.030495402575670738	0.6138339141860363
ENSG00000163832	0.01814349205203669	0.8924215793833479
ENSG00000163840	0.3965445484416783	3.242471211830329e-11
ENSG00000163848	-0.2413883914877708	9.677534290319806e-09
ENSG00000163864	-0.7142343105956463	3.4461710617180434e-10
ENSG00000163866	0.3085848047804163	0.023280839323140592
ENSG00000163872	-0.034946375794344675	0.6257460804016333
ENSG00000163874	0.18399613021625427	0.01019782807299249
ENSG00000163875	-0.2236163816993546	0.001518312172787308
ENSG00000163877	0.046005855403745244	0.3007016547902337
ENSG00000163879	-0.8371414783959423	0.044854784018870705
ENSG00000163882	0.18916875064561012	0.0001025286060390023
ENSG00000163898	1.0234603616246751	5.5918345395772474e-14
ENSG00000163900	0.20119882857463267	0.2410647621113703
ENSG00000163902	-0.43466082718176224	0.01644163358382489
ENSG00000163904	0.22928824272929305	0.03290736476701758
ENSG00000163913	-0.37916547663477473	1.7732862843548742e-12
ENSG00000163918	-0.43694067393684577	1.7561412950509685e-10
ENSG00000163930	-0.13138928296018548	0.025345819441924947
ENSG00000163931	-0.40603481366702354	5.864749838449693e-10
ENSG00000163932	0.2766145784208405	1.4917041985852357e-07
ENSG00000163933	-0.07821958676199259	0.7369751604455194
ENSG00000163935	-0.1906361348762715	0.1989292595617832
ENSG00000163938	-0.5473812694717424	6.691419297986113e-10
ENSG00000163939	0.18359614654693246	0.0002483239610721009
ENSG00000163945	-0.49064793728496525	0.00019276899398558807
ENSG00000163946	-0.045822519924438865	0.6102242668264857
ENSG00000163947	-0.5564839824386709	1.58665630395119e-06
ENSG00000163950	0.024438592157430605	0.6399744356052829
ENSG00000163956	0.3307313803344769	4.219558941739691e-06
ENSG00000163959	-0.13599837049709151	0.2094110440792363
ENSG00000163960	-0.2291417602868826	5.0608454273900304e-08
ENSG00000163961	-0.37253641362384826	0.016587538632860867
ENSG00000163964	0.12005636565049826	0.3653957675288303
ENSG00000163975	0.7815128576156383	5.476871561763468e-09
ENSG00000163993	2.3337223685076722	2.0739889941081295e-18
ENSG00000163995	-0.4687165491237373	4.717477310084854e-08
ENSG00000164008	0.07180209093202095	0.1024077313962091
ENSG00000164011	-0.21838255782764548	0.014210244638596364
ENSG00000164022	-0.5188767239115393	1.9694817986712155e-13
ENSG00000164024	-0.11409931981831534	0.002031635721847009
ENSG00000164031	0.029804849616489548	0.9320183888842802
ENSG00000164035	-1.3133008127678174	4.76068187096779e-17
ENSG00000164039	-0.36197643569286697	8.054046004968839e-05
ENSG00000164040	-0.3893710232474419	0.00042083524792184364
ENSG00000164047	0.887394499826069	0.00013685323021515882
ENSG00000164050	-0.3071359920263461	0.0002231191966080648
ENSG00000164051	0.2526287762947135	0.03361042559912505
ENSG00000164053	0.29299895199288173	0.013917591458926968
ENSG00000164054	0.615652332490658	0.002532378607598691
ENSG00000164056	0.4708141464550799	0.0040658779598808275
ENSG00000164061	-0.2562680073603367	0.25993534892035075
ENSG00000164062	-0.023605385626773057	0.3270985477527114
ENSG00000164066	0.040890138825552924	0.9212121212121214
ENSG00000164068	-0.10132957500366757	0.17691135924792623
ENSG00000164073	-0.1533553526192648	0.4121212121212121
ENSG00000164074	-0.14236360232064982	0.6828282828282828
ENSG00000164077	0.2697182058170142	0.0007975367070711353
ENSG00000164078	0.5060904605971892	1.1359353070363316e-07
ENSG00000164080	-0.1957053799719084	0.1117021341784544
ENSG00000164081	-0.10432589532290137	0.38332716790086574
ENSG00000164086	0.3958503894829555	0.02346988455328103
ENSG00000164088	0.1742218399880784	0.1591536016360393
ENSG00000164091	-0.08326319985357244	0.49102014027956076
ENSG00000164096	-0.37997473442598206	0.0013483709996984883
ENSG00000164104	0.3630971226248434	4.136066020533613e-06
ENSG00000164105	0.381220170795892	0.0002179285378261097
ENSG00000164109	0.14049692605528818	0.030868528312961243
ENSG00000164114	-0.04470394437193548	0.45760456415876216
ENSG00000164116	-0.13748421350863538	0.05586397867328065
ENSG00000164118	0.02894740299283427	0.3319175478488028
ENSG00000164120	0.539978112732026	0.0021784326199546958
ENSG00000164125	0.3693767424564278	5.1918695317060845e-05
ENSG00000164134	-0.014161695347578274	0.6102242668264857
ENSG00000164142	-0.5693063915094143	5.647206419034802e-06
ENSG00000164144	0.3327912406039957	4.714410398983432e-12
ENSG00000164151	-0.4664397703162635	3.148387130621491e-05
ENSG00000164161	-0.5935294743782773	0.26666666666666666
ENSG00000164162	-0.25654333726456	8.736288136953012e-06
ENSG00000164163	-0.4709718148834092	5.6151633966521214e-09
ENSG00000164164	0.11513709277604178	0.000620185062866645
ENSG00000164167	0.8831209530273654	1.2316800406469603e-10
ENSG00000164168	-0.3290819703115524	0.030661108282550562
ENSG00000164169	-0.6538102190143924	2.092158321407974e-12
ENSG00000164171	1.1407950794003234	1.789229478897267e-18
ENSG00000164172	-0.5762402639239035	6.90241870584668e-11
ENSG00000164176	0.7670784192137177	1.838049275174314e-11
ENSG00000164180	0.026390671697729573	0.9370629370629371
ENSG00000164181	-0.4936073676427277	0.016472697427338888
ENSG00000164182	-0.7278514922678134	3.9364951624615547e-14
ENSG00000164187	-0.7284641524048538	5.864749838449693e-10
ENSG00000164190	-0.09537356931305396	0.059704910528457514
ENSG00000164209	-0.18551989448281248	0.03615407671533947
ENSG00000164219	-0.0028859822859352846	0.6546335040132796
ENSG00000164237	-0.052794444601101276	0.32915685938847383
ENSG00000164244	-0.2022131273423824	0.0030691014692796493
ENSG00000164251	0.02667341520444566	0.5048449995952483
ENSG00000164252	-0.7394452477964606	0.0004951199960002075
ENSG00000164253	-0.3540724609169068	1.0175220139259744e-09
ENSG00000164258	-0.15763614456754027	0.006458651836016812
ENSG00000164266	-1.4398643539918474	1.4257880144455806e-09
ENSG00000164283	0.23039029715168624	0.8512820512820513
ENSG00000164284	0.3455780173244847	0.44579703516026326
ENSG00000164291	-0.20740507217912096	0.15509128552606813
ENSG00000164292	0.035891824070102274	0.7522496322271652
ENSG00000164294	0.9147157047594519	9.165285506514251e-15
ENSG00000164300	0.020817265260127726	0.6579631591071141
ENSG00000164303	-0.2290758768729475	0.16526705366622663
ENSG00000164305	0.5841076148704865	4.5880818119087395e-15
ENSG00000164306	-0.5402447813004478	0.00035324702316350595
ENSG00000164307	0.2792008616183246	2.6114560991275902e-05
ENSG00000164308	0.4966384932406136	0.02012232232651324
ENSG00000164318	0.13810710015108185	1.0
ENSG00000164323	0.0736485181555473	0.743564021520404
ENSG00000164326	0.055485995782262876	0.7256613890477719
ENSG00000164327	0.268715563662294	3.512326982502653e-12
ENSG00000164329	0.015584390990763808	0.15279832893957002
ENSG00000164332	0.11059894759477018	0.02876166537560292
ENSG00000164338	0.08081365808364183	0.17163431818991803
ENSG00000164342	-0.16032643063328678	0.03894424271613304
ENSG00000164344	0.7335994360612617	4.745011812935625e-10
ENSG00000164346	0.14867583929075678	0.04249799885896208
ENSG00000164347	-0.27470914237904154	5.284908005778753e-05
ENSG00000164366	-0.35799839679933143	1.7599598657502557e-06
ENSG00000164402	0.49861203667803977	1.0963992616114029e-11
ENSG00000164403	0.2560111259220257	0.003740199897015911
ENSG00000164405	-0.045050284461204626	0.6788414709297976
ENSG00000164406	0.3491694301190016	0.9370629370629371
ENSG00000164414	-0.4522686175345392	0.00011097738689161402
ENSG00000164430	0.17122198031907132	0.055447523733308995
ENSG00000164442	-0.002310434428093089	0.9816787332829311
ENSG00000164463	-0.3043431307976334	0.014459498678455408
ENSG00000164465	1.0033723043985603	3.008821008641482e-14
ENSG00000164466	0.16428439719877375	0.009133287549131033
ENSG00000164494	-0.3059842547676759	0.00018718695187849526
ENSG00000164506	-0.3308239946528353	3.150800761763588e-09
ENSG00000164530	-0.45651185871622957	0.0007662826749122817
ENSG00000164535	-0.04821112298921193	0.28580880246550133
ENSG00000164543	0.4231371598348943	0.013027501600570394
ENSG00000164548	0.25814261022085816	0.00023266086891093272
ENSG00000164574	0.41910895968367257	1.2651682178989995e-06
ENSG00000164576	-0.10611183662701862	0.2608675314367537
ENSG00000164587	0.18273011353662838	0.0017155949743122296
ENSG00000164597	0.06355556944162899	0.39017584278089856
ENSG00000164603	-0.7363722154617456	0.06553147574819401
ENSG00000164609	-0.22325005472515258	5.556548481826914e-08
ENSG00000164610	0.040424072719993376	0.5501012488454449
ENSG00000164615	-0.15407363120299422	0.03329727802663553
ENSG00000164631	0.923301772098597	0.10092424737733663
ENSG00000164647	0.04511774189150941	0.6828282828282828
ENSG00000164649	0.45696242961510336	0.06349206349206349
ENSG00000164654	-0.24175188217288124	1.8045080778444245e-10
ENSG00000164659	0.5161528402032864	0.008233289157469828
ENSG00000164674	0.024579495943136465	0.42140988829278525
ENSG00000164684	-0.5949749017743677	0.053513390317439555
ENSG00000164687	-0.5276159075387454	6.85073636989826e-09
ENSG00000164692	0.7917382441770648	1.573113079003721e-12
ENSG00000164694	1.0082100939326928	4.473502889115505e-14
ENSG00000164695	0.4807565368632325	5.12172090474259e-05
ENSG00000164708	-1.0810387761403035	5.514522213812673e-10
ENSG00000164715	-0.25677490601856334	0.0013643752293556722
ENSG00000164733	0.7252473317692356	3.77297597817798e-13
ENSG00000164741	-0.11804124121830029	0.30617409122600703
ENSG00000164749	-0.17904115690332034	0.1569669882535778
ENSG00000164751	0.04386303307832584	0.835758310140551
ENSG00000164754	0.027300313162843537	0.7502302540546053
ENSG00000164756	-1.0805339059219108	8.223599136029355e-05
ENSG00000164758	0.42106788018564245	0.0007737854983378532
ENSG00000164761	0.6167018701033342	0.02166821088526733
ENSG00000164764	0.060427338677108366	0.4377056023964736
ENSG00000164808	0.9180305129399677	1.9267167094799436e-07
ENSG00000164815	-0.1898672158358714	0.0011627765145378118
ENSG00000164816	-0.2942626767973131	0.3924751621793062
ENSG00000164818	0.2349866026502916	1.0593763807945635e-05
ENSG00000164821	1.189392825099933	7.214269290454249e-06
ENSG00000164822	-0.22163636690223498	0.30305232949008276
ENSG00000164825	0.9124286436719231	0.0007045731031291887
ENSG00000164828	0.4453670619454755	3.0960030404015684e-10
ENSG00000164830	0.2018261405244779	2.3378217565983237e-05
ENSG00000164853	-0.35418301409753283	0.02270835587899176
ENSG00000164867	-0.13226318909277524	0.235298562332089
ENSG00000164877	0.8177590923930573	2.996659730796624e-18
ENSG00000164879	-0.8792324164149328	8.042403576100247e-10
ENSG00000164880	-0.10705178046390174	0.0011127839462966808
ENSG00000164885	-0.005943298593461321	0.9386369415660587
ENSG00000164889	-0.25277718459973286	0.0005923058335298057
ENSG00000164897	-0.06917599283545783	0.43113542756404444
ENSG00000164898	-0.4247317055534232	0.0011639243186210792
ENSG00000164902	-0.0865703785729437	0.553537119006315
ENSG00000164904	-0.5234964553132002	9.245218634974503e-08
ENSG00000164916	0.377618687457133	2.1232472373164716e-10
ENSG00000164919	0.6137483955995009	3.635218221577573e-07
ENSG00000164924	0.6367921370122254	5.187894554995822e-18
ENSG00000164930	0.4892342935863567	0.0023188231330825365
ENSG00000164932	1.424504708652968	2.5381824887647336e-17
ENSG00000164933	-0.4668349134327272	0.002520020993024862
ENSG00000164934	0.039747467955564275	0.7126713286973583
ENSG00000164941	-0.0317362137628443	0.49627357649761794
ENSG00000164944	0.040315890348196604	0.737639586777029
ENSG00000164946	-0.03569784886174787	0.5037113419471081
ENSG00000164949	0.5834988167836102	2.305361275350357e-05
ENSG00000164951	0.13290135353429378	0.03882266681467053
ENSG00000164953	-0.9418346778837652	0.1118881118881119
ENSG00000164961	0.17848342069093803	3.234904342366112e-08
ENSG00000164967	-0.2533312515212849	0.0008161900007450812
ENSG00000164970	-0.09583563972047315	0.5676262739712967
ENSG00000164975	-0.37571138320727826	0.0443284014309947
ENSG00000164976	-0.2706139820882356	0.014481767320196584
ENSG00000164978	0.31951141881580725	0.0006297462288957844
ENSG00000164983	-0.38461551359374724	0.0009906951942361543
ENSG00000164985	-0.18104037585559496	0.0005317275283536977
ENSG00000165006	-0.17836962799410117	0.0003265902508067955
ENSG00000165025	0.021899307848407545	0.3654270927938317
ENSG00000165028	-0.3374644299874703	0.12349182108287592
ENSG00000165029	0.465823850134484	0.0003196176831801656
ENSG00000165030	0.43100705624983604	0.43715170278637777
ENSG00000165055	-0.01617102268398085	0.5826834583405354
ENSG00000165060	-1.1650836594917209	1.331003340882989e-17
ENSG00000165072	0.2446510034532352	0.01799739576475073
ENSG00000165092	-1.3866185281894552	1.926420559539693e-18
ENSG00000165097	-0.2659829298295122	0.0004394225194777371
ENSG00000165102	0.49854714834624403	0.0024849866698040003
ENSG00000165105	-0.001369877296355071	0.8719653771654394
ENSG00000165113	-0.5857289800265733	0.008804554606220134
ENSG00000165115	0.0935857756190206	0.6884280041155602
ENSG00000165118	0.09764245698078255	0.009022892002397623
ENSG00000165119	-0.4020376518950748	6.598589147121211e-15
ENSG00000165124	0.30145279231161837	0.00017881428311889225
ENSG00000165138	-0.12609995087334624	0.06620769708430761
ENSG00000165140	0.0020511402382545896	0.4159172648590024
ENSG00000165152	0.18150813263603283	0.22551619644092114
ENSG00000165156	-0.4133810785831038	2.4945850873989253e-05
ENSG00000165168	0.7971905026799888	2.156360424474972e-08
ENSG00000165169	0.16806928554810696	0.005268860787847292
ENSG00000165175	0.03099484735759006	0.8958191556951245
ENSG00000165195	-0.2725665801111816	0.08955345105956274
ENSG00000165209	-0.5336426608277591	7.098278471580322e-12
ENSG00000165215	-1.7156203730115394	8.10109053950949e-13
ENSG00000165219	-0.07493159127400517	0.1703336557188435
ENSG00000165233	0.09975530970404378	0.11429131506784862
ENSG00000165238	-1.6350026571325351	1.1945967496161347e-17
ENSG00000165240	-0.4214347335511093	1.430430141018379e-08
ENSG00000165264	-0.9623564085857232	3.2341327005226037e-13
ENSG00000165271	0.09701980898431373	0.04738569248747304
ENSG00000165280	-0.0225034068836365	0.3743109570458042
ENSG00000165282	-0.4869808977094543	0.0002483239610721009
ENSG00000165283	-0.33902207963268083	2.8530513136605934e-07
ENSG00000165288	0.1970410836966252	0.16632928721562112
ENSG00000165304	0.2743097134282202	0.055614613557010896
ENSG00000165312	0.03995344984339155	0.6378941656312587
ENSG00000165322	-0.17459814756024628	0.00012158102930367212
ENSG00000165359	0.04210792565421784	0.9212121212121214
ENSG00000165376	0.1716437033473639	0.5028399860669115
ENSG00000165392	-0.24057314340755553	0.0015182088710584078
ENSG00000165410	-0.33230132770182763	2.3378217565983237e-05
ENSG00000165416	0.21881490568596362	6.099163035454522e-08
ENSG00000165417	0.22340429196604816	0.003282922704209624
ENSG00000165424	0.3052878773246057	0.0015527917498447436
ENSG00000165434	0.823795548718099	1.4475701618054574e-19
ENSG00000165443	-0.7329623641579772	1.6147827067942198e-08
ENSG00000165457	-0.08892785183385143	0.4426351458791167
ENSG00000165458	0.21763923616468617	1.0939512552477353e-08
ENSG00000165471	0.3129786083089421	0.0037467600043127962
ENSG00000165475	-0.0662344700376778	0.0649626273558619
ENSG00000165476	0.15612253638244056	0.08683123826180912
ENSG00000165480	-0.3445918875955485	0.062095676683258015
ENSG00000165487	0.807730836134418	4.322406353527035e-18
ENSG00000165494	-0.010813399081310848	0.21572628072777134
ENSG00000165502	-0.09003972973084728	0.33538203641284214
ENSG00000165506	0.16327668723914712	0.13710368436111142
ENSG00000165512	-0.42803815518115584	3.0509733093539343e-05
ENSG00000165516	-0.28382090486411826	7.852471010486003e-05
ENSG00000165525	-0.39560085954013147	1.1344062110837854e-10
ENSG00000165526	-0.729589476390931	9.565702909614538e-08
ENSG00000165527	-0.3134662882273034	2.611132513824338e-07
ENSG00000165533	0.33612957018110023	0.000489021539972443
ENSG00000165572	-0.8105318059110402	0.10130718954248366
ENSG00000165591	-0.4135963613011633	0.0625963448235217
ENSG00000165609	-0.13316679480541183	0.05693978811977029
ENSG00000165617	0.7330493784500369	0.010733416102997193
ENSG00000165626	-0.9410055255860676	3.6485253876558225e-05
ENSG00000165629	-0.6368160470864126	7.395443288394365e-13
ENSG00000165630	-0.1375438532404658	0.09256895015068597
ENSG00000165632	-0.6379594050437625	2.270643091602321e-09
ENSG00000165637	-0.2666459225845301	0.000548418678548034
ENSG00000165644	-0.5327130832684333	3.403464855273614e-07
ENSG00000165650	-0.03650082927220666	0.4936431173131498
ENSG00000165655	-0.9921253391642146	1.2300937006469528e-14
ENSG00000165660	-0.09707832930419968	0.004629664681692187
ENSG00000165661	-0.15133954519611947	0.12415071082031166
ENSG00000165669	-0.32416951676717787	0.35304437564499486
ENSG00000165671	-0.10235523132385893	0.8805668848400036
ENSG00000165672	-0.18008331686947798	0.004813628768105611
ENSG00000165678	-0.32145842411664916	0.0024574437815045444
ENSG00000165684	0.11897173423394491	0.8877396538403752
ENSG00000165688	-0.2171328356140947	0.00015915220710892023
ENSG00000165689	-0.18229724329490082	0.06182714025628575
ENSG00000165699	-0.2797756447381339	2.6696849213593386e-07
ENSG00000165704	-0.35081252770098814	3.0125308146470174e-08
ENSG00000165714	-0.06553517341078319	0.1977781780497435
ENSG00000165732	0.11269549515262867	0.10776426838165826
ENSG00000165733	-0.255975142520775	2.3364911202237433e-07
ENSG00000165752	-0.39363446632521715	0.0007537514827518303
ENSG00000165757	-0.5414060130248224	2.677843602157542e-14
ENSG00000165775	-0.7708265514244381	2.156360424474972e-08
ENSG00000165782	-0.3540759738170145	0.0013447963139287295
ENSG00000165792	-0.2212014612374098	0.0018413392611480435
ENSG00000165795	-0.26925871832232673	6.196373392783023e-05
ENSG00000165801	-0.05698096209560077	0.29338899796798545
ENSG00000165804	0.22071679474807127	0.18466755123101875
ENSG00000165806	0.27255642156841375	0.01946296248156823
ENSG00000165813	-0.6754591598520179	8.607811087796476e-13
ENSG00000165816	-0.3852961877098302	0.000554015675760594
ENSG00000165819	-0.14721803470913386	2.4258501041009972e-05
ENSG00000165821	-0.6544289869444437	0.014275885792913657
ENSG00000165832	-0.004699209210276223	0.2765212267728723
ENSG00000165841	-0.29201045935936776	0.2975576195390437
ENSG00000165861	0.3070179991794042	3.0239521881973373e-05
ENSG00000165868	-0.03812777029008174	0.8433115062437173
ENSG00000165886	0.09347540259030396	0.9733808674985146
ENSG00000165887	-0.6851353471636124	0.0006538084341288003
ENSG00000165895	-0.11367798854038824	0.8529609928430641
ENSG00000165898	0.03261637252309768	0.9055956888924968
ENSG00000165912	-0.6369362011828095	2.604657737750619e-13
ENSG00000165914	0.03975385423621702	0.7732639039492717
ENSG00000165916	0.0368947854553916	0.4475962878852464
ENSG00000165929	-1.210834287940969	3.3722792839053753e-11
ENSG00000165934	-0.0018091863665326002	0.7660622815044287
ENSG00000165949	0.0876763730593133	0.8333333333333333
ENSG00000165959	-0.5327661927312377	1.266305544475628e-11
ENSG00000165983	-0.7518083972360792	1.8171666874383594e-14
ENSG00000165997	-0.08852023608235626	0.18897448702372144
ENSG00000166016	0.030545871639457545	0.6212968414894835
ENSG00000166024	-0.30943292888800755	0.19535099554573554
ENSG00000166025	-0.43701524105704337	9.828831095187903e-12
ENSG00000166033	1.1000474536604408	3.5179526453933235e-15
ENSG00000166037	-0.506655057710276	1.08990951259737e-08
ENSG00000166046	0.22228435441444816	0.003917555260396908
ENSG00000166068	0.4550100026153565	0.029298294404550604
ENSG00000166086	0.5212876712355623	9.643567408450704e-05
ENSG00000166123	-1.7648435991375635	1.4955459438392387e-14
ENSG00000166128	0.41108230805622625	7.478737096498341e-06
ENSG00000166130	0.6936028233314495	4.973768163822593e-13
ENSG00000166133	-0.11458613407361184	0.04286929764779767
ENSG00000166135	0.13982669811876036	0.05247782691475565
ENSG00000166136	-1.0000711723246596	3.4461710617180434e-10
ENSG00000166140	0.26217236317913617	1.9115916615521564e-06
ENSG00000166143	0.18690586973540135	0.7194457366855653
ENSG00000166145	0.8815096959979378	1.0085187670849158e-16
ENSG00000166147	0.8301051073960117	1.7386202973777514e-13
ENSG00000166164	0.06803577873624889	0.9061766448909357
ENSG00000166165	-0.10976266383260125	0.3270985477527114
ENSG00000166166	0.21648975481989652	0.004248461909343012
ENSG00000166169	-0.5500654994738525	0.00027416331118904226
ENSG00000166170	-0.0659443396539352	0.06679789287974919
ENSG00000166171	0.024584985616328936	0.8012298702886392
ENSG00000166173	0.09968132748544889	0.45321835727371296
ENSG00000166181	-0.11730441053647667	8.19499251730903e-05
ENSG00000166189	0.1713387920489673	0.007597714748854199
ENSG00000166192	0.253823360534863	0.0861001167813642
ENSG00000166197	-0.23804046123340328	0.00013009900171646527
ENSG00000166199	-0.5664198922221431	5.403698844537627e-07
ENSG00000166200	-0.0799593024000167	0.0030691014692796493
ENSG00000166224	0.19838891536287662	0.004394284671396908
ENSG00000166225	0.055899130257589746	1.0
ENSG00000166226	-0.11830911255080778	0.00033718347540717425
ENSG00000166228	-0.14655920451358284	0.435252723430659
ENSG00000166233	-0.021101684090837125	0.3788025524381524
ENSG00000166250	0.18605330425486244	0.8333333333333333
ENSG00000166260	-0.06304566205615103	0.5783124165735718
ENSG00000166262	1.2948477508291703	1.8195756305300008e-06
ENSG00000166263	-0.10957606112472718	0.036900084104870376
ENSG00000166266	0.012460071774174963	0.9552008827846545
ENSG00000166272	-0.0949296199809595	0.5329178068308503
ENSG00000166278	0.843285335095949	1.2856027567217266e-09
ENSG00000166289	0.4921034904221422	2.2623169348619502e-08
ENSG00000166295	-0.4329008487697159	4.778196055874336e-08
ENSG00000166311	0.5771300010799898	9.21340458873791e-09
ENSG00000166313	-0.33145953746052825	0.00010341359869793672
ENSG00000166326	-0.6497994438146719	0.04073674609143717
ENSG00000166329	0.29122632308640917	0.6593406593406593
ENSG00000166333	0.5495855319251994	1.9388038424215922e-14
ENSG00000166337	0.29070511068258753	0.00462272002133524
ENSG00000166340	0.6505663826674244	3.072008649237774e-09
ENSG00000166341	0.10225810144151026	0.12218288870485793
ENSG00000166347	-0.7510476601677176	0.0443284014309947
ENSG00000166348	0.5434258967247558	5.814315915333819e-08
ENSG00000166377	-0.7841316469609474	3.572144422664446e-10
ENSG00000166387	0.013482202190552073	0.4652070071724873
ENSG00000166391	-0.2991180986757698	0.36787930820914333
ENSG00000166394	0.2267837074520429	0.0013447963139287295
ENSG00000166396	1.1491028382373365	3.4170152626902876e-05
ENSG00000166398	-0.05246021784916266	0.48823518702537705
ENSG00000166401	0.7267879286397267	3.856070216771728e-09
ENSG00000166402	0.5085184838766565	0.05567791074662766
ENSG00000166411	-0.12180308027942743	0.01644163358382489
ENSG00000166426	-0.7458498272184393	3.486114255824797e-09
ENSG00000166428	0.15898182679845974	0.24565571309087952
ENSG00000166439	-0.21990961994193015	0.005482156563172951
ENSG00000166441	0.14160808836648897	0.18230834825354691
ENSG00000166444	0.3770867829470035	1.9587064747065807e-08
ENSG00000166446	-0.0885368579773953	0.2557440538980966
ENSG00000166451	0.18791155135869353	0.2684554523563812
ENSG00000166471	-0.3303091826309519	0.0018413392611480435
ENSG00000166477	-0.07989932113919451	0.0891551179147218
ENSG00000166478	-0.35254319528470646	3.635218221577573e-07
ENSG00000166479	0.24251301996114094	0.000574372644568642
ENSG00000166482	1.4164438326724316	1.1036823669442519e-10
ENSG00000166483	-0.027098378157155878	0.8212523957153806
ENSG00000166484	-0.1843280168046455	0.07190147385324655
ENSG00000166501	0.6384014119834731	6.389383820891407e-08
ENSG00000166503	0.39006239876260906	0.0002607145855217422
ENSG00000166507	-0.682111022829881	0.07272727272727272
ENSG00000166508	0.6182742411301163	1.073772435245062e-10
ENSG00000166510	-0.2637206323727881	0.044889843509482094
ENSG00000166523	0.32073814501406517	0.2857142857142857
ENSG00000166526	-0.1612003753970832	0.7087743835001532
ENSG00000166529	-0.8971401739799116	0.0003232062055591467
ENSG00000166535	1.039220289385014	9.28723867698676e-05
ENSG00000166548	-0.25299900479522464	0.0001618307883933606
ENSG00000166557	-0.2142955951444776	0.06376238048014041
ENSG00000166562	-2.0232887023531987	4.399724171881617e-13
ENSG00000166575	0.6045584131997259	2.148868005702214e-05
ENSG00000166579	0.05565245591399659	0.9493167275676643
ENSG00000166582	-0.19300684248418065	0.011472725060028444
ENSG00000166592	-0.21074777248694332	0.14843747356364925
ENSG00000166595	0.4427040357834535	1.35392797979084e-09
ENSG00000166598	-0.7663238962804719	3.1450914951460436e-14
ENSG00000166670	0.682614372585455	0.004938038951587774
ENSG00000166685	-0.005754024785055378	0.9950197343809943
ENSG00000166689	-0.48977534597075945	4.745011812935625e-10
ENSG00000166716	-0.14072715944908865	0.03194282604095981
ENSG00000166734	-0.3176698844225534	2.0151768244387255e-05
ENSG00000166741	1.0573694481182976	8.607811087796476e-13
ENSG00000166747	0.24783171162739137	2.0436471035337328e-07
ENSG00000166750	0.408495939398712	6.532291666052415e-07
ENSG00000166780	0.5158561321721855	0.18173340738049204
ENSG00000166783	0.1020356658979722	0.0527376725754724
ENSG00000166788	0.03194823329340579	0.8694403120039335
ENSG00000166794	-0.6200900183401643	2.0113273165812148e-10
ENSG00000166796	-0.756998815522234	0.0024765470989727284
ENSG00000166797	0.9720861919738972	1.0133038446795068e-07
ENSG00000166801	0.24010292551814771	0.008455132138561075
ENSG00000166813	0.3830786188912718	0.0011308128897703081
ENSG00000166816	-0.28971193794139793	0.0037022884168965288
ENSG00000166819	-1.2229072646134007	5.003621496981812e-10
ENSG00000166821	0.5951157373846705	8.759661929109594e-05
ENSG00000166825	-0.3901153893368843	7.38302596431354e-05
ENSG00000166831	-0.4145969755863739	0.046349172063199384
ENSG00000166833	-0.35341608487277654	0.001421771938423282
ENSG00000166847	-0.284616563639851	6.393415408957921e-07
ENSG00000166848	-0.03414828277616877	0.5338714085465587
ENSG00000166851	-0.1206937152198897	0.305671912345431
ENSG00000166855	-0.7965821363804935	1.8770162003688863e-14
ENSG00000166866	0.3749484389166753	0.06316916055166397
ENSG00000166869	-0.22422191229858868	0.5342324850334005
ENSG00000166881	-0.3593016186187086	0.04657726914368179
ENSG00000166886	0.29843903678686345	0.00025239145448158006
ENSG00000166887	0.06803834442587942	0.11815845643406533
ENSG00000166888	0.344895261867471	2.7068649503576917e-10
ENSG00000166889	0.20585907181589747	5.5721338241166435e-06
ENSG00000166900	0.1027092656536226	0.24144108257561459
ENSG00000166902	-0.44074383000876693	2.096835553565887e-09
ENSG00000166908	0.4138222616505409	1.1001812552374268e-09
ENSG00000166912	0.07916344880755943	0.13143841961412725
ENSG00000166913	0.09694620132945886	0.0025015862656488272
ENSG00000166920	1.1719522142977539	6.852241840943596e-17
ENSG00000166922	-0.23706504507633142	0.41830609457272283
ENSG00000166923	1.2200668802833867	3.5476088901786184e-13
ENSG00000166924	0.2607139187850116	0.5061812923052522
ENSG00000166925	0.08215609895724185	0.11334026707829561
ENSG00000166938	-0.2515319794698776	0.025708215993334727
ENSG00000166946	-0.7453439406870714	0.064293498727244
ENSG00000166947	-0.40092777478168884	0.020346399575031586
ENSG00000166949	0.17782697673079895	0.24649342177531774
ENSG00000166963	0.4524211854495839	3.1165471032598095e-07
ENSG00000166965	-0.3039250438525585	0.0001612330935695767
ENSG00000166971	-0.2561343460161716	0.00025239145448158006
ENSG00000166974	0.15831093457132894	0.0023673961541433694
ENSG00000166979	0.4344579429212203	0.08359604935790271
ENSG00000166986	-0.3063574875843251	9.080910264180866e-06
ENSG00000166987	0.15595488757640652	0.3283231550230582
ENSG00000166997	0.2156458032830919	0.003417642201431719
ENSG00000167004	-0.14344485435019294	0.009821341931081735
ENSG00000167005	-0.13460173701834677	0.0050041826318955014
ENSG00000167037	-1.4156446730383756	4.798657816287869e-10
ENSG00000167074	-0.22818720631994438	0.08478980944449492
ENSG00000167081	-0.3763006130721358	0.1943184707486767
ENSG00000167085	-0.17877324936463523	0.002433644874424393
ENSG00000167088	0.17839604541145349	0.005546120614329727
ENSG00000167106	0.07060864529840671	0.3788025524381524
ENSG00000167107	-0.035541372871549015	0.23155613527320285
ENSG00000167110	-0.2468120702504173	1.2665903724777419e-08
ENSG00000167112	-0.08905602800555812	0.35442009873324676
ENSG00000167113	-0.5625105045011018	0.015798889647548966
ENSG00000167114	-0.14071502414597958	0.060271092720930224
ENSG00000167118	0.31822753362097345	1.5176025196718164e-05
ENSG00000167123	0.45370320073053705	2.2092829168391223e-05
ENSG00000167130	-1.2559771829994446	0.00020878360678690385
ENSG00000167136	-0.38414102072529843	1.021813720170906e-06
ENSG00000167165	0.36033088514346545	0.15279267887633094
ENSG00000167173	-0.017308583385421628	0.41788386372914976
ENSG00000167182	-0.14042064110466157	0.0007331944744889169
ENSG00000167183	0.19847732833043708	0.3414506669158145
ENSG00000167186	-0.18447175110088665	0.018822557359021514
ENSG00000167193	-0.10683552635106963	0.015889427627325335
ENSG00000167196	-0.06793139076090071	0.33329860572305336
ENSG00000167202	0.5109647644661841	1.0348781047378045e-11
ENSG00000167208	-0.18405501985181516	0.7903016434366548
ENSG00000167220	-0.5226041465257047	3.7284120375365605e-08
ENSG00000167257	0.029212600795727184	0.8891325406860131
ENSG00000167258	0.019077786878018088	0.4780183161391337
ENSG00000167261	1.3396965346647498	0.0002354727678918538
ENSG00000167264	-0.34372821652485186	9.227757742165856e-06
ENSG00000167272	-0.14856608580493713	0.13846455785215536
ENSG00000167280	-0.6374515368928471	1.039277200927463e-11
ENSG00000167283	-0.8932135261810252	6.846922213384699e-13
ENSG00000167286	0.1997829536064053	0.246064220137988
ENSG00000167291	0.30911898831184104	0.01624091849907276
ENSG00000167302	-0.22088822649135764	0.12337221359481866
ENSG00000167306	-0.1716799262151092	0.00208922963894786
ENSG00000167315	-0.23593933471283535	8.054046004968839e-05
ENSG00000167323	-0.2361769527906432	0.00018483838046215963
ENSG00000167325	0.18048812784815382	0.0009459937872479907
ENSG00000167333	-0.03553601987585964	0.9429974534488074
ENSG00000167363	-0.3872295235999488	1.3960957413298563e-08
ENSG00000167378	0.21078460455610326	4.2657931551863685e-05
ENSG00000167394	-0.11151054015557094	0.29446421922270094
ENSG00000167397	-1.3837388767611465	4.2137132781704073e-10
ENSG00000167434	-1.9498115610962223	6.819521609396447e-15
ENSG00000167447	0.006803681276718265	0.450088663768911
ENSG00000167460	0.7544308976010896	2.2514495750268133e-12
ENSG00000167461	-0.3736752766611353	2.162798515400269e-06
ENSG00000167468	0.02372911921480636	0.5899681952120108
ENSG00000167476	-0.1271646373677804	0.7318918289304317
ENSG00000167487	-0.2373660163557716	0.04627751650492156
ENSG00000167491	0.24053916096643846	1.234993980326269e-06
ENSG00000167508	0.4369285834986698	4.3813851892155296e-10
ENSG00000167515	0.1275123875948445	0.029067003258674725
ENSG00000167522	-0.04738172402789331	0.4139083431131604
ENSG00000167526	-0.3914755446136162	7.512849070179428e-05
ENSG00000167535	-0.7168643677133488	0.08974358974358976
ENSG00000167536	-0.9890288846065829	9.322306525963684e-10
ENSG00000167548	-0.17084818624617526	0.00043425808922100746
ENSG00000167553	0.3837542303161072	4.943781822735318e-08
ENSG00000167566	0.04981441265472952	0.39741176843617954
ENSG00000167588	-0.4978593986752564	0.0037517722845735704
ENSG00000167600	1.2290290916178002	5.128402265257933e-13
ENSG00000167601	0.22878749826775646	0.009232313265485475
ENSG00000167608	0.0446046405673286	0.961832283828221
ENSG00000167613	0.17069302592974722	0.28649417927464393
ENSG00000167615	0.07307889006267132	0.4111638387625661
ENSG00000167617	0.24370108048641725	0.006063166463496028
ENSG00000167625	0.05266784889403553	0.8490888640569216
ENSG00000167632	0.1579733329290285	0.00012158102930367212
ENSG00000167635	-0.21867887397227292	0.04366958957069318
ENSG00000167641	0.4561662827293347	0.003463654997958133
ENSG00000167642	0.3520374935340378	0.0038525476813689027
ENSG00000167644	1.3089415564268698	8.321711041794353e-18
ENSG00000167645	0.23791739954199187	0.014854917484157059
ENSG00000167653	1.3735852694290926	0.0004396689491422424
ENSG00000167656	1.1292171927732717	6.91680464198128e-06
ENSG00000167657	0.7861709637514096	2.6944779404486358e-15
ENSG00000167658	-0.17896883778862005	0.0184059294939034
ENSG00000167670	0.2866597647768856	0.02945980612237093
ENSG00000167671	-0.024732484496968965	0.29722923287922576
ENSG00000167674	-0.2188793462919314	4.294604417171775e-08
ENSG00000167676	-1.2953338260237324	1.4257196835375426e-07
ENSG00000167685	-0.6370679056873882	0.03051248268639573
ENSG00000167693	0.10511806574624671	0.00533697628087635
ENSG00000167699	-0.1131647439988086	0.038043655711315204
ENSG00000167700	0.01158888526185109	0.9272727272727272
ENSG00000167701	-0.9398170065099976	6.958907825278618e-13
ENSG00000167703	-0.46214468552138044	0.00022421254814863727
ENSG00000167705	-0.5289547714513105	1.2212744679241365e-05
ENSG00000167711	0.6032275767606059	7.379159499562269e-09
ENSG00000167716	-0.2323650116201854	3.234904342366112e-08
ENSG00000167720	-0.7154641476985688	1.0064627824812662e-07
ENSG00000167721	-0.20896603340382924	2.396076902931041e-06
ENSG00000167741	-1.1151948181668025	0.00025986455352417534
ENSG00000167748	-2.632501868768802	6.317159596296834e-12
ENSG00000167754	-1.7172024655424654	0.00028770197799710134
ENSG00000167755	1.0510358864684832	1.91863424646602e-08
ENSG00000167757	0.8437625709344125	0.0002811746257071972
ENSG00000167767	0.3647681250762851	0.00012158102930367212
ENSG00000167770	0.03133531607506512	0.18922508163773788
ENSG00000167772	0.6026377685965016	0.0031848657249687272
ENSG00000167775	-0.2939444987019044	0.3388294052587712
ENSG00000167778	-0.08136549612630617	0.904237874737218
ENSG00000167779	0.2038353184754378	0.21648540903969982
ENSG00000167792	-0.34630400364090264	0.0001079260701860323
ENSG00000167799	-0.6701097942646719	1.6465847576230262e-07
ENSG00000167815	-0.7071309062024547	1.4205665527237882e-11
ENSG00000167842	-0.06270526772294005	0.08772024904568582
ENSG00000167851	0.23379843160583036	0.06673296053142594
ENSG00000167861	-0.7578176209849588	3.3143315422041533e-09
ENSG00000167862	-0.23782322598187022	0.002208934163162014
ENSG00000167863	-0.25336617077028123	0.0016675467163068767
ENSG00000167880	1.0456219924583365	1.7242981848886837e-18
ENSG00000167881	-0.6079705096573846	9.245218634974503e-08
ENSG00000167900	0.525374480235314	4.85089160585864e-06
ENSG00000167904	-0.6559404914341656	2.099803631099655e-07
ENSG00000167914	-0.3219285252409385	0.012468064068053598
ENSG00000167916	0.19375593061251806	0.6221804511278195
ENSG00000167925	-0.09292675860763566	0.07593522218755093
ENSG00000167930	-0.34493059153778205	0.003592041040572222
ENSG00000167962	-0.45753217258668855	7.022651727271021e-09
ENSG00000167964	0.20877232193776152	0.5112906074174992
ENSG00000167965	-0.028472188375712193	0.16143509659402766
ENSG00000167967	-0.24596096077637597	0.08571785802822611
ENSG00000167969	-0.1536453935593407	0.06141681359961317
ENSG00000167977	0.722414771617192	1.0511679067355936e-08
ENSG00000167978	-0.0012570993549196885	0.6486365885200029
ENSG00000167981	0.31070290858678895	0.4043309631544926
ENSG00000167984	1.0037689495394062	0.010680968336310144
ENSG00000167985	-0.3021118588942393	0.004727963308793669
ENSG00000167986	-0.2250628189752355	5.476871561763468e-09
ENSG00000167987	0.1958036651066024	0.0027159543782190624
ENSG00000167994	0.1645857920689906	0.0019479722272233893
ENSG00000167996	0.47933962273245356	1.7238978810825313e-06
ENSG00000168000	-0.29192391388419026	0.03692429483316112
ENSG00000168002	0.18643134936546346	0.002433644874424393
ENSG00000168003	0.39963841098812125	2.611132513824338e-07
ENSG00000168005	0.017064516499523563	0.901620124730634
ENSG00000168014	-0.3082793927977967	0.006268641638534277
ENSG00000168016	0.06702481395349125	0.12542641599409213
ENSG00000168028	-0.48187940157083275	4.070084449144342e-12
ENSG00000168032	-1.0975284193049006	3.7508249148381955e-14
ENSG00000168036	0.13485154258865606	0.013057881924089902
ENSG00000168040	0.2665176910386151	0.0004078006480503658
ENSG00000168056	0.6875859926027843	2.279550454447319e-15
ENSG00000168061	0.0012487048247571408	0.6380391765564344
ENSG00000168066	0.060934582184984265	0.11718217948653753
ENSG00000168067	-0.4056157549772763	1.5980913949106947e-07
ENSG00000168071	0.30272252051362614	0.000790643727950585
ENSG00000168078	0.41219432941174006	0.005311424509138338
ENSG00000168079	-1.073647113160927	0.001998001998001998
ENSG00000168090	-0.06481976825994451	0.15289216375527626
ENSG00000168092	0.3350143028958108	1.0004415739892256e-06
ENSG00000168096	-0.15651802919639834	0.5334113462511103
ENSG00000168101	-0.12125658117041382	0.026897662585675716
ENSG00000168118	-0.11019169931261175	0.04124147934801532
ENSG00000168137	0.325895164361679	0.16813818783119683
ENSG00000168140	0.15263730921456897	0.10153593115192057
ENSG00000168143	0.7892955928362362	1.537041598417856e-17
ENSG00000168152	-0.2854656351462559	0.4493343693343693
ENSG00000168159	-0.7258901745660218	0.0007739938080495355
ENSG00000168172	0.5277969255304811	2.592945491703989e-14
ENSG00000168175	0.14984105274263726	0.05428204863418428
ENSG00000168214	-0.07632731237721657	0.03727797800711941
ENSG00000168216	-0.022260876024031262	0.5310063225465931
ENSG00000168228	0.24519672303491902	0.6924992398905441
ENSG00000168234	0.20403496229905826	0.001306413833495326
ENSG00000168237	-0.7213094241123024	0.00017410078791844843
ENSG00000168243	-0.14966325794573976	0.7568452747320362
ENSG00000168246	-0.18722008880812524	0.1663060502636653
ENSG00000168256	0.2267024435903835	2.4959959612457763e-06
ENSG00000168259	0.017983699737087022	0.39017584278089856
ENSG00000168264	-0.019229021805262647	0.38560183556534267
ENSG00000168267	-3.411425862914083	3.36344560392462e-12
ENSG00000168268	0.8518604958550888	9.04874407342836e-16
ENSG00000168275	0.1438822194804068	0.9950197343809943
ENSG00000168280	0.06518970382847655	0.2884178501924545
ENSG00000168282	-0.7729276402471115	2.096835553565887e-09
ENSG00000168286	-0.01334785811172523	0.5176655868083573
ENSG00000168288	-0.1773915614260524	0.038631210492731646
ENSG00000168291	-0.19689625731191285	0.010682156455823974
ENSG00000168297	-0.1849534034891427	0.00015651538875908344
ENSG00000168298	-0.4308314125296704	0.05073578762419672
ENSG00000168300	-0.48969246606318606	4.85089160585864e-06
ENSG00000168301	-0.1448535753984288	0.22898874640746347
ENSG00000168303	-0.20147963500316024	0.0002919164309066424
ENSG00000168306	0.0059097218886456915	0.8021380493146552
ENSG00000168310	-0.09328657284236286	0.21882822245298594
ENSG00000168334	0.4826470630005275	3.383711294669126e-06
ENSG00000168350	0.3561113809310985	0.7502693385046326
ENSG00000168374	-0.329099792365394	0.000365089710221339
ENSG00000168385	0.4965605410333751	1.4122108335715833e-10
ENSG00000168386	0.6414471690726771	6.713427071483593e-11
ENSG00000168393	0.34463858489330335	3.152246692686417e-11
ENSG00000168394	0.6122496248986877	2.896064218307098e-11
ENSG00000168395	0.2337974547898476	0.008712155242899403
ENSG00000168397	0.04467936879312262	0.452588885144776
ENSG00000168404	0.5217304146417554	1.573113079003721e-12
ENSG00000168421	-0.18442171429185095	0.33892267725565484
ENSG00000168434	-0.005229240635468813	0.7439263631771357
ENSG00000168438	-0.3408826224638126	1.1213924452214201e-13
ENSG00000168439	0.3168246445502696	8.053124667906289e-08
ENSG00000168461	0.9734172825779481	2.1711677049472098e-16
ENSG00000168476	0.4915497367918107	0.009836021702033779
ENSG00000168477	0.016700400009160177	0.7851899266203657
ENSG00000168487	0.7479695605756582	1.0433095033649043e-11
ENSG00000168488	0.1704353169134798	8.736288136953012e-06
ENSG00000168495	-0.18630684919076757	0.0004142700707433524
ENSG00000168496	0.2416134644644714	0.0004997558936205646
ENSG00000168497	-0.6723199892144649	2.4433471683292988e-11
ENSG00000168502	-0.05325660876401983	0.6404576916607995
ENSG00000168517	0.2410982116379401	0.10457830735598775
ENSG00000168522	0.43530430514791263	2.3171733155866786e-08
ENSG00000168530	0.19338880878308373	0.10314097625228479
ENSG00000168538	-0.19976028223961606	1.206292807290259e-08
ENSG00000168542	1.081746192852993	8.994777442699213e-14
ENSG00000168546	-0.15750219638608698	0.48181818181818176
ENSG00000168556	-0.522697201560014	0.10329670329670329
ENSG00000168564	0.008686626271749986	0.7565508681960509
ENSG00000168566	-0.43263266293420344	9.678265655048628e-05
ENSG00000168569	-0.3158261683484902	0.0043349578175196695
ENSG00000168575	-0.30685348828932746	0.00991724916969428
ENSG00000168591	0.2644459382916544	0.0030337585173129595
ENSG00000168610	0.27922640795627984	3.072008649237774e-09
ENSG00000168615	1.0350460148328402	4.813504922805344e-17
ENSG00000168631	0.3965301485023289	0.14482271601818575
ENSG00000168653	-0.4446573989999578	4.3301343964209795e-07
ENSG00000168658	-0.15054689583882563	0.9854334968467763
ENSG00000168672	0.20166900272868915	0.001893966595990889
ENSG00000168701	-0.9913367904838317	1.0993177893905605e-08
ENSG00000168702	-1.0599805059736376	0.3757575757575758
ENSG00000168710	-0.27494307962722075	0.00012791829018097238
ENSG00000168724	-0.5578354336856641	3.0644807476871736e-11
ENSG00000168734	-0.3860378875723569	0.0029458063657042633
ENSG00000168743	-0.7684970816612946	1.437699799030889e-12
ENSG00000168758	-0.17942046130859524	0.4431483763323044
ENSG00000168763	0.2155471591545819	0.05748412337153596
ENSG00000168765	-0.05322889212919435	0.6580198941610853
ENSG00000168781	0.03906794957586612	0.40879926965689184
ENSG00000168795	-0.6080691194670393	0.06526806526806528
ENSG00000168802	0.6246770200017018	0.033883728930168555
ENSG00000168803	-0.4799758863344188	1.8173589662848008e-13
ENSG00000168806	-0.8462097960787176	0.31186790505675954
ENSG00000168807	0.22992393483782436	0.00017297515388215267
ENSG00000168813	-0.06672433216233742	0.8472622216396791
ENSG00000168818	-0.4540731804214069	7.563952431131469e-09
ENSG00000168826	-0.9391159472497908	0.00012837404141751967
ENSG00000168827	-0.2787788011976886	0.0002483239610721009
ENSG00000168872	-0.2673707782060575	2.5999081665018603e-06
ENSG00000168876	-0.5258532877884043	3.6440998631220668e-06
ENSG00000168883	-0.0759887624859239	0.05693978811977029
ENSG00000168884	0.29271078753373914	4.304728896943643e-05
ENSG00000168887	-0.6969694825435759	1.464825835133854e-06
ENSG00000168894	0.47151394184034245	7.915393121225426e-05
ENSG00000168899	0.2927769801873126	0.0014941278224855766
ENSG00000168906	-0.5211020704083609	7.834264788410625e-10
ENSG00000168916	-0.2891922504304354	0.00442462008677594
ENSG00000168918	0.42731902502187324	0.0001439368038023674
ENSG00000168924	-0.06863211634238198	0.32097387678942746
ENSG00000168928	-0.47672918261507036	0.3637384475444575
ENSG00000168938	0.4993723593399686	5.2101578352234224e-09
ENSG00000168944	-0.28729635392715736	9.842397043040349e-05
ENSG00000168952	-0.9457010712261358	8.994777442699213e-14
ENSG00000168958	0.1473576976579487	0.008593130390573318
ENSG00000168961	0.45056406581597486	6.531935446420411e-05
ENSG00000168993	0.19639452460006268	0.42100768310014813
ENSG00000168994	0.6183400969423616	5.025035202105396e-07
ENSG00000168995	0.10896925018480985	0.20154359167992075
ENSG00000169018	0.04851055222421863	0.5034692560864316
ENSG00000169019	0.1641191455002904	0.008385189532764365
ENSG00000169020	-0.3883238452070721	3.89498008227162e-06
ENSG00000169021	-0.32853209839224107	1.5210251089670442e-05
ENSG00000169032	0.03175577648373107	0.9850599792479565
ENSG00000169035	1.207564176847864	6.90718312827256e-08
ENSG00000169045	0.02575827609627268	0.4884046694042794
ENSG00000169047	0.2842113198295415	5.561660793255892e-07
ENSG00000169057	-0.7874076024768399	7.612928563399986e-19
ENSG00000169062	-0.7176360336714751	1.6838298054640747e-07
ENSG00000169067	0.39650580034887284	2.241243047612468e-10
ENSG00000169071	0.2947311732491329	0.012314797499631809
ENSG00000169084	-0.1648003299626879	0.1992307703577707
ENSG00000169087	0.05098856117221828	0.4906958830600725
ENSG00000169093	0.03480401528960897	0.5756920098969223
ENSG00000169100	-0.4333291015692957	0.00022518163747767988
ENSG00000169105	0.28550482805703936	9.273182133911357e-06
ENSG00000169116	-0.8145161313731393	1.0948206290863392e-06
ENSG00000169118	-0.4500176483339615	3.1857696731717927e-06
ENSG00000169122	-0.6209830949511073	0.010084033613445377
ENSG00000169129	0.25216431998895317	0.001080567794721675
ENSG00000169139	0.788230199223829	1.575028328707128e-10
ENSG00000169155	0.1815828311295853	0.043960450287843726
ENSG00000169174	0.35121385695463303	0.0132757272032249
ENSG00000169180	0.17612177374391536	0.011433152255590768
ENSG00000169189	-0.008300378493999006	0.3376395941020105
ENSG00000169213	-0.0009655296742607788	0.856906404939373
ENSG00000169217	0.31635901371905817	1.1595758772812754e-06
ENSG00000169220	0.4168783402569396	2.8105180021460656e-05
ENSG00000169221	0.130587753989289	0.015530413010234098
ENSG00000169223	-0.15022328008699404	0.5756920098969223
ENSG00000169228	-0.07048289148037767	0.037659161218191115
ENSG00000169231	0.7925084520413428	7.44073331434573e-14
ENSG00000169239	-0.4341782480996095	1.694813139697746e-08
ENSG00000169242	0.9835223952460552	0.00026244920157690767
ENSG00000169245	-0.07741893221951202	0.8377824893635073
ENSG00000169249	-0.6726185109542406	0.00013472613751038985
ENSG00000169251	-0.09579245609985776	0.01500527453049567
ENSG00000169255	0.05569318770600162	0.6676350408999101
ENSG00000169258	-0.06179112868494485	0.8433115062437173
ENSG00000169282	-0.7334713170779352	0.00404040404040404
ENSG00000169288	-0.7501939179957162	7.973815344631226e-12
ENSG00000169291	-0.386807993811221	0.0012876451407029372
ENSG00000169297	-0.24616985444915684	0.3543245465442262
ENSG00000169299	0.10800398687491963	0.000790643727950585
ENSG00000169347	-2.142102807928431	4.5880818119087395e-15
ENSG00000169359	-1.0783762035900928	2.162798515400269e-06
ENSG00000169371	0.6277077061822958	1.0885995197403503e-06
ENSG00000169372	0.1374381698791538	0.8240112038724988
ENSG00000169375	0.005894771756413064	0.5421113055856485
ENSG00000169379	0.5913421302226567	0.09108499859273851
ENSG00000169385	0.06077433291014245	0.7502302540546053
ENSG00000169397	0.43502538359934206	0.015709018128607904
ENSG00000169398	0.017572750451869013	0.6849468318650189
ENSG00000169403	-0.251324465430141	0.03761455170086048
ENSG00000169410	0.22299065378847516	1.8355562791958665e-05
ENSG00000169413	0.6720847476803691	4.827770466202874e-07
ENSG00000169435	0.4111457327919581	0.00024219814957360196
ENSG00000169436	0.4198791896817724	0.028511400463420305
ENSG00000169439	-0.4839259921729422	1.3021154042210492e-07
ENSG00000169446	-0.40267405962869063	0.07322609183061429
ENSG00000169469	0.8559303454512737	0.0012545620638320534
ENSG00000169474	0.7251559565581189	0.0009853506264957963
ENSG00000169499	0.4251892728875255	7.94713496637227e-09
ENSG00000169504	0.31917039977205164	5.556548481826914e-08
ENSG00000169515	-0.08890505733291576	0.32300705533788265
ENSG00000169519	-0.21027335333147334	0.00980937888920993
ENSG00000169554	-0.07941204239009636	0.21727327010823994
ENSG00000169562	-1.057019534939549	4.194944433872566e-08
ENSG00000169564	-0.0515399376583332	0.04422359600251227
ENSG00000169567	-0.09921052048247248	0.020572650465328215
ENSG00000169570	-0.574624201050689	1.1530990715430958e-08
ENSG00000169583	1.3176516298747636	4.479369715449145e-16
ENSG00000169592	-0.3119330782120784	9.902426247369616e-05
ENSG00000169598	-0.18537560900681171	0.0030278923339942814
ENSG00000169599	0.206652623332662	0.09895594985405723
ENSG00000169604	1.0822532891192083	6.852241840943596e-17
ENSG00000169605	-0.45898828701188066	0.3175975177697342
ENSG00000169607	0.30860202195809094	0.5649427741840678
ENSG00000169609	-0.7895704810502551	5.132862488845866e-15
ENSG00000169612	-0.1470348334190703	0.1985812819867131
ENSG00000169621	0.1304585937595526	0.29907055555553463
ENSG00000169641	0.4575683214076456	6.554677322463911e-14
ENSG00000169660	-0.575473957103739	4.964739856309667e-07
ENSG00000169679	-0.6053253571005222	0.17142857142857143
ENSG00000169682	0.3554927735482636	9.907044175597151e-05
ENSG00000169683	-0.28482646018387214	0.018901151687331367
ENSG00000169692	-0.12119348369308725	0.09642856524948377
ENSG00000169696	-0.419725851940548	1.5344021514726967e-13
ENSG00000169710	0.30393996733709727	4.622430094350544e-07
ENSG00000169714	-0.09102568499285368	0.05073578762419672
ENSG00000169715	-0.8619347454595676	9.6951950580749e-05
ENSG00000169718	-0.24154449765763886	1.488699675289196e-05
ENSG00000169727	0.20163610067553606	4.115219505407333e-05
ENSG00000169738	-0.14004277787533326	0.1565103332524165
ENSG00000169740	-0.30866243386993375	0.021336764370820098
ENSG00000169744	-0.03024802359622214	1.0
ENSG00000169750	0.6164177244397067	0.00020048580950801664
ENSG00000169756	0.5724662089194545	6.81881707022901e-07
ENSG00000169762	-0.5168349111040946	3.2738934720266016e-05
ENSG00000169764	0.20557071998273102	4.6081236033118025e-08
ENSG00000169813	0.48820297673839264	2.4480762077827416e-13
ENSG00000169814	-0.13369222038076245	0.12415071082031166
ENSG00000169826	0.463692222744708	1.9976014623488584e-05
ENSG00000169851	0.21514406465307445	0.005948908644004812
ENSG00000169855	0.21153742326422176	0.020226805475060092
ENSG00000169857	-0.22185052694110752	0.0008781129935007377
ENSG00000169862	-1.3560858084205591	8.833520864585938e-11
ENSG00000169871	-0.25671008222149894	7.631383559809669e-10
ENSG00000169876	0.49532730082821885	0.31044013195042947
ENSG00000169877	-0.5285867957767252	3.136360999939156e-05
ENSG00000169891	-0.2536966284209079	1.2611658616937022e-06
ENSG00000169894	1.0597315883410872	1.3273657791518906e-05
ENSG00000169895	-0.30171169619180915	8.242693018322496e-06
ENSG00000169896	0.8747296415175185	4.6206459792409267e-10
ENSG00000169902	0.1388867343439344	0.12585496391486672
ENSG00000169903	-0.015906349687593746	0.5006657269605348
ENSG00000169905	-0.3078070897639549	1.4906296449390556e-06
ENSG00000169906	-0.6410235832805355	0.0349268988672711
ENSG00000169908	1.2186090968603231	3.09880614926122e-08
ENSG00000169914	-1.0632218496149282	0.00010979358805445762
ENSG00000169919	0.6766109874200872	8.404185383975579e-06
ENSG00000169925	-0.08773233429006666	0.08306698325852868
ENSG00000169926	-0.3418401934687907	5.245465231388498e-05
ENSG00000169946	-0.07659764533382507	0.2977022977022977
ENSG00000169957	-0.12574587089887146	0.1411129006159719
ENSG00000169967	0.35530792291212165	1.3071189082465026e-06
ENSG00000169972	0.04170590088467918	0.8031931929953257
ENSG00000169976	0.1734476736710242	0.0016207393060213566
ENSG00000169991	-0.4048094494490151	0.006760244391326139
ENSG00000169994	0.6140437512732788	2.2949557484672666e-05
ENSG00000170004	-0.10748676678597491	0.1059546385742911
ENSG00000170006	0.7298218893053914	0.007308936944774912
ENSG00000170011	-2.0189038683853724	9.668744521057678e-09
ENSG00000170017	-0.4404808599456089	1.342921839689664e-06
ENSG00000170027	0.1957654371637183	2.4959959612457763e-06
ENSG00000170035	-0.06293138791808772	0.5833262032134083
ENSG00000170037	-0.40869007768882426	1.0562026909703691e-05
ENSG00000170043	0.3841008884098933	7.752913669860309e-07
ENSG00000170085	0.4186801457685654	0.02605891726994602
ENSG00000170088	0.26055319575924685	0.051728627455937794
ENSG00000170099	0.6472057749963795	6.539467537410818e-08
ENSG00000170144	0.129637339449161	0.002208934163162014
ENSG00000170145	0.07706004168576897	0.3422119584682495
ENSG00000170180	-0.6223469598206783	0.00017558827864484433
ENSG00000170185	0.07097558553837757	0.9783137634764321
ENSG00000170191	-0.05716956950779917	0.1618371453150571
ENSG00000170231	0.863132970351888	1.9236319563162363e-05
ENSG00000170234	-0.189668343720637	0.02065832940398101
ENSG00000170242	-0.19603129302194944	1.9575497496210203e-10
ENSG00000170248	0.38232678356736827	9.618585744840078e-11
ENSG00000170264	-0.09282981178709448	0.8659700722394221
ENSG00000170265	-0.5293526948333565	0.003986623456354336
ENSG00000170266	-0.13647582982263273	0.0023673961541433694
ENSG00000170270	-0.15884281347743112	0.00015136462412136087
ENSG00000170275	1.050750176808851	2.40893764671861e-16
ENSG00000170291	-0.6233946898812164	2.592945491703989e-14
ENSG00000170296	-0.29887252573987055	0.004711592372184835
ENSG00000170310	0.17963208336048453	0.009022892002397623
ENSG00000170312	0.7485441711260883	9.218104299996282e-12
ENSG00000170322	-0.14302308749562442	0.0006274144290466817
ENSG00000170323	-0.8384795335804611	4.219558941739691e-06
ENSG00000170325	0.03192374448414981	0.5510603061495709
ENSG00000170340	-0.5379756802667295	1.1991448560455026e-05
ENSG00000170345	0.27198242860905	0.0314433768669541
ENSG00000170348	0.2885200803141643	0.00021089522011614168
ENSG00000170364	-0.8557054556808588	9.883611923063803e-19
ENSG00000170365	-0.47718927777855313	6.962848488778262e-07
ENSG00000170369	0.14895269408714285	0.4494123008054896
ENSG00000170373	0.5028307873566895	7.006168892072749e-05
ENSG00000170379	0.23755589858721748	0.7757575757575759
ENSG00000170385	-0.03672873612463334	0.3743109570458042
ENSG00000170390	-0.18009815208864666	0.05528344977015963
ENSG00000170412	0.5486879332634267	2.1996488978941848e-05
ENSG00000170421	0.07841234931870034	0.2839346212069046
ENSG00000170423	-0.07305551906570784	0.44484679023059515
ENSG00000170430	0.08812508125746277	0.4831963405166644
ENSG00000170439	-0.3957597240033017	0.00040142569363325653
ENSG00000170448	-1.0062919089474	2.855440055169342e-12
ENSG00000170454	0.4399749974248728	0.004337160295762905
ENSG00000170456	0.2635129700211998	0.0225819527320124
ENSG00000170458	0.24521034734539526	0.002791058089057036
ENSG00000170468	-0.16240649757480696	0.00445209015921282
ENSG00000170471	-0.027904398717467416	0.4677538965385839
ENSG00000170473	-0.22772042200946885	0.007229402457557596
ENSG00000170476	0.3613270005990863	0.0042249267492923395
ENSG00000170477	-0.032809700281056564	0.3440032772013978
ENSG00000170502	-1.1465126601004876	4.031786113608047e-17
ENSG00000170515	-0.15800291787950727	0.029067003258674725
ENSG00000170525	0.4595210090324642	2.790617692303878e-07
ENSG00000170537	0.8054527415578665	0.17032967032967034
ENSG00000170542	1.0238291106183333	6.598589147121211e-15
ENSG00000170545	0.09760118628622116	0.7857142857142857
ENSG00000170558	0.4009288114509424	0.0009442092578277022
ENSG00000170571	0.8647394943672033	3.3059129549383705e-12
ENSG00000170581	0.560959157074592	1.6852198563501506e-15
ENSG00000170584	-0.15342467308675012	0.009133287549131033
ENSG00000170604	-0.423202125598781	2.2044583248520186e-15
ENSG00000170606	-0.04743949352641863	0.07802028275311251
ENSG00000170608	-0.3402804533995436	0.04836783146174867
ENSG00000170619	0.4086690416096914	1.5539840236368305e-06
ENSG00000170624	0.27113455181347845	0.002829316917970812
ENSG00000170627	-0.26428193378978193	0.07416387812591066
ENSG00000170632	-0.15683278994330507	0.021737112211978698
ENSG00000170633	0.1260525789292437	0.09948772327930153
ENSG00000170634	-0.04350471989854654	0.440491580402135
ENSG00000170638	-0.7010320890079598	1.8045080778444245e-10
ENSG00000170653	-0.31220974173206173	0.07920856119618537
ENSG00000170677	0.2468132712534441	0.38315471887403285
ENSG00000170759	0.17994844462159776	1.1588871188305543e-09
ENSG00000170776	0.24531911328112344	5.225160336099305e-11
ENSG00000170786	1.7409576078237663	1.2013878514189097e-16
ENSG00000170791	-0.14636845545300048	0.06800418062762348
ENSG00000170801	1.3402431464508737	2.5869866134654137e-18
ENSG00000170820	0.23303204970084224	0.9713588784796215
ENSG00000170832	-0.06067674538628509	0.5172552842243727
ENSG00000170835	-2.5500158224920177	5.621178504770583e-13
ENSG00000170836	-0.2597730184761815	0.5166666666666666
ENSG00000170852	0.578614642915209	9.019189583949255e-11
ENSG00000170854	-0.4049827885463415	9.459839356870072e-08
ENSG00000170855	-0.5364595096256259	6.242639594245668e-08
ENSG00000170860	0.8417178224221651	5.768128194590819e-06
ENSG00000170871	-0.3012519583919051	0.17516300124995776
ENSG00000170873	-0.5000463222125227	1.6175021462934893e-08
ENSG00000170876	-0.04663236925545888	0.8498287284002443
ENSG00000170881	-0.5349100945549949	0.00014334614542922767
ENSG00000170889	-0.7239118308516304	1.36256240254292e-07
ENSG00000170890	-3.0887973746443436	9.887304129733379e-14
ENSG00000170892	-0.3389267628382413	1.46558422495661e-08
ENSG00000170899	-1.2845949358621986	1.8565741077190566e-18
ENSG00000170903	-0.04674701482323229	0.6164619694031459
ENSG00000170906	-0.11407469935700476	0.8661657926479606
ENSG00000170909	0.48341012685083484	0.018215361042963646
ENSG00000170917	-0.7425463430355528	4.251082539238816e-06
ENSG00000170921	0.2298138986847853	0.0009320405834651927
ENSG00000170946	-0.09353646580612107	0.49664342857057464
ENSG00000170950	1.026746251233174	8.321711041794353e-18
ENSG00000170955	0.3641856394225478	7.512849070179428e-05
ENSG00000170962	-0.15327433171064087	0.25447433355654736
ENSG00000171016	0.8764181190908182	0.004556173678052522
ENSG00000171017	0.14107337727886282	0.5696969696969697
ENSG00000171033	0.8241979975248555	6.31631346686805e-06
ENSG00000171045	-0.11557864094768178	0.2938093539483415
ENSG00000171051	-0.09186498402577925	0.7279030243266005
ENSG00000171055	0.24439293455897015	0.00245006386003329
ENSG00000171100	0.03246628449769773	0.6910728430299067
ENSG00000171103	-0.5874464718259489	2.9201382328950035e-09
ENSG00000171105	-0.7012187344202943	2.373319865214249e-08
ENSG00000171109	-0.4968002851660813	7.29614164911367e-11
ENSG00000171115	-0.17297976318373998	0.01779612367491983
ENSG00000171124	-0.5508986868565202	5.9202629757715783e-05
ENSG00000171132	0.19374189287348642	0.02103174177885824
ENSG00000171135	-0.5603860150385955	0.0007788299340251591
ENSG00000171148	-0.1403996779399499	0.12025245581589847
ENSG00000171155	0.4239258308689351	2.1236516792307253e-05
ENSG00000171159	0.14721393083726042	0.5781260702426517
ENSG00000171161	-0.7715165950785376	1.8532111431599043e-05
ENSG00000171174	-0.419964328307298	4.665423763616185e-05
ENSG00000171202	-0.45183332052603475	4.665423763616185e-05
ENSG00000171204	-0.9099107292695194	0.0006232450863614574
ENSG00000171206	0.036202413168572534	0.6729174715444739
ENSG00000171219	-0.09975312866530572	0.19944451282705233
ENSG00000171222	-0.019228847915805147	0.7703296703296703
ENSG00000171223	0.504220096012002	1.6147827067942198e-08
ENSG00000171224	-0.09772058959113039	0.8771194592248128
ENSG00000171234	-0.007426358657507848	0.8924653899486399
ENSG00000171236	0.667510337533777	3.312506957494708e-08
ENSG00000171241	-0.10263719246007952	0.8171082357330682
ENSG00000171262	-0.2211316266502088	4.1583439987793754e-09
ENSG00000171298	0.02415619508909117	0.587099940428432
ENSG00000171302	0.1007014422603767	0.2765212267728723
ENSG00000171310	0.6084682264844332	1.349616735972844e-06
ENSG00000171311	0.6305741526131854	1.021813720170906e-06
ENSG00000171314	0.55173944787472	5.316446177693783e-16
ENSG00000171316	-0.5035935629343555	0.011101544119538495
ENSG00000171345	1.4329688825111262	7.850937506669517e-20
ENSG00000171346	0.45906279161070174	0.5926230729998492
ENSG00000171365	-0.25091679205580775	0.30726544492984187
ENSG00000171368	-1.0450646811356599	1.0085187670849158e-16
ENSG00000171401	0.6148851433279923	0.10530891916191462
ENSG00000171425	0.19544486736709032	0.7757575757575759
ENSG00000171428	0.2553496741517911	1.1354362553992978e-06
ENSG00000171431	0.2556066871392275	0.5148942056044817
ENSG00000171433	-0.350516135004618	0.025447375368670925
ENSG00000171435	0.5313633039464101	0.00016954567585165294
ENSG00000171443	-0.6149094616708695	0.00029728725380899295
ENSG00000171444	-0.15145678087382208	0.07256130851650489
ENSG00000171453	-0.22721997251553816	0.00022518163747767988
ENSG00000171456	-0.06455999927108991	0.35304437564499486
ENSG00000171467	-0.17551533845472278	1.8355562791958665e-05
ENSG00000171475	-0.3548196394436651	2.241243047612468e-10
ENSG00000171476	0.8113942938358072	2.705950519796711e-09
ENSG00000171488	0.4998507462274624	3.760541052504298e-05
ENSG00000171490	-0.06545819592502511	0.31093367887260603
ENSG00000171492	-0.3329397156497258	0.0008176672594572478
ENSG00000171497	0.2472917925792899	2.790617692303878e-07
ENSG00000171503	-1.102479925504639	8.869718491786083e-15
ENSG00000171530	0.3191997567263911	1.4583510406763832e-07
ENSG00000171533	-0.6341873668602283	2.3825051024650094e-09
ENSG00000171552	0.8975107566719558	6.4447130363173826e-12
ENSG00000171560	0.46744133672077126	2.4455465855776126e-06
ENSG00000171564	0.46226959516727106	5.047283891584568e-06
ENSG00000171566	-0.008170175419646597	0.737639586777029
ENSG00000171603	0.8162413738702554	3.6449097605952185e-16
ENSG00000171604	-0.7094986436068815	6.86806234199244e-08
ENSG00000171608	0.19776585781459488	0.02149973437837253
ENSG00000171617	0.11506597402410179	0.3991327602075405
ENSG00000171634	0.032910954149294014	0.33957400057270537
ENSG00000171681	0.011419887876289891	0.34592465794267635
ENSG00000171700	0.10305728145873516	0.34119524036957083
ENSG00000171703	-0.43286186320922937	0.004236644670642485
ENSG00000171720	0.5284903820388855	9.887181837718887e-11
ENSG00000171723	-1.0897142311967016	5.501486839738048e-16
ENSG00000171724	-0.7448638254537769	6.696566671333458e-12
ENSG00000171729	-1.595037114432003	1.5152759310783444e-11
ENSG00000171747	0.6400387639280254	4.8293447820601993e-08
ENSG00000171763	-0.2011423560633112	1.9414069858724983e-05
ENSG00000171766	-2.192725821206608	3.045639335910155e-14
ENSG00000171772	0.7945793165849011	0.009809280723983635
ENSG00000171777	0.07201915853126195	0.9436280222029834
ENSG00000171793	0.1882176739382473	0.0002143847967053462
ENSG00000171804	-0.1777321997959369	0.1437435793903016
ENSG00000171806	0.02014042506100111	0.6045887741842548
ENSG00000171812	0.8306039629024724	0.010989010989010988
ENSG00000171813	-0.507579469816978	0.004354095640358178
ENSG00000171823	-0.4522305121098249	1.0
ENSG00000171824	-0.10099992156487403	0.0011292229528491442
ENSG00000171840	0.5930065358865377	0.02797202797202797
ENSG00000171843	0.46204117512392884	0.0033112187142089566
ENSG00000171848	0.5629520140849493	1.2465270616528878e-07
ENSG00000171853	0.0310948966676996	0.92209950914358
ENSG00000171858	-0.9002964985730948	2.4937607596050317e-16
ENSG00000171860	0.1196554773138665	0.7349327703115172
ENSG00000171861	-0.8704325507056794	1.274801321611058e-12
ENSG00000171862	0.438834535291047	3.760149443735435e-09
ENSG00000171863	-0.7075973218936333	4.872642505119865e-10
ENSG00000171867	0.45258197804502487	8.830029097135824e-08
ENSG00000171877	0.8524652634057013	0.002379353640641085
ENSG00000171903	-0.23895416898321997	0.014856846320251253
ENSG00000171914	0.2874769294439048	1.7238978810825313e-06
ENSG00000171940	-0.12416558755613494	0.6935254407993449
ENSG00000171951	-0.5351713920678556	0.0009601402795520688
ENSG00000171953	-0.8182227017096544	7.173916905819551e-13
ENSG00000171960	-0.005876761955175169	0.6910728430299067
ENSG00000171988	-0.08174664193268555	0.08683123826180912
ENSG00000171992	0.016425031705814774	0.6788414709297976
ENSG00000172007	-0.20599183626151785	0.0036533986158930184
ENSG00000172009	0.4115010740991032	7.208762732864679e-14
ENSG00000172016	-0.7797699296870313	0.00123266435277273
ENSG00000172020	-0.20820574191869667	0.28769132651142293
ENSG00000172023	-1.573491113529986	8.432918068740771e-08
ENSG00000172031	0.852389772011712	1.3950639281311395e-05
ENSG00000172037	-0.016544676333033692	0.9552008827846545
ENSG00000172046	0.015497500911486384	0.8628935688997994
ENSG00000172053	-0.05699055784688767	0.3416825282355168
ENSG00000172061	0.9130012631435278	2.7047197873648497e-09
ENSG00000172071	-0.9654860532428735	1.511378665817546e-08
ENSG00000172081	0.15959320591912274	0.08266208853697601
ENSG00000172086	0.14687885749854246	0.6098748990217713
ENSG00000172113	0.38521153436288813	0.0015364924486677093
ENSG00000172137	1.1053769558852018	2.4967637647643425e-10
ENSG00000172164	-1.1642710601116093	6.983905035163128e-14
ENSG00000172167	0.4247090806088334	0.09523809523809523
ENSG00000172171	-0.8833739153325126	3.890873445823729e-13
ENSG00000172172	-0.45296484350192046	1.5013604998735864e-09
ENSG00000172175	0.147762523374805	0.0019207951233781795
ENSG00000172183	0.9550976688268307	3.692294363816138e-14
ENSG00000172197	-0.31296951972831266	0.030340102938913163
ENSG00000172216	0.2603477006824839	8.782431676409216e-05
ENSG00000172232	0.5315970142856266	0.0005317275283536977
ENSG00000172239	0.2675689493253195	1.6885466039111573e-06
ENSG00000172243	0.6105854094112484	0.04455255786525137
ENSG00000172260	-0.717794096742459	2.7755882542226236e-09
ENSG00000172262	-0.07755688502293268	0.2953101228023859
ENSG00000172264	-0.31383342705844797	2.0797671746803735e-05
ENSG00000172269	-1.148612938235626	7.504219806728224e-09
ENSG00000172270	0.08889317176812739	0.16904039320215436
ENSG00000172296	0.193393288012631	0.28716890264877887
ENSG00000172301	-0.24206775295252214	3.8259781955580576e-06
ENSG00000172315	0.6415828456529482	8.557528120342254e-09
ENSG00000172322	1.1486423917928121	0.18781218781218784
ENSG00000172331	-0.3290133761646956	0.005762632951682746
ENSG00000172336	-0.07950722735205673	0.3739223153292016
ENSG00000172339	-1.3497235411316915	1.3805870704170097e-09
ENSG00000172340	-0.6966058164164401	1.3021154042210492e-07
ENSG00000172345	0.31291933683279183	0.0016037074873215247
ENSG00000172346	-0.8941769114759559	0.0014700783579502115
ENSG00000172349	0.3296001041782546	0.002400311303335485
ENSG00000172354	0.2522688568950713	0.00123266435277273
ENSG00000172366	-0.21357081201857397	0.25295837337371807
ENSG00000172367	-0.11511961842061069	0.9292359814098944
ENSG00000172375	-0.06486268309783227	0.9741890692119748
ENSG00000172380	0.2580772441217647	5.6730986350955516e-05
ENSG00000172403	0.3065170795913268	0.0017649135583626368
ENSG00000172409	0.06498127228131878	0.4111638387625661
ENSG00000172428	-0.14610576897897154	0.7857142857142857
ENSG00000172432	-0.30346973840384805	0.001893966595990889
ENSG00000172456	-0.1877462017773439	0.00662323843505047
ENSG00000172458	-0.10452336229327841	0.39285714285714285
ENSG00000172465	-0.26285312315932075	6.81606528080812e-05
ENSG00000172466	-0.7336866239444149	1.395156298898192e-12
ENSG00000172469	-0.3720829970582571	0.000205333833896163
ENSG00000172478	0.7886612875113848	5.3566107355893225e-06
ENSG00000172493	-0.17629773086927614	0.004022630056533332
ENSG00000172500	0.16602739261321986	0.0006492812942832491
ENSG00000172530	0.016971487498743443	0.5334614176365249
ENSG00000172531	0.45014220300232566	7.834264788410625e-10
ENSG00000172534	-0.02708281485623587	0.8596236957716981
ENSG00000172543	0.08589631079668791	0.7581366691742593
ENSG00000172572	-0.5956983925866126	2.6123078813931184e-12
ENSG00000172578	0.3618406151628317	0.1317263747604305
ENSG00000172586	0.10785698029425816	0.4906128708631817
ENSG00000172590	-0.3293448450719261	1.3321880224833678e-05
ENSG00000172594	-0.06566599108111859	0.1920452823268567
ENSG00000172613	-0.12874566486723538	0.008468204232373945
ENSG00000172638	1.0957536737974998	1.0111371046728673e-14
ENSG00000172661	0.2473088192820576	0.004939919912773503
ENSG00000172663	-0.3971324639113796	0.0037216313326222366
ENSG00000172667	-0.19212664387915623	0.0221516273276375
ENSG00000172673	-0.08433442242545297	0.42338939598197955
ENSG00000172716	0.2283443991769083	0.0007556923837203356
ENSG00000172725	0.4313218883322314	2.0022714820527853e-11
ENSG00000172731	0.5257533352470745	3.25695717858146e-07
ENSG00000172752	0.24893064358236217	0.5022193396967516
ENSG00000172757	0.5579588527986914	4.823714577921174e-13
ENSG00000172765	-0.06840020319808104	0.7298826816867388
ENSG00000172766	-1.2310948889901	7.73853659901077e-16
ENSG00000172775	-0.11947469866631621	0.012756017248409503
ENSG00000172780	0.15675604568452783	0.02197676780798682
ENSG00000172794	0.0977721060923109	0.39704959006980056
ENSG00000172795	0.19166367856615807	0.00044111840490158703
ENSG00000172803	0.34701090973986837	0.03214992413741114
ENSG00000172809	-0.3019544875001614	0.006791586582560762
ENSG00000172817	-0.6409415455663918	2.3171733155866786e-08
ENSG00000172819	-0.3408621967660057	0.07150228512457615
ENSG00000172828	-0.6142971340070034	0.003558806521000031
ENSG00000172830	0.3082520103095767	2.6114044552860266e-08
ENSG00000172831	0.2418573686672545	0.23318335587085248
ENSG00000172840	-0.6017799784280946	0.06915804167679802
ENSG00000172845	-0.1655178316903978	0.0008781129935007377
ENSG00000172869	-0.16459621946752634	4.391415530302373e-06
ENSG00000172878	-0.9709132130354305	1.2730689712027008e-08
ENSG00000172889	1.1583142327473652	0.001185939615237956
ENSG00000172890	0.027810479013673728	0.4328077954317193
ENSG00000172893	-0.0031552634985558825	0.817354050096439
ENSG00000172915	-0.35985507690974927	4.745011812935625e-10
ENSG00000172922	-0.22964361823222745	5.98180423384876e-05
ENSG00000172932	0.028431528751564628	0.5547734666219065
ENSG00000172935	0.5036101372181712	0.006270618717477504
ENSG00000172936	0.37742871935316913	4.4994635856947033e-10
ENSG00000172939	0.24834007782575895	0.0006297462288957844
ENSG00000172943	-0.10924353659686759	0.1024077313962091
ENSG00000172954	-0.8865336036973588	4.6206459792409267e-10
ENSG00000172955	-0.1405795771550693	0.41687915754164606
ENSG00000172977	-0.2570735244148139	0.001881507102427747
ENSG00000172985	0.04413874615812219	0.17133403581187612
ENSG00000172986	-0.15429158618943362	0.24578280292763954
ENSG00000172992	-0.825694557921004	1.6209728756169454e-12
ENSG00000173011	-0.08046952577212707	0.5184752986062724
ENSG00000173020	0.6377333626785671	4.182184580317169e-16
ENSG00000173039	0.3217674365633023	1.35392797979084e-09
ENSG00000173064	-0.2869508542682837	7.342600197806745e-08
ENSG00000173065	0.7986143658443439	0.004662004662004662
ENSG00000173068	-0.2375186179362636	0.11826540346362097
ENSG00000173083	-0.11923298619441525	0.8469127054293216
ENSG00000173110	-0.09362330319863332	0.6089414713751444
ENSG00000173113	0.4949062122781669	4.2657931551863685e-05
ENSG00000173120	0.08164014102567307	0.1703336557188435
ENSG00000173124	-2.133940708538649	3.6658467926305904e-08
ENSG00000173137	-0.6378728068763202	0.00406761458184776
ENSG00000173141	0.6540162382118453	6.578814967982493e-05
ENSG00000173145	-0.2658723868041264	1.1883319780692162e-05
ENSG00000173153	-0.40658483138334134	0.0013355175100453018
ENSG00000173156	-0.10931545071631987	0.5852686269425369
ENSG00000173163	0.1515741626616105	0.11718217948653753
ENSG00000173166	0.36376577680923816	8.474987269649754e-10
ENSG00000173171	-0.25354561568407163	0.0005317275283536977
ENSG00000173175	-1.0549002563967953	1.2508990837164211e-05
ENSG00000173193	0.6186150872569591	4.964572560447543e-16
ENSG00000173207	0.703963680758303	1.33601646069649e-06
ENSG00000173210	0.3091262855168253	0.0017349659730401586
ENSG00000173214	-0.9141801275105337	1.68393608140643e-05
ENSG00000173218	-0.07618735422170175	0.41329350880748605
ENSG00000173221	0.5406502635218331	3.3919140830351274e-08
ENSG00000173226	0.05886746365629847	0.5494632617960311
ENSG00000173230	-0.3975042239826685	1.5384276502487125e-08
ENSG00000173267	-0.007260412746781242	0.3743109570458042
ENSG00000173269	-0.04422147269908905	0.5615811009154887
ENSG00000173272	-0.015996346591936828	0.7954250063905932
ENSG00000173273	0.40427570027994264	0.01715916365901432
ENSG00000173276	0.06345709301613667	0.997738172507555
ENSG00000173281	0.03762728010693195	0.5707503880581739
ENSG00000173327	-0.05928807918602175	0.38666400672356294
ENSG00000173349	-0.4377902019848712	8.60420268328518e-05
ENSG00000173369	0.37977456981415614	1.4102042424213875e-05
ENSG00000173372	0.5706438168732788	1.6095388262732922e-05
ENSG00000173376	0.7237602964456613	0.00038220007452199575
ENSG00000173391	0.4782255414487757	0.010312096475357115
ENSG00000173402	-0.847179208352685	4.677918669973016e-19
ENSG00000173406	-0.027076526865215556	0.7662488879880184
ENSG00000173409	-0.7354147773842357	0.005256209219607987
ENSG00000173418	-0.11859832536887538	0.07363802647324695
ENSG00000173432	0.23927562994911966	0.3236157617451547
ENSG00000173436	-0.5661449800718827	0.06493389950113601
ENSG00000173442	0.5026002712078288	1.9575497496210203e-10
ENSG00000173457	0.5662835403941884	9.14854415834188e-06
ENSG00000173465	-0.13841483800338494	0.00662323843505047
ENSG00000173467	0.6841403750977264	4.3301343964209795e-07
ENSG00000173473	-0.18217408561121573	1.9514169930735866e-06
ENSG00000173480	-0.21230142608121483	0.44416924664602686
ENSG00000173482	0.0054157974453445945	0.7006313406631428
ENSG00000173517	0.3249292906113972	6.203095444224063e-09
ENSG00000173531	0.5984886144588906	1.0446553586395182e-10
ENSG00000173535	0.46418184133515794	0.13052449037224986
ENSG00000173540	-0.2954305979333256	0.00038895412229609074
ENSG00000173545	-1.1582199260978072	1.0866663237001247e-15
ENSG00000173546	0.39988335838079436	1.0885995197403503e-06
ENSG00000173548	-0.08774216496103904	0.3149246189991698
ENSG00000173559	-0.06944234337339239	0.8767870883365486
ENSG00000173575	0.06364755574758618	0.08994078605988201
ENSG00000173588	-0.07785629556235563	0.6100933959326744
ENSG00000173597	0.8616597103193158	7.3342957360015755e-06
ENSG00000173598	-0.2530584179220128	0.0014247004764271999
ENSG00000173599	-0.22392267863776638	0.0002607145855217422
ENSG00000173611	0.1015901128785508	0.8689684528398147
ENSG00000173614	-0.3922433469433315	1.8045080778444245e-10
ENSG00000173638	0.01212561978131177	0.7948902097039933
ENSG00000173641	0.2922995510229285	0.09152883841791189
ENSG00000173653	0.007043992884820938	0.7985968370354583
ENSG00000173660	0.007302124249555675	0.9850599792479565
ENSG00000173674	-0.4815519941754687	3.403464855273614e-07
ENSG00000173681	0.1557075063314315	0.15817311499576536
ENSG00000173692	0.06616219068974516	0.03329727802663553
ENSG00000173698	-1.2553092108002382	8.934357157117624e-09
ENSG00000173702	0.9877972222082185	8.557528120342254e-09
ENSG00000173705	-0.09147361694688172	0.4070068218675029
ENSG00000173706	0.47498252019681075	0.000593729825812572
ENSG00000173726	-0.09329627573299248	0.16364065476352063
ENSG00000173744	0.26328374061631976	1.7077785982235124e-09
ENSG00000173757	0.038074156076501	0.5531956114070448
ENSG00000173762	-0.5297123183062489	0.0025203306775349234
ENSG00000173786	0.10597247007275712	0.5122120710764757
ENSG00000173801	0.5089715060646434	1.6486580258156522e-14
ENSG00000173812	-0.15555420942892795	0.004510583867443433
ENSG00000173821	0.514011340969212	1.1284892834905976e-11
ENSG00000173852	0.04456018955361429	0.5813828882413051
ENSG00000173889	-0.1640895994895608	9.090859283291587e-05
ENSG00000173894	-0.2018980175117111	0.6494980947754562
ENSG00000173898	-0.30328808870397594	2.709249108076042e-05
ENSG00000173905	0.5060857634419555	1.2369940565592764e-12
ENSG00000173914	0.19273829866227032	0.18371150511925005
ENSG00000173915	-0.9075859665031452	6.176308953240247e-11
ENSG00000173930	-0.27464554745199266	0.09667892501848768
ENSG00000173933	-0.08442148965571405	0.0661814513859338
ENSG00000173950	0.1297603969519443	0.05049180155506734
ENSG00000173960	-0.5866227380690603	1.596359303170274e-07
ENSG00000173992	-0.14858344817587366	0.0032391027870019885
ENSG00000174010	-0.4478447118963409	0.0011907597046915933
ENSG00000174013	-0.03542477743203065	0.7220000578139896
ENSG00000174021	0.4699405063636739	1.9587064747065807e-08
ENSG00000174032	-0.3926519032296554	0.09923409923409923
ENSG00000174059	-0.25660303417927466	0.02197676780798682
ENSG00000174080	0.04732606333335454	0.6529819926635575
ENSG00000174099	0.6521605780302728	5.417514055753173e-10
ENSG00000174106	-0.07638251363713167	0.11718217948653753
ENSG00000174125	-0.12470805282324449	0.8884440588339092
ENSG00000174132	-1.2039824612288257	1.4750011796849122e-13
ENSG00000174156	-0.9920883542341876	0.1785861713106295
ENSG00000174173	-0.4752751908866699	5.0815832507238715e-09
ENSG00000174175	-0.48591939311677734	0.00034259983969600453
ENSG00000174177	0.20208653513306984	0.00017881428311889225
ENSG00000174197	0.05826098337580632	0.5421113055856485
ENSG00000174206	-0.5779091031723205	1.187776743112385e-07
ENSG00000174227	0.2479770778863113	0.029909662872529313
ENSG00000174231	0.13776585736632185	2.709249108076042e-05
ENSG00000174233	-0.600803290585084	5.405889902809647e-05
ENSG00000174236	-1.3145274840215002	0.20909090909090908
ENSG00000174238	0.2701077578513207	5.5721338241166435e-06
ENSG00000174243	-0.039659377628179726	0.1652048063260907
ENSG00000174276	-0.10098932943226657	0.13938957503312838
ENSG00000174282	-0.4017420217199472	4.702622040792268e-06
ENSG00000174292	-0.28866122729023047	0.017034011595854468
ENSG00000174306	-0.19366192200847365	0.010289226883703937
ENSG00000174307	0.8509014330671079	1.2085163499456378e-09
ENSG00000174348	0.40592963929755044	9.438498943396437e-06
ENSG00000174358	-0.08032797751472387	0.35494523387530585
ENSG00000174373	-0.054888172819421044	0.07256130851650489
ENSG00000174405	0.10581414745157147	0.046007959138606155
ENSG00000174437	-0.09860298228725739	0.16904039320215436
ENSG00000174442	0.15331542714162438	0.10943638252804072
ENSG00000174444	-0.3786108604533709	0.00012791829018097238
ENSG00000174446	-0.7357186585986781	0.008038603420413994
ENSG00000174483	-0.17913129486296953	0.496969696969697
ENSG00000174485	-0.7954361459121309	8.569744875473355e-16
ENSG00000174514	0.849298036924381	0.06576718476031977
ENSG00000174547	0.16502289752209975	0.21572628072777134
ENSG00000174579	-0.42588136276801336	0.006387394266028449
ENSG00000174606	-0.09327220293669214	0.8915162699789088
ENSG00000174607	0.2782212649889644	0.0035436739708415515
ENSG00000174640	-0.7291773518296871	5.2101578352234224e-09
ENSG00000174672	-1.9553734296027194	8.086401182301124e-13
ENSG00000174684	-1.0620039420364975	4.9897862991744444e-12
ENSG00000174695	-0.6709274655810091	0.00021709234333989658
ENSG00000174705	0.4923465906489177	4.316732602366234e-12
ENSG00000174718	-0.2144728989330389	0.03146401066138918
ENSG00000174720	-0.2122154601081121	1.5500008996725254e-05
ENSG00000174738	-1.0041931494127745	5.473764041919457e-05
ENSG00000174744	-0.20034105799422974	0.03955274259190264
ENSG00000174748	-0.20536113708398318	0.03615407671533947
ENSG00000174749	-0.3352972102515679	0.0023824190524548775
ENSG00000174780	-0.6683937949345484	7.834264788410625e-10
ENSG00000174791	0.17245435963077682	0.0007006116699657148
ENSG00000174799	0.15629539737465947	0.0029072747804055332
ENSG00000174804	-0.309179500091993	0.48937728937728936
ENSG00000174807	0.3526364121546912	1.9541662749571786e-07
ENSG00000174827	-1.6671888723628676	1.9064376381403698e-17
ENSG00000174839	0.08314901091112858	0.21554497483177815
ENSG00000174840	-0.24476414625479848	8.145739132219979e-09
ENSG00000174842	0.1416168519058516	0.13936638078388827
ENSG00000174851	-0.5691476419455093	2.9951362983196543e-09
ENSG00000174885	-0.24903877385308704	0.17348935581023506
ENSG00000174886	0.3395548314252288	0.44686994312677064
ENSG00000174891	-0.4401262795169494	1.9694817986712155e-13
ENSG00000174903	-0.1926474254238606	0.000669378722636705
ENSG00000174915	-0.5485411778691969	0.00034945070847725826
ENSG00000174917	0.050748391147276806	0.3788025524381524
ENSG00000174928	-0.5473744420509483	0.02004466862262744
ENSG00000174938	0.06280174659072912	0.35683258292166786
ENSG00000174939	0.9112275060742085	0.44304388422035484
ENSG00000174951	-1.3731655120349249	0.0004770820331461064
ENSG00000174953	-0.016405013141515212	0.3610349444536617
ENSG00000174989	-0.10201109279777043	0.3849757277120456
ENSG00000174992	-0.20504378548028512	0.15273001019284288
ENSG00000174996	0.10382172847977245	0.0023673961541433694
ENSG00000175029	0.23508996647927916	4.115219505407333e-05
ENSG00000175054	-0.05086197033234541	0.7567980877866693
ENSG00000175066	-0.5618274903808569	0.03272024955035118
ENSG00000175073	-0.11754378168314261	5.98180423384876e-05
ENSG00000175084	0.03213622582792297	0.9022995804397109
ENSG00000175093	0.6777625347494602	0.026293114325465862
ENSG00000175104	0.15713134060992928	0.0021185847198723737
ENSG00000175105	-0.1538663071342974	0.1214776107591644
ENSG00000175110	-0.3008017083443555	0.0014453490857525674
ENSG00000175115	-0.08242748871920824	0.01217075812060939
ENSG00000175130	0.7807922574554205	1.3538486945334778e-12
ENSG00000175137	0.05001720184954195	0.3590093373695581
ENSG00000175164	-0.8325199750745753	0.0023007279920801618
ENSG00000175166	0.04675852219483545	0.07059654851068277
ENSG00000175183	0.6254241069007875	3.641372465529785e-08
ENSG00000175189	0.2946440121811378	0.23754912539488626
ENSG00000175193	-0.4683660603401698	0.21829085457271366
ENSG00000175198	-0.8322978172394606	3.5215927946603614e-16
ENSG00000175203	-0.22095491510307852	5.497949676849342e-07
ENSG00000175213	-0.33804023548395534	0.005765401646408511
ENSG00000175215	-0.45260207981522527	0.21288515406162467
ENSG00000175216	0.13896923441747333	3.3294331612901204e-07
ENSG00000175220	0.5130829241773007	8.350679210360604e-13
ENSG00000175221	-0.18055366680484397	2.563827678363699e-05
ENSG00000175224	-0.1513617500086255	0.007850028013919787
ENSG00000175274	0.35908649628289524	8.137086042358992e-05
ENSG00000175287	-0.8628430237317133	1.430366179096907e-17
ENSG00000175309	-0.39426897413005335	2.7389820325184483e-08
ENSG00000175311	0.5169073409571929	0.009787327459389388
ENSG00000175315	0.7094693883873298	0.00025588353339659495
ENSG00000175324	-0.15573690556513142	0.004280709984384025
ENSG00000175334	-0.035410626856922534	0.7660622815044287
ENSG00000175336	-0.1417863426464585	0.6102242668264857
ENSG00000175348	0.428696297973687	2.4901056546396503e-05
ENSG00000175354	0.09064121243553558	0.3743109570458042
ENSG00000175356	0.31783067068490567	0.0016333893190731022
ENSG00000175376	-0.07960402503323039	0.10428644403092617
ENSG00000175387	0.06504851016668667	0.5122120710764757
ENSG00000175390	-0.12370544320063814	0.006791586582560762
ENSG00000175416	0.20470188217233343	0.0009459937872479907
ENSG00000175426	-0.7759738497610122	2.1052046972500034e-08
ENSG00000175445	-0.3943427645291919	0.012625762842686034
ENSG00000175449	-0.9921895241680545	0.0013261368317007748
ENSG00000175463	-0.18215041375848884	0.10907903588950062
ENSG00000175467	-0.13031154565526037	0.00011953522741084797
ENSG00000175470	-0.7052567401353969	6.095531215371684e-16
ENSG00000175482	0.24683639883757635	0.0027358557057273734
ENSG00000175489	0.5365846846679858	8.968480284724947e-05
ENSG00000175497	-1.442013197264366	0.0030732958879411973
ENSG00000175535	-2.587271769676139	2.6123078813931184e-12
ENSG00000175536	-0.3074042217384445	0.6
ENSG00000175550	0.2852964719084419	0.00010429879933316817
ENSG00000175567	-0.2010796345966792	0.20909090909090908
ENSG00000175573	0.2140250318640966	0.0028680540482733
ENSG00000175575	0.13323078127790922	0.22672290877171986
ENSG00000175581	-0.2097133208477402	0.000744364493044797
ENSG00000175582	-0.38191975589687743	1.9984226988882396e-07
ENSG00000175592	0.19393817642332678	0.608794714057872
ENSG00000175595	-0.0332653214927916	0.5175836184479519
ENSG00000175600	-0.3890217165463561	0.005264749738793932
ENSG00000175602	-0.053405815548803304	0.8265771495652721
ENSG00000175606	-0.5705217918697159	4.933712389423539e-07
ENSG00000175634	-0.2953099332682356	0.16683971747350246
ENSG00000175662	-0.3021740978621139	3.9680229136828093e-07
ENSG00000175707	-0.7246547724127268	4.936832145268952e-06
ENSG00000175711	0.28646175485083347	0.07956424544726047
ENSG00000175727	-0.13465622888418594	0.015889427627325335
ENSG00000175745	-0.031181414435227595	0.9130036630036632
ENSG00000175756	-0.710658889213402	0.00019922862982604936
ENSG00000175768	-0.06583907298389491	0.2802112681301142
ENSG00000175792	0.13556515971898264	0.00044807977851956255
ENSG00000175793	1.8727949108331075	3.6315916563283165e-20
ENSG00000175806	0.14497086292438155	0.029375126924485524
ENSG00000175826	-0.02313897914051566	0.3532206207609362
ENSG00000175866	0.7241046874371015	1.4812811806251445e-16
ENSG00000175868	0.14192143103380772	0.6
ENSG00000175893	-0.10601166800935857	0.9144251001836141
ENSG00000175895	0.031381879250883316	0.4884046694042794
ENSG00000175899	0.194264054901641	0.021737112211978698
ENSG00000175920	-0.8752952047980216	0.06349206349206349
ENSG00000175928	1.0485511023274903	0.05994005994005994
ENSG00000175931	-0.29682041978429297	2.896064218307098e-11
ENSG00000175970	0.014495211390681106	0.9022995804397109
ENSG00000176014	0.5242629727533696	2.373319865214249e-08
ENSG00000176018	-0.30804789195528315	0.09202617198191951
ENSG00000176022	-0.1296130268179887	0.21736734814467285
ENSG00000176046	-2.6013749949803895	4.5878156179643324e-14
ENSG00000176055	-0.8504470427473656	3.402389867319593e-16
ENSG00000176058	-0.634343354220082	4.2956626405280014e-11
ENSG00000176087	0.6895409875477156	2.8316227714310786e-06
ENSG00000176092	0.7746655787924048	5.317668706338723e-10
ENSG00000176095	-0.14414506011863182	0.07941899075759903
ENSG00000176101	-0.04256650487410596	0.6641018781099405
ENSG00000176102	0.15981699305188002	0.00014884948948674305
ENSG00000176105	0.24171370584673824	0.004337160295762905
ENSG00000176108	-0.017756782534778637	1.0
ENSG00000176125	-0.06894744339408021	0.7637731787618744
ENSG00000176148	0.07450985197224469	0.1517003560238161
ENSG00000176153	0.9139423811927045	8.240903001262842e-08
ENSG00000176155	-0.07906342913561915	0.7070127404870223
ENSG00000176170	0.859795273461458	0.012897397455118595
ENSG00000176171	-1.2306783680366742	3.9554631562634494e-11
ENSG00000176208	0.38434177054333674	0.245126813363298
ENSG00000176209	-0.28604374672525523	0.6353646353646354
ENSG00000176225	-0.29975425500096975	0.391296869625043
ENSG00000176244	-0.29581186359261835	0.08651752628232806
ENSG00000176248	-0.414021168381133	1.9184714629445424e-08
ENSG00000176261	-0.2463965545039457	0.0015421093720135168
ENSG00000176371	-0.30191710106702274	0.15974012257765116
ENSG00000176386	-0.37622220278294805	7.523576796833057e-12
ENSG00000176387	-0.13756356763029842	0.18055639618927788
ENSG00000176390	0.39833992349455016	7.689918847496401e-08
ENSG00000176393	0.05746570276077989	0.24649342177531774
ENSG00000176407	-0.045465893717679506	0.020346399575031586
ENSG00000176410	-0.7485485456221497	1.6797202387880257e-05
ENSG00000176422	-0.6913083498937347	6.90241870584668e-11
ENSG00000176435	-0.022619552882986227	0.5549211474689819
ENSG00000176438	-0.11606146959066876	0.24977894288226543
ENSG00000176444	-0.3536151941275385	0.02787665431112806
ENSG00000176454	0.7094504403450834	1.1954535982063791e-11
ENSG00000176463	0.7336995163223676	0.05173992673992674
ENSG00000176473	-0.6214564765435533	5.2491773290395614e-05
ENSG00000176476	0.03248393453991838	0.6788414709297976
ENSG00000176485	0.3373195158828288	0.00801858961856583
ENSG00000176531	-0.15951813628081268	0.2012243947070581
ENSG00000176532	0.5245560825220181	8.69126547281394e-09
ENSG00000176533	-0.9912259740165723	4.562128053799876e-15
ENSG00000176595	-0.17478618614223151	0.017010626935203128
ENSG00000176619	0.5041799360977492	3.486114255824797e-09
ENSG00000176623	0.20269868036401917	0.0005923058335298057
ENSG00000176658	0.44653810329021226	2.6380153835865803e-09
ENSG00000176715	-0.224243593728918	0.00040142569363325653
ENSG00000176720	-0.01182729899935353	0.9651490035971579
ENSG00000176731	-0.15731339262729804	0.13863750138229644
ENSG00000176783	0.24516089344629677	6.519098118604219e-09
ENSG00000176788	0.8258416223510707	1.46558422495661e-08
ENSG00000176834	-0.4078333054779151	0.0038651965883087164
ENSG00000176845	0.49799066681502424	5.065420450218161e-05
ENSG00000176853	0.3449745078763229	3.856070216771728e-09
ENSG00000176890	-0.14401720002869212	0.12006614014906168
ENSG00000176894	0.09950831863904241	0.38257732152852664
ENSG00000176903	0.5417898109779102	0.00010732697750931149
ENSG00000176907	-0.7139046321946836	0.38095238095238093
ENSG00000176915	0.15080882506318716	0.0009601402795520688
ENSG00000176919	0.5960434321484165	1.2360843897208605e-08
ENSG00000176920	-1.030831118288301	0.004755885647431325
ENSG00000176946	-0.798108885450592	1.8759345127399366e-07
ENSG00000176953	0.31896073939186564	0.0003112829286235905
ENSG00000176956	0.26458019895495255	0.7028478057889822
ENSG00000176971	0.2703462716173419	0.07145788282214606
ENSG00000176973	-0.27759160204601585	0.010713057181892666
ENSG00000176974	-0.31018946908307043	8.432918068740771e-08
ENSG00000176978	0.05291444628102582	0.35885134011843023
ENSG00000176986	-0.11098503313827024	0.014329452232439673
ENSG00000176994	-0.0597029793552295	0.4017542949252023
ENSG00000177000	0.0836090377375136	0.18505219901111536
ENSG00000177030	0.041910283889698974	0.8231920274653592
ENSG00000177034	0.14293148402979128	0.09395309089092184
ENSG00000177045	-0.22383629065053867	0.024876669330578086
ENSG00000177054	-0.14117423127294515	0.046007959138606155
ENSG00000177058	-0.7545222361366832	0.007111803257769104
ENSG00000177082	-0.33329512052056387	7.488906133918428e-05
ENSG00000177084	-0.19902516449671737	0.312262345978073
ENSG00000177096	-0.11697392899679215	0.2629086317460195
ENSG00000177103	-0.018840681973589568	0.8980323871243348
ENSG00000177105	0.3657671830008056	3.1590665437436696e-08
ENSG00000177106	0.3661804755896192	6.182712334761944e-10
ENSG00000177119	-0.5584145821132758	4.597464540109569e-09
ENSG00000177150	0.38773062649708834	0.0001094478871748012
ENSG00000177156	-0.1530823976267044	0.0020033884136128103
ENSG00000177169	-0.2883648393921838	0.12237897768701468
ENSG00000177189	0.2546779018644756	5.7742838228547056e-05
ENSG00000177191	-0.10048884157518145	0.3960658207089378
ENSG00000177192	0.20717114566324213	0.011887151093413604
ENSG00000177200	0.6547049686286606	0.0038111938433426596
ENSG00000177225	0.1952128197116032	0.00533697628087635
ENSG00000177238	0.4506498730535995	0.2857142857142857
ENSG00000177239	0.034186422179622866	0.4255208798496565
ENSG00000177302	0.32027474748276674	0.013961820576824376
ENSG00000177303	-0.1160198223758293	0.007411506674350181
ENSG00000177311	0.19852436073208324	0.4962618947225669
ENSG00000177352	0.5422020903095657	0.03694259009246569
ENSG00000177363	0.14150782010552732	0.3572241461593999
ENSG00000177370	-0.5046815275573557	8.824564258172549e-06
ENSG00000177374	0.25937662656386706	0.0012400519913384142
ENSG00000177380	0.4679040697610901	0.010837828078846923
ENSG00000177409	0.540891284230554	7.433630509349059e-10
ENSG00000177425	0.1627177352539988	0.0028680540482733
ENSG00000177426	-0.40491988890648223	0.021276291973116663
ENSG00000177432	-0.3570837727154732	1.3807469123577309e-05
ENSG00000177455	-0.7393587732719062	0.46853146853146854
ENSG00000177459	-1.3839700120307192	9.816187346951824e-16
ENSG00000177463	-0.22322428340244826	0.0001079260701860323
ENSG00000177465	-0.3108530148515065	0.045244109113476635
ENSG00000177469	0.36636197854737773	8.19499251730903e-05
ENSG00000177479	0.30560875250856867	1.7467186410162175e-07
ENSG00000177485	-0.4561017919938877	3.758891646187786e-12
ENSG00000177511	-0.7297276417636489	0.0005965518670856638
ENSG00000177542	-0.5112791790289108	0.002400311303335485
ENSG00000177548	0.06456054673125067	0.1540910815352822
ENSG00000177556	0.38342054431518946	3.6354689143443846e-10
ENSG00000177565	0.16949140541260377	9.572744988615487e-05
ENSG00000177570	-0.003991739404309413	0.8316132787486792
ENSG00000177575	0.5106654714519365	6.674072801474726e-07
ENSG00000177576	-0.8747691445533512	2.4967637647643425e-10
ENSG00000177600	-0.9858705826256688	8.450423639577487e-12
ENSG00000177606	0.34602173978118245	0.0007827822408088071
ENSG00000177613	0.010160879680046975	0.33329860572305336
ENSG00000177628	0.4638358480336322	2.5358683288665774e-12
ENSG00000177646	-0.7496893269945843	3.33547631289741e-13
ENSG00000177663	0.03520741171161035	0.262786473545053
ENSG00000177666	-0.06663063085369814	0.18582673022278962
ENSG00000177674	0.1425919504908748	0.09259538888497312
ENSG00000177675	0.15044529334886647	0.3671996285514775
ENSG00000177685	-0.38565034097048567	0.06339373177303535
ENSG00000177688	0.7763389910221044	0.00019749563928863918
ENSG00000177694	-0.07358675173457385	0.36302032643751647
ENSG00000177697	0.712326654202176	2.3656359781157687e-10
ENSG00000177700	-0.5901347565709578	1.790013651227588e-10
ENSG00000177706	-0.3249192848835811	0.007841032137839418
ENSG00000177707	0.4323643037979501	0.0009910504971712348
ENSG00000177728	0.24809411264570613	0.9592760180995473
ENSG00000177731	0.33557877603384867	6.752682166995555e-16
ENSG00000177733	0.07841495589228487	0.06199640216678007
ENSG00000177791	-0.09615364697350515	0.5055957355386875
ENSG00000177830	-0.9442810078978248	3.733887319564153e-10
ENSG00000177868	0.5424930017049583	4.629656834875053e-05
ENSG00000177879	-0.24554082360443275	6.1490004765462e-06
ENSG00000177885	0.6972977062905201	5.451964289810433e-13
ENSG00000177888	-0.2651769794319172	0.03479921620986428
ENSG00000177889	-0.39178829208693955	2.389512070585937e-12
ENSG00000177917	0.16744804213411157	0.17239020783268577
ENSG00000177951	-0.39061066383429477	7.478737096498341e-06
ENSG00000177954	-1.068607014684936	9.165285506514251e-15
ENSG00000177963	0.30934184138110155	2.691005831372658e-12
ENSG00000177971	-0.13360812995566818	0.30674405472952226
ENSG00000178028	-0.013140212616150393	0.9386369415660587
ENSG00000178031	0.22300165121111704	0.043636606737599275
ENSG00000178033	0.6669139555000818	1.628866039415671e-08
ENSG00000178035	-0.4360984246306394	4.973768163822593e-13
ENSG00000178038	0.055756453666226946	0.5377705285073875
ENSG00000178053	0.17031468531545002	0.3368724991390213
ENSG00000178057	-0.062162777386784995	0.5643898599097756
ENSG00000178074	-0.5092398233468742	3.3143315422041533e-09
ENSG00000178078	-0.21611781991853363	0.004813628768105611
ENSG00000178096	0.47901212472241284	0.0012352982146162522
ENSG00000178104	-0.3207220448221406	7.745491022271381e-12
ENSG00000178105	-0.17606214384083785	0.011337460890801475
ENSG00000178127	-0.6028013348864363	5.958843613648947e-12
ENSG00000178149	-1.2140603055035122	0.003205128205128205
ENSG00000178150	0.12670518363706051	0.5166666666666666
ENSG00000178177	-0.27428505832336825	0.055551646495918934
ENSG00000178184	0.16894750643979606	0.024908786667933894
ENSG00000178188	-0.1950865369348378	0.042738052652178955
ENSG00000178199	0.06589891365415212	0.13510059734316027
ENSG00000178202	0.5205516501139016	2.780662349205552e-10
ENSG00000178209	1.095309567202868	4.40638060630186e-20
ENSG00000178234	-1.0450370801492959	6.176308953240247e-11
ENSG00000178252	-0.19091771110814193	0.002753272310075276
ENSG00000178295	-0.35856877466261494	0.13121802913639508
ENSG00000178307	0.6357856667105644	6.021683716981458e-10
ENSG00000178363	0.002629578729422377	0.39057368542347104
ENSG00000178372	0.8024754793685567	0.31835573777619686
ENSG00000178385	-0.2841415176624462	0.019580419580419582
ENSG00000178409	0.0856776858778403	0.5594031279187399
ENSG00000178425	0.23619312087616962	2.997292779370962e-06
ENSG00000178445	-0.19466570570930486	0.33936996262299535
ENSG00000178449	-0.6414822456398674	0.0021541104518153133
ENSG00000178467	0.09762603220332622	0.5100294833733154
ENSG00000178473	-0.8775550933435063	1.0853490443280872e-06
ENSG00000178498	0.3071154302724324	0.0018674826327824375
ENSG00000178502	-0.006568859488567114	0.9927254201333469
ENSG00000178537	-0.8719885682487067	5.138034301250926e-10
ENSG00000178538	-0.07009637285064585	0.6593730965149177
ENSG00000178567	-0.27433538773233934	2.5474435408119462e-06
ENSG00000178573	-0.271640058746911	0.3223082215342278
ENSG00000178585	0.5213608418270717	6.273046834598422e-06
ENSG00000178597	0.8285303197415317	0.0346207830667688
ENSG00000178605	-0.352545205902036	1.9920387585096643e-06
ENSG00000178607	-0.4084580665353208	0.00927263490774627
ENSG00000178685	0.2699090622288054	1.4646154830119859e-05
ENSG00000178691	0.0871039950679382	0.113084199081573
ENSG00000178694	0.04452849677723947	0.8846153846153846
ENSG00000178695	0.21097495683156353	0.0040083268915585965
ENSG00000178718	0.048348809210107646	0.47544072466747456
ENSG00000178726	-0.04349506227043065	0.6494781375774381
ENSG00000178732	-0.15006927595722885	0.49811519779444025
ENSG00000178741	-0.9307343694801418	6.504152450472385e-12
ENSG00000178761	-0.1674143904491494	0.7271618894847725
ENSG00000178764	-0.07422226016449684	0.038043655711315204
ENSG00000178772	0.3682935080893408	1.6095388262732922e-05
ENSG00000178773	0.6148940600133876	1.1370322503844631e-06
ENSG00000178802	-0.3414470034230028	0.00022518163747767988
ENSG00000178814	-0.05743794712775241	0.15773070989438942
ENSG00000178882	0.7510541539178313	9.813183817514574e-08
ENSG00000178896	0.023384058440385047	0.9916996531205702
ENSG00000178904	0.1741017494584085	0.11375434227644159
ENSG00000178913	0.17654935995176757	0.0029871884988552358
ENSG00000178921	-0.2890820618791565	1.3341165010888142e-16
ENSG00000178922	-0.6863820384783352	1.9396148475731188e-12
ENSG00000178927	0.25065310507771343	0.0029072747804055332
ENSG00000178928	-1.9597787663225166	0.002675836300819475
ENSG00000178950	-0.022403853044586697	0.24819388264658715
ENSG00000178951	0.29190500197418956	8.736288136953012e-06
ENSG00000178952	-0.2577994055688855	3.9696981776121617e-05
ENSG00000178966	-0.10452561273782734	0.28228157779930474
ENSG00000178971	-0.2647918418740822	0.5326840631188459
ENSG00000178980	0.22439213284076232	0.00030145406558092073
ENSG00000178982	-0.2931776546143148	9.459839356870072e-08
ENSG00000178996	0.12931319986849488	0.00475158519931132
ENSG00000178999	0.8409740303021529	0.0002531114817704449
ENSG00000179010	-0.5514730335114173	0.025464193557297572
ENSG00000179021	0.09480999971811599	0.17824931392203625
ENSG00000179023	-0.4801819361657458	0.0016418173925644805
ENSG00000179041	-0.4428915497122432	4.6081236033118025e-08
ENSG00000179051	0.13978002084401098	0.0012876040829871167
ENSG00000179085	0.12115086262413044	0.06681376357455236
ENSG00000179091	-0.1455154895399744	0.006877194330308332
ENSG00000179094	-0.40267476852721273	2.1437488878210106e-05
ENSG00000179104	-0.14047155490112928	0.37507507376930216
ENSG00000179115	-0.21766884145885612	0.006458651836016812
ENSG00000179119	-0.39507535332395705	1.3468611029382167e-07
ENSG00000179134	0.41137415969800273	2.4440254126140602e-09
ENSG00000179144	0.1868866753381475	0.04646340637424083
ENSG00000179151	0.032136137222856576	0.32097387678942746
ENSG00000179163	0.29478181104231993	0.00017881428311889225
ENSG00000179218	-0.1953329414964351	0.0028680540482733
ENSG00000179222	-0.12065776222507196	0.10867821518991132
ENSG00000179256	0.0831442297757512	0.5726475135866547
ENSG00000179262	-0.01758651491359231	0.9254045333936776
ENSG00000179271	-0.6758656537554977	3.18357292683158e-15
ENSG00000179295	0.23155899923275314	6.257386869172666e-07
ENSG00000179331	-0.3021698419957488	0.11409120614517916
ENSG00000179335	-0.060220375245553015	0.2794438233039249
ENSG00000179344	0.31964465858665747	0.08281960327985402
ENSG00000179361	0.02015677823234796	0.7790505675954593
ENSG00000179364	-0.41268088621461274	3.834905151788702e-10
ENSG00000179387	-0.3731175087580212	0.0016439897243743357
ENSG00000179403	-0.25742521647861594	0.00035367762326790945
ENSG00000179409	-0.020305964290955103	0.6160679305854524
ENSG00000179526	-0.22323952266637548	1.2582997720438638e-05
ENSG00000179542	0.821485153469343	0.16991897300382253
ENSG00000179562	-0.24631128032860516	1.0674952951496852e-08
ENSG00000179580	-1.0519778203257317	1.12527707274763e-06
ENSG00000179588	-0.43042537978521267	0.003068666146762482
ENSG00000179593	0.35057490676889813	0.0030766078940135675
ENSG00000179604	-0.44013018908188073	4.2956626405280014e-11
ENSG00000179630	0.16436464810209372	0.03526840238933532
ENSG00000179632	0.4561241322243319	5.4184346171821814e-05
ENSG00000179750	-0.5680897284000501	0.13296703296703297
ENSG00000179751	-2.6858900457633226	2.3007510474008904e-13
ENSG00000179761	0.05484822203559503	0.607801410452159
ENSG00000179776	-0.08028980797349661	0.33747383561371824
ENSG00000179820	0.1221318236804656	0.22354099548959694
ENSG00000179832	-0.24775764123620192	2.9153790624116784e-05
ENSG00000179841	-0.2257562233757291	0.21110198475011022
ENSG00000179846	0.6785798762030559	0.0019431530721524494
ENSG00000179855	-0.15749781424919362	0.1958841585553448
ENSG00000179889	0.14091821025417417	0.17425792161412912
ENSG00000179912	0.3674321811209822	0.003166444599986707
ENSG00000179913	0.846064465953166	8.181694116168996e-08
ENSG00000179914	0.3228871459062965	0.20511910605689476
ENSG00000179918	-0.48223332627519255	8.255932472228272e-10
ENSG00000179922	0.3834982849408064	0.013142834962488182
ENSG00000179933	0.7706702682095816	1.4111080900868263e-09
ENSG00000179943	-0.5667122320802314	2.3021741286234838e-05
ENSG00000179950	-0.05516553675124314	0.1114568831524471
ENSG00000179954	0.5986528941067206	1.36256240254292e-07
ENSG00000179958	0.21310105024807768	0.00033718347540717425
ENSG00000179965	-0.21912210396824605	0.5716114320462146
ENSG00000179981	0.28818927111559134	0.4754185962966653
ENSG00000180011	-0.4036793121239235	4.755461125972506e-06
ENSG00000180035	-0.40626855665890815	2.880133922841438e-05
ENSG00000180096	0.16949012405453345	0.023209833681791206
ENSG00000180098	-0.10067149218086513	0.10361290882856869
ENSG00000180104	0.29619146778154715	1.5761561594237114e-08
ENSG00000180182	0.028317387610009348	0.6426623713797366
ENSG00000180185	-0.050755675869673667	0.681891548033605
ENSG00000180190	-0.16630536075709657	0.08180226328852576
ENSG00000180198	0.046103488177426044	0.435252723430659
ENSG00000180209	-1.502881205598225	0.0003302875614088429
ENSG00000180210	0.44348790173682673	1.0436249753009446e-06
ENSG00000180228	-0.13716081001448543	0.00042083524792184364
ENSG00000180233	0.2509386487533334	0.016793504819774596
ENSG00000180263	0.5787650636976629	1.9694817986712155e-13
ENSG00000180329	-0.24413863175977824	0.002271114566460635
ENSG00000180336	0.5633052652866688	0.015343834114878552
ENSG00000180340	-0.03583139248366152	0.9436280222029834
ENSG00000180346	0.0030240556069962565	0.6589783281733748
ENSG00000180353	0.5396202838302919	0.0001439368038023674
ENSG00000180354	-0.9806559506153292	1.0182330339828919e-14
ENSG00000180357	-0.175154484619771	0.007880843202992814
ENSG00000180370	0.21531449360004373	3.399166601654372e-09
ENSG00000180376	0.0683158510755888	0.8824201140755036
ENSG00000180398	0.2518394548909093	0.018613223509427117
ENSG00000180447	0.5266809076347769	0.04098675305974333
ENSG00000180448	0.39888565520023533	2.7079656153774633e-06
ENSG00000180488	-0.07180323341608386	0.9752015163298426
ENSG00000180530	-0.8424489390871592	0.005718810837902058
ENSG00000180535	-2.0322528916446814	3.1950193755411135e-14
ENSG00000180543	-0.3654106493760416	1.9920387585096643e-06
ENSG00000180611	0.5538063215947489	3.539584707088135e-10
ENSG00000180628	-0.36132587084033574	7.319827290303003e-07
ENSG00000180644	-0.13886750349588084	0.26586183556805476
ENSG00000180667	0.14627740618253782	0.13807061608825388
ENSG00000180730	1.2728763104414202	1.6568917326853944e-05
ENSG00000180745	-0.22434261313020265	0.413986013986014
ENSG00000180776	0.2792472763264051	0.00012380760259882148
ENSG00000180787	-1.0916433420635183	8.159345460410178e-05
ENSG00000180801	-0.29080155224204773	0.8208936862996931
ENSG00000180817	-0.18846577906357354	0.00018180287482864353
ENSG00000180822	0.32584646203467926	0.018072997502942573
ENSG00000180875	0.7685179941344877	0.18333333333333335
ENSG00000180879	-1.0915634623966106	3.1207235095271453e-12
ENSG00000180884	-0.25030416278453416	0.031669474611638694
ENSG00000180891	0.31161660780405853	0.00041490013783479826
ENSG00000180900	0.11242369201849556	0.0010338580334631926
ENSG00000180901	0.1790094926906569	0.071433973821636
ENSG00000180902	-0.05116616956018305	0.4901107723468262
ENSG00000180917	0.3214739283188166	0.0005235606163555128
ENSG00000180921	0.21387616436515344	0.004876404492564625
ENSG00000180957	0.30791764360467155	3.184885569064941e-06
ENSG00000180964	-0.13456647134290023	0.49845476148175805
ENSG00000180992	-0.01668061441842994	0.8661657926479606
ENSG00000181029	0.308094527583215	0.0020033884136128103
ENSG00000181031	-1.1116194657370926	9.843916378459192e-13
ENSG00000181035	-0.675303276918072	0.024547534845017684
ENSG00000181090	-0.06758452204815057	0.18367647858117986
ENSG00000181092	0.09009389386019251	0.2516193862037637
ENSG00000181104	0.5591623956309917	0.006948086546058104
ENSG00000181143	1.1174655978825534	2.2074717876587475e-07
ENSG00000181163	0.2076941617773933	0.0001618307883933606
ENSG00000181191	-0.18046241686156606	0.03796412179136083
ENSG00000181192	-0.8958225832781679	1.5449607033291017e-14
ENSG00000181195	-0.5436277262339946	0.1001031991744066
ENSG00000181222	-0.23639837724381962	7.752913669860309e-07
ENSG00000181284	-0.1764796009449796	0.01840232507370462
ENSG00000181381	0.41928573120172885	1.2743979079886826e-06
ENSG00000181396	-0.35990795469646386	0.5093268125320469
ENSG00000181404	0.19492427181913996	0.007229402457557596
ENSG00000181409	-1.2202394667302805	4.057129396255143e-05
ENSG00000181467	0.37352574115246284	1.5795024653608748e-05
ENSG00000181472	-0.16628537879647354	0.023476583134871255
ENSG00000181481	0.045450316923485445	0.5580906219282429
ENSG00000181513	0.22870875343896913	0.17412303469533386
ENSG00000181523	-0.6779132623898683	1.274801321611058e-12
ENSG00000181541	0.3681260558687196	0.594072594072594
ENSG00000181555	-0.15244385232827895	0.0011292229528491442
ENSG00000181588	-0.5198318246870137	0.5649367593414428
ENSG00000181610	-0.09692843097090886	0.09395309089092184
ENSG00000181631	0.5660103482469836	0.8395604395604395
ENSG00000181649	1.378800368216698	4.176316090664524e-09
ENSG00000181704	0.34158818932033697	0.00027897560422284986
ENSG00000181722	-0.1169087312929733	0.08455650748070052
ENSG00000181744	0.11421510371593513	0.1136073086696769
ENSG00000181751	-0.12373177064541352	0.31686199864236353
ENSG00000181788	0.045086719205542636	0.7737017388741526
ENSG00000181789	-0.44035795901003993	5.138034301250926e-10
ENSG00000181804	-0.0072343353494837	0.7660622815044287
ENSG00000181826	-0.059922281773481245	0.7174140604406452
ENSG00000181827	-0.05004985870904122	0.710753008839516
ENSG00000181830	-0.2543350422053692	0.03862144503350332
ENSG00000181852	0.4067362803988068	3.2495703735159705e-05
ENSG00000181873	-0.409240796283207	7.240879351057163e-10
ENSG00000181904	0.12943946450722166	0.2953049344012678
ENSG00000181915	-0.14968131547153618	0.04124147934801532
ENSG00000181924	0.5582274266190588	0.00044807977851956255
ENSG00000181927	0.0351774032235177	0.9614731169908479
ENSG00000181929	0.12865107994521097	0.014001720692045064
ENSG00000181938	0.24310728309729157	0.03367854801100419
ENSG00000181982	-1.1895009476204343	8.275951229136832e-14
ENSG00000181991	0.1853113719362227	0.19944451282705233
ENSG00000182004	-0.3814890677256031	0.00909212240656384
ENSG00000182013	-0.9552619318781019	0.18115218115218118
ENSG00000182022	0.793056742427158	0.007687202195211349
ENSG00000182054	-0.4833108038470755	6.029237501866567e-06
ENSG00000182087	-0.4226629588721593	0.06046912263398003
ENSG00000182093	-0.7221209048436599	7.004194286166448e-05
ENSG00000182095	0.09261596421901075	0.21029609899882729
ENSG00000182107	0.057533131251265246	0.8298159482818563
ENSG00000182117	-0.21552989834703595	0.002433644874424393
ENSG00000182118	0.360668518327369	0.08799557943954317
ENSG00000182134	-0.1536172060104697	0.013938776501598672
ENSG00000182149	-0.172297746732756	1.9779644208593837e-05
ENSG00000182154	-0.7625956158386522	4.973768163822593e-13
ENSG00000182162	0.37789401754278984	0.2857142857142857
ENSG00000182168	-0.16272178464230258	0.5394605394605395
ENSG00000182173	-0.4379347666880484	3.030543228437753e-07
ENSG00000182179	0.4926916561876027	6.006791088218845e-11
ENSG00000182180	-0.5155499408815345	4.294604417171775e-08
ENSG00000182196	-0.38472603245403647	2.5136652415904928e-11
ENSG00000182197	0.16634478501759276	0.11746242199098672
ENSG00000182199	-0.3165230234189558	9.409498153989434e-05
ENSG00000182208	0.413442844511934	1.4257196835375426e-07
ENSG00000182218	0.5409772318142849	0.010858142022021549
ENSG00000182220	0.542755319000058	2.7720274999055124e-12
ENSG00000182240	0.21047143311610128	0.22203928060443634
ENSG00000182247	0.12346670832626216	0.25421167036591363
ENSG00000182253	-0.1562017951497694	0.2839346212069046
ENSG00000182287	-0.05039367224220115	0.6367111788948137
ENSG00000182307	-0.3226628230693045	1.7238978810825313e-06
ENSG00000182325	0.12392460619415502	0.28308161894702466
ENSG00000182326	0.7382259635483734	5.003621496981812e-10
ENSG00000182333	-0.002245969465231923	0.37728937728937734
ENSG00000182362	-0.024133055707480366	0.9662700313232051
ENSG00000182372	-1.0613239435407937	0.0007541478129713423
ENSG00000182400	0.28222736597290776	2.790617692303878e-07
ENSG00000182446	0.3924532056926644	3.556304957784095e-08
ENSG00000182463	0.3494891418399746	0.19040144055336639
ENSG00000182473	0.218260515260166	2.1308555104504053e-05
ENSG00000182481	0.5867130883809217	2.9951362983196543e-09
ENSG00000182492	0.9684899374893945	1.8271117947024693e-12
ENSG00000182504	0.1991472762748998	0.0033721865233752313
ENSG00000182511	0.23661085255366032	0.0006394443753193877
ENSG00000182512	0.07717016226327189	0.2765212267728723
ENSG00000182534	0.04350954099482962	0.30305232949008276
ENSG00000182541	-0.08694975814833228	0.06141681359961317
ENSG00000182544	0.1061204281556023	0.6850106415323807
ENSG00000182551	0.25573174012402333	5.010429091639421e-05
ENSG00000182552	-0.16220577671096592	0.21265613414421458
ENSG00000182568	-0.5535292319292857	0.028843364548780923
ENSG00000182578	0.49861109913110013	1.6401191474783834e-05
ENSG00000182580	-0.18499588953466528	0.030486758789937264
ENSG00000182606	0.06499478124742808	0.67759924564832
ENSG00000182621	-1.1304715280870212	6.454531244453166e-18
ENSG00000182628	0.05819576083143474	0.6402501164213472
ENSG00000182636	0.11876266275170266	0.4842776247923568
ENSG00000182667	1.2237094767154417	3.8694548577312334e-14
ENSG00000182670	-0.2702763037401681	0.0004652381795045058
ENSG00000182704	0.3060298541722908	0.02394983501115154
ENSG00000182712	-1.274338297384542	1.2013878514189097e-16
ENSG00000182718	0.8002933747206207	4.4843356467253906e-17
ENSG00000182749	0.4941817946601734	0.01898101898101898
ENSG00000182752	0.16972349643436502	0.03961518860817274
ENSG00000182768	-0.6028315831186717	6.427637634731227e-09
ENSG00000182795	0.5662143179331949	2.461623650124359e-12
ENSG00000182809	0.10627605789163042	0.09395309089092184
ENSG00000182810	-0.7751692589127792	6.746311507758389e-12
ENSG00000182827	-0.18079547486470915	0.0008522476988242955
ENSG00000182831	0.04000118875507752	0.9801387018778324
ENSG00000182836	-0.6723060951205042	7.00872905935482e-09
ENSG00000182858	-0.8309156708813887	1.1595758772812754e-06
ENSG00000182866	0.06622125904120324	0.6721452841054856
ENSG00000182870	0.2717533324958765	0.3231564743840276
ENSG00000182871	-0.2709464707140583	1.8355562791958665e-05
ENSG00000182872	-0.09086158953095946	0.004510583867443433
ENSG00000182885	0.31400758885781954	0.5245820947204483
ENSG00000182890	-0.9169857574937375	1.5449607033291017e-14
ENSG00000182899	0.05017081182556282	0.04646340637424083
ENSG00000182916	0.288486015211479	0.024039177518768155
ENSG00000182919	-0.3106594214153411	0.0002483239610721009
ENSG00000182923	-0.004972985771825478	0.36753384708889913
ENSG00000182934	-1.2841905496344737	2.0601404134436248e-11
ENSG00000182944	0.0811407543422753	0.03063588133123842
ENSG00000182952	-0.34157947860225946	3.973805024125849e-06
ENSG00000182973	-0.11907459456280023	0.03727797800711941
ENSG00000182979	0.23347838220336214	1.2112313702605198e-05
ENSG00000182985	-0.6164419941490493	6.529499395049381e-11
ENSG00000182986	-0.05769844501308796	0.9999999999999999
ENSG00000183010	-0.7749626774327432	1.9108578630682354e-07
ENSG00000183011	0.3139143270423723	0.0009297001674856692
ENSG00000183018	-0.4269483113473118	0.04462983791346958
ENSG00000183019	-0.17335791784363153	1.0
ENSG00000183020	0.3340774153661066	9.21340458873791e-09
ENSG00000183023	-0.04103501342414262	0.6833519991786956
ENSG00000183032	-1.7168632021043848	2.0372584279479923e-09
ENSG00000183036	-0.7131373281108573	0.0010954761709502405
ENSG00000183044	-2.0559850839450213	2.771065684168224e-13
ENSG00000183048	-0.5038801833029787	0.0001765390063126484
ENSG00000183049	-0.48067481763868614	8.240903001262842e-08
ENSG00000183077	-0.885379179728826	8.928278485414935e-09
ENSG00000183087	0.17822694098963865	0.03261403048616829
ENSG00000183091	0.007225025939803231	0.4780183161391337
ENSG00000183092	-0.055250825401667925	0.9095901518502137
ENSG00000183098	0.6083746441581255	2.4307859321761155e-08
ENSG00000183111	-0.020370120421276283	0.4111638387625661
ENSG00000183155	0.44093589749287077	4.8621728824033684e-05
ENSG00000183160	-0.27837388985130573	0.02450253151987272
ENSG00000183172	0.303644111231133	0.07158683945725695
ENSG00000183196	0.22090063826537154	0.9592760180995473
ENSG00000183207	0.22376741176472947	1.2611658616937022e-06
ENSG00000183208	0.7060706927658167	4.344516023744281e-09
ENSG00000183248	0.37218568666900254	0.06373029474487113
ENSG00000183255	1.1123159027075857	2.964078292524412e-16
ENSG00000183258	-0.029587833598494484	0.3698524495708141
ENSG00000183283	0.06274896907784111	0.9264869246426781
ENSG00000183291	-0.5364201351748861	1.9575497496210203e-10
ENSG00000183309	0.08701490095955933	0.15534743255136207
ENSG00000183323	-1.5684288228678724	0.015873015873015872
ENSG00000183337	0.06809893283008606	0.8684719649138037
ENSG00000183340	-0.3618042821031455	0.2167832167832168
ENSG00000183347	0.663656473008853	0.14756083633300757
ENSG00000183386	0.9391175024825742	1.1240850508425559e-15
ENSG00000183421	0.2659419598238806	0.20601136677967335
ENSG00000183431	0.382571807293008	3.528577888608257e-11
ENSG00000183475	0.3229508874447262	0.5208791208791208
ENSG00000183486	0.8653864925112806	2.858142046594816e-13
ENSG00000183495	-0.06352203201006645	0.12517207838081434
ENSG00000183508	-0.23696188146398356	0.016657614742341443
ENSG00000183513	-0.38953224674405007	7.27142805479129e-07
ENSG00000183520	-0.30821728703292806	1.079898435289987e-05
ENSG00000183527	-0.22904148371805277	0.0036533986158930184
ENSG00000183530	0.30751774554823896	0.9834371286924635
ENSG00000183549	0.1490193595886975	0.6063936063936064
ENSG00000183570	-0.13958959204670052	0.27640928113645646
ENSG00000183576	-0.18469774303738973	1.1354362553992978e-06
ENSG00000183578	0.2346235648244992	0.4020286929000735
ENSG00000183597	-0.029209884275449127	0.7724229703946346
ENSG00000183605	-0.20498783151198197	0.07688027725821257
ENSG00000183607	-0.8313045593179851	0.016458647869437758
ENSG00000183617	-0.5657684568221804	6.317159596296834e-12
ENSG00000183621	-0.3240582163186474	0.0019894239625542812
ENSG00000183624	0.28802911626306127	5.6730986350955516e-05
ENSG00000183648	-0.005079567349021374	0.6400856593232548
ENSG00000183684	-0.30453809913970886	3.817467848774185e-08
ENSG00000183688	0.39688548282969904	0.002271956161874865
ENSG00000183691	0.1115156301902509	1.0
ENSG00000183696	0.7416002257018413	5.79554605223745e-13
ENSG00000183722	-0.14471742992597214	0.6299346188130568
ENSG00000183723	0.2201405773899623	0.3699020059507233
ENSG00000183726	-0.3937140175309004	0.21208791208791208
ENSG00000183735	0.3534980897254023	4.0123866674828083e-13
ENSG00000183741	-0.2712705104631148	0.002427865659423898
ENSG00000183742	0.4164765168100004	1.9959417389666468e-07
ENSG00000183751	-0.0572712178928505	0.17163431818991803
ENSG00000183765	0.20102838945781087	0.003463654997958133
ENSG00000183775	0.10469076049733417	0.1201234253703308
ENSG00000183778	0.5030329663853372	0.00016601030036598853
ENSG00000183779	0.41528835135416386	6.257386869172666e-07
ENSG00000183785	-0.37454243087151085	0.0001935103784248092
ENSG00000183801	-0.030117673061138106	0.8759960169024938
ENSG00000183808	0.17040925201161983	5.379524857223265e-05
ENSG00000183814	-0.15817609162966306	0.19777357326332334
ENSG00000183826	-0.3464168607404048	0.04479218044435435
ENSG00000183828	-0.2211067539084297	0.061109353350637656
ENSG00000183840	0.03911587623624868	0.5266541615013278
ENSG00000183844	-1.163990699189167	1.5931867254288127e-11
ENSG00000183853	-0.006946375099886382	0.39928255466427043
ENSG00000183856	0.13877726264029633	0.012906168797182451
ENSG00000183864	0.0027977743293696733	0.5845717234262127
ENSG00000183878	-0.5299566500967519	0.01852459939416461
ENSG00000183918	0.2511975221580336	0.013057881924089902
ENSG00000183963	0.23916734108578908	0.05914314731389729
ENSG00000183978	-0.35822634882260473	0.0002007438432394445
ENSG00000184007	-0.3954820805286978	3.7157999876902094e-07
ENSG00000184009	0.7416639607159041	2.997292779370962e-06
ENSG00000184012	0.48372857302405947	2.8049360105362415e-05
ENSG00000184014	0.037199139204417975	0.2837861462286272
ENSG00000184056	0.472529764111826	0.0001715440159080423
ENSG00000184060	-0.052901050456785725	0.6159078747031959
ENSG00000184076	-0.7488006142380144	1.2360843897208605e-08
ENSG00000184083	-0.6306157634585645	9.883611923063803e-19
ENSG00000184110	-0.8222541029017023	3.6585886547202633e-13
ENSG00000184113	-0.6825384647626116	0.05558070950452159
ENSG00000184117	0.3589808715735643	5.8771766863564834e-05
ENSG00000184162	0.24141255555927899	0.005268860787847292
ENSG00000184164	-1.2557165511187272	4.153687147905242e-15
ENSG00000184178	-0.3591053976414784	1.7077785982235124e-09
ENSG00000184182	-0.4242599387022352	1.534822486673309e-06
ENSG00000184203	-0.12408886782360895	0.32915685938847383
ENSG00000184207	0.07781954340494579	0.030958236086904015
ENSG00000184209	-0.2693334391301079	0.24441551313815058
ENSG00000184216	0.43196518448793597	2.655961620418187e-08
ENSG00000184220	-0.15155709311695986	0.006836092670652291
ENSG00000184232	0.21929152269133922	0.023029497886847293
ENSG00000184270	0.88065070657278	3.9680229136828093e-07
ENSG00000184277	0.2708772051726882	0.0397205574559346
ENSG00000184281	0.39760391664425754	0.00013685323021515882
ENSG00000184292	0.16937489135914063	0.07525038893140235
ENSG00000184304	-0.056263809932751485	0.4921401832040898
ENSG00000184305	-0.3212878520720217	0.022970314261201327
ENSG00000184347	-0.5292644562574687	6.359187865228765e-09
ENSG00000184349	0.3659720815668379	0.08111455108359134
ENSG00000184357	0.9131850474122416	3.0960030404015684e-10
ENSG00000184363	0.7795873576402634	4.64604569375838e-17
ENSG00000184371	0.26234293262839614	0.12352628993801165
ENSG00000184374	-0.6733375608205954	0.002002982963699556
ENSG00000184381	0.3548002137227275	0.06787511860782333
ENSG00000184384	-0.10060377670541243	0.6399621858583531
ENSG00000184402	-1.021373645289497	3.691916604519432e-07
ENSG00000184432	-0.32603623497679735	3.072008649237774e-09
ENSG00000184434	-0.167368002913431	0.7209150326797384
ENSG00000184445	0.2332578034832018	0.0030691014692796493
ENSG00000184470	-0.5128253972080827	2.043847372985949e-09
ENSG00000184481	0.1745999964685474	0.6149407114624506
ENSG00000184489	-0.3854459922987914	0.13227390966521402
ENSG00000184500	0.6172733699341713	3.312506957494708e-08
ENSG00000184502	0.6467598597404454	0.17232329878233676
ENSG00000184508	-1.2975582422704264	6.941124223809803e-18
ENSG00000184524	-0.7620761748540588	0.003104852682740722
ENSG00000184530	-0.3068712863259968	0.1391801671196221
ENSG00000184575	0.13230105156247873	0.003557376087281421
ENSG00000184584	0.48294195880378865	1.1889075300536593e-07
ENSG00000184634	0.04505358779538682	0.2111329480802353
ENSG00000184640	0.41710590867041475	4.4994635856947033e-10
ENSG00000184661	-0.13969232038496315	0.4892666988902439
ENSG00000184672	-0.6898207475482678	1.6296846506861207e-06
ENSG00000184675	-0.6587028515293873	0.005852869738409685
ENSG00000184677	-0.41171033432064164	3.273917668435255e-05
ENSG00000184708	-0.21557223165711292	3.5618736887867264e-05
ENSG00000184719	-0.683283395710081	1.920600479333781e-10
ENSG00000184730	0.5140509752985096	8.265036175958501e-07
ENSG00000184731	-0.4295817955970982	0.2947540940488069
ENSG00000184743	-0.1533384728204581	0.008385189532764365
ENSG00000184752	-0.26617849505369406	0.00042083524792184364
ENSG00000184787	-0.07638566575529282	0.13947056286491852
ENSG00000184792	-0.8023505419042607	6.557723891594864e-07
ENSG00000184831	0.07125399992354176	0.325048612648295
ENSG00000184838	-0.05419163795078674	0.34776865646430866
ENSG00000184840	-0.9319517337456737	1.7359734552467427e-11
ENSG00000184863	-0.1764440140811061	4.5229449804755814e-07
ENSG00000184867	-0.780893974982181	8.954911171455997e-12
ENSG00000184897	0.27421941342056044	0.0007788299340251591
ENSG00000184898	0.39704487896649	0.1562276015417087
ENSG00000184900	0.8798246803533019	9.83251678970042e-07
ENSG00000184903	-0.7219092766516297	0.05289808230984702
ENSG00000184905	-1.266717404006691	0.0087203302373581
ENSG00000184922	0.485018481630231	7.3342957360015755e-06
ENSG00000184924	-0.3582224917760293	4.3301343964209795e-07
ENSG00000184939	0.21428508357422515	0.21821465251695182
ENSG00000184956	-0.16435428046762368	0.26209322127537305
ENSG00000184967	0.06406968007457081	0.24311703205074153
ENSG00000184979	-0.38591385496636477	0.2596020404716057
ENSG00000184983	-0.8279061240721006	1.742862689327471e-15
ENSG00000184985	0.5773615275688009	5.512307379870093e-07
ENSG00000184988	0.018116572454637492	0.8692008403285844
ENSG00000184990	-0.08817468247350035	0.3603220611916264
ENSG00000184992	-0.31917262041856276	0.0009890228733151468
ENSG00000185000	0.017161248468656964	0.634796520322461
ENSG00000185008	-1.886917266475649	0.004511228391583649
ENSG00000185009	-0.14993533035462647	0.0005155107298759038
ENSG00000185010	-0.23985885373364368	0.26844297370028747
ENSG00000185015	0.9092346082812846	1.3129706008276193e-14
ENSG00000185019	-0.15640304903701363	0.09847227812859888
ENSG00000185022	0.38563957478816846	7.824675097065194e-05
ENSG00000185024	-0.11914357291796662	0.06199640216678007
ENSG00000185033	0.46263830975217246	3.25695717858146e-07
ENSG00000185043	0.722256983187954	2.0589051580956496e-12
ENSG00000185049	0.06919209713686669	0.09981006570642194
ENSG00000185069	0.937535306574194	3.745067745696511e-06
ENSG00000185070	-0.5137196197752623	1.3982163070916248e-06
ENSG00000185085	-0.02575732693597388	0.8076697996316544
ENSG00000185088	-1.5756302056605627	6.151410543031233e-14
ENSG00000185100	-0.08606801142735421	0.03727797800711941
ENSG00000185101	-0.23991259108868945	0.3477563561681637
ENSG00000185104	-0.07860935637192057	0.005836479735187381
ENSG00000185112	-0.6077711585553693	0.3706293706293706
ENSG00000185115	0.3016130836672737	3.316149147569023e-06
ENSG00000185122	0.26256659541766325	3.184885569064941e-06
ENSG00000185127	-0.44050643962325964	3.426406395810179e-05
ENSG00000185129	-0.4885287431266363	1.4955459438392387e-14
ENSG00000185163	-0.19257642631001204	0.000843292921830281
ENSG00000185164	-0.33796420924808857	0.0006438620684388408
ENSG00000185187	-0.3798412309640433	0.000365089710221339
ENSG00000185189	-0.16916158156241323	0.03275290468097601
ENSG00000185198	-0.17401072781183835	0.734065934065934
ENSG00000185201	0.38052007033093105	0.00022393490128253275
ENSG00000185215	0.3501118465141815	2.3378217565983237e-05
ENSG00000185220	0.22500360561860333	0.553560371517028
ENSG00000185222	0.5302693322071477	0.020514843198764943
ENSG00000185236	0.7708066421732482	8.474987269649754e-10
ENSG00000185238	0.1740133531993493	0.0013596444701894168
ENSG00000185245	-0.02627471573881479	0.4089510678712567
ENSG00000185246	-0.2513236961893881	4.943781822735318e-08
ENSG00000185252	-0.3574722218149038	0.11188811188811189
ENSG00000185262	-0.27434910310644156	0.5147267547267547
ENSG00000185267	-1.6785073715121825	7.687689780771456e-08
ENSG00000185291	-0.21344984125204647	0.5166666666666666
ENSG00000185298	0.2061165887325167	0.08925897235629397
ENSG00000185305	0.130155751490598	0.15529713089661237
ENSG00000185324	-0.2769923464324293	0.19797740213612525
ENSG00000185339	0.019843168208808493	0.6997763456213827
ENSG00000185340	0.061950999000281115	0.22754621025344735
ENSG00000185344	-0.06766548983145881	0.4946106809186598
ENSG00000185345	0.0629917917394387	0.9971376112223409
ENSG00000185359	0.0410806439959579	0.1540910815352822
ENSG00000185386	-0.5330529089110083	0.1801874595992243
ENSG00000185404	0.1933106815332195	0.016946084517345188
ENSG00000185418	-0.17309402891491388	0.008385189532764365
ENSG00000185420	-0.05505299335830571	0.5189341243721339
ENSG00000185432	-1.6463580322219755	8.462510889210664e-17
ENSG00000185442	-1.5131900242265743	1.1757742541893852e-11
ENSG00000185453	-0.1533706263094956	0.7749766573295984
ENSG00000185475	0.5760134398163572	4.108875390305721e-07
ENSG00000185477	-0.49499714306475084	2.241243047612468e-10
ENSG00000185479	0.6176612870572846	0.0037022884168965288
ENSG00000185483	0.02030451256818111	0.6571713398062325
ENSG00000185499	1.0538506308968252	7.77841528560645e-15
ENSG00000185504	0.35710293718554453	0.002381838844052784
ENSG00000185515	0.11388454292144701	0.008081712636330219
ENSG00000185532	0.5315225418194522	2.9341987444544113e-10
ENSG00000185551	-0.1247865349984707	0.34128457670356505
ENSG00000185565	-0.2645101862190593	0.008385189532764365
ENSG00000185567	1.2172470108702207	1.487042497922845e-18
ENSG00000185585	0.013057416860405624	0.9354256049908223
ENSG00000185591	-0.20768253602550857	0.00012577206226189514
ENSG00000185608	-0.7727347167416596	1.0866727792180819e-13
ENSG00000185615	-2.3388006542663184	7.623680571659824e-13
ENSG00000185624	-1.378639854482902	1.437699799030889e-12
ENSG00000185627	0.07029511569669822	0.24480114164149636
ENSG00000185630	-0.6973590391548434	2.882654239738063e-10
ENSG00000185633	0.544944118028905	0.0005091587999345031
ENSG00000185650	0.018891207093933104	0.5311389029835243
ENSG00000185651	-0.4124006210215967	3.74180278278298e-06
ENSG00000185658	-0.5764886098678019	5.677740285697998e-08
ENSG00000185721	-0.0378311856553708	0.9022995804397109
ENSG00000185722	0.27199361375057407	1.121043973237294e-08
ENSG00000185728	-0.30928758654396304	4.264134615058708e-09
ENSG00000185745	0.7283086828400691	3.834905151788702e-10
ENSG00000185753	0.745695894398839	3.0681345203026564e-16
ENSG00000185761	0.06160227679399455	0.4041132545751147
ENSG00000185787	0.3553058226445529	1.0674952951496852e-08
ENSG00000185798	-0.712540921559647	0.001275698717300497
ENSG00000185803	0.11200456630203703	0.3770589785309785
ENSG00000185811	0.16527364101255415	0.0978098685093893
ENSG00000185813	-0.37990262218241355	1.5481978710213286e-11
ENSG00000185825	-0.38234802723683714	0.003463654997958133
ENSG00000185838	-0.07333853534833068	0.10625698168148012
ENSG00000185862	0.38483245239575936	0.00947174384612986
ENSG00000185875	-1.223427478548583	1.28390817715093e-17
ENSG00000185883	-0.2587938394317746	0.6216006216006216
ENSG00000185896	0.8613042202340111	1.3564453406374439e-14
ENSG00000185900	0.10535273541206891	0.15101489694567802
ENSG00000185909	-0.14865612785756	0.5247138684642256
ENSG00000185946	-0.5138709474340963	1.302634161174932e-06
ENSG00000185947	-0.0875850598132768	0.8989234057705906
ENSG00000185950	0.23137911714683312	6.306371015416039e-05
ENSG00000185963	0.3374917942116653	3.7157999876902094e-07
ENSG00000185973	0.2278708262239313	0.01779612367491983
ENSG00000185989	0.44387331465622637	4.872642505119865e-10
ENSG00000186001	0.12835012685384228	0.006540479524972878
ENSG00000186010	0.4835163340796349	3.931665494907052e-06
ENSG00000186049	0.573293528299196	0.0026706034791358795
ENSG00000186063	0.3665702878492425	1.9108578630682354e-07
ENSG00000186073	-0.16856735589256644	0.18781218781218784
ENSG00000186074	0.2283599369883227	0.2671089012521132
ENSG00000186081	0.43618193547847284	0.5672053631362719
ENSG00000186088	0.32608915355173806	0.12678699449704392
ENSG00000186106	-0.37690252632011223	0.01106286333131211
ENSG00000186111	0.06258979780475826	0.04249799885896208
ENSG00000186115	0.5262466673914865	0.033883728930168555
ENSG00000186132	0.001257973040068805	0.8581793302861076
ENSG00000186141	-0.1826752375478975	0.008282916537384844
ENSG00000186153	-0.7157973716845767	1.0964634998576643e-12
ENSG00000186166	-1.8903164988226155	0.023809523809523808
ENSG00000186174	-0.003527332670788752	0.3743109570458042
ENSG00000186184	-0.24010137481377924	4.054157607667979e-06
ENSG00000186185	0.5965296569169283	0.02334126052810291
ENSG00000186187	0.09572345739114141	0.39479475591430346
ENSG00000186198	0.029908075513464638	0.8636363636363636
ENSG00000186204	0.462542731673139	0.028762424108407812
ENSG00000186205	-0.8895846964743797	8.709619332653163e-10
ENSG00000186212	-0.039949214538861355	0.9885316107273451
ENSG00000186222	-0.03768843303695135	0.3480582523625969
ENSG00000186260	-0.41453586677972964	9.887304129733379e-14
ENSG00000186283	-0.11692157414840665	0.08146030810433107
ENSG00000186298	0.4376367086119153	6.869892612909052e-10
ENSG00000186318	-2.2559030845722283	3.694338574682581e-07
ENSG00000186340	1.6482073915490396	1.1522689870511138e-17
ENSG00000186350	-0.12989928288154573	0.11914110196807667
ENSG00000186377	-0.20704276972681157	0.14650110556136037
ENSG00000186416	0.11616331164986349	0.0042249267492923395
ENSG00000186431	0.7361781016327775	0.023605139182216957
ENSG00000186432	0.13420095460921644	0.00042083524792184364
ENSG00000186442	0.8810663745163367	3.424387617081017e-08
ENSG00000186468	-0.013644381124482408	0.8924215793833479
ENSG00000186469	0.15905171631423798	0.08606756787233902
ENSG00000186472	-1.1295098113622721	0.00473316023105617
ENSG00000186501	-0.38955219379580086	7.905949023869888e-05
ENSG00000186517	0.1497676119882385	0.03961518860817274
ENSG00000186522	0.1575825141316507	0.0009601402795520688
ENSG00000186529	0.49442113432044366	0.008409586207354651
ENSG00000186532	-0.3136281199337212	0.02180430406799296
ENSG00000186566	0.03141247706844297	0.3089507768671542
ENSG00000186575	-0.08315454920167298	0.024768428113664483
ENSG00000186577	0.22706948971897134	0.3151515151515151
ENSG00000186591	0.399700080358798	8.736288136953012e-06
ENSG00000186603	-0.8223961970338092	0.012121212121212121
ENSG00000186625	-0.35127583613607527	2.6696849213593386e-07
ENSG00000186635	0.3272883965312907	1.822126503893958e-08
ENSG00000186642	-0.5093613783196034	6.192365916744924e-06
ENSG00000186652	0.8159681891753365	8.42268871505386e-05
ENSG00000186654	0.9865598729981269	0.0004312136377174889
ENSG00000186660	-0.3726399266752658	0.17142857142857143
ENSG00000186666	-0.7162803090772201	7.107916460090185e-05
ENSG00000186687	0.2966644884163152	0.04991029628812757
ENSG00000186716	0.010470641323053087	0.8661657926479606
ENSG00000186812	-0.29291798454494256	0.16363636363636364
ENSG00000186815	0.19194190782796028	0.1766050993613747
ENSG00000186818	0.32491831771961444	0.24899591549139366
ENSG00000186832	1.249280523826421	4.372542773186054e-09
ENSG00000186834	0.2071694016695993	0.0011292229528491442
ENSG00000186847	0.952651842717529	0.0006916046919670043
ENSG00000186866	0.20918843303624257	0.00027813861262809966
ENSG00000186871	-0.31567914789827256	0.1628980349177952
ENSG00000186889	-0.44020353186965977	0.11788211788211789
ENSG00000186908	0.16150988157905033	0.06418643779151496
ENSG00000186918	-0.4977954740875674	0.00018012373185528584
ENSG00000186994	-0.7479445609481274	4.6111834539423895e-15
ENSG00000187017	0.43636688440482274	0.03918833975263899
ENSG00000187021	-2.4967043139733747	1.7591955130369096e-14
ENSG00000187024	-0.08885800334667593	0.6290558259190506
ENSG00000187051	0.4380117281704372	0.0021507339021050644
ENSG00000187079	0.6341291380043934	3.123120637207073e-05
ENSG00000187091	0.42949123437419345	8.557528120342254e-09
ENSG00000187094	-0.17695768260799483	0.41914520409725753
ENSG00000187097	0.301224874297386	0.023978150760798317
ENSG00000187098	0.6135423839691221	6.296354922877785e-07
ENSG00000187109	-0.037855710763199824	0.9254045333936776
ENSG00000187118	0.2034596503431345	0.11154992182331173
ENSG00000187122	-0.557890712070332	0.00024255800548386976
ENSG00000187144	1.0292166628149975	0.2787878787878788
ENSG00000187147	0.40880886109373904	2.6599252469511555e-05
ENSG00000187164	-0.5632417314165217	4.266698460659061e-13
ENSG00000187189	-0.262415430103502	0.20751633986928106
ENSG00000187193	-0.17185794015692935	0.2880616871856614
ENSG00000187210	0.31826075942739607	0.04662783288022396
ENSG00000187231	0.3469353342742423	7.920127153912821e-07
ENSG00000187239	0.2863980277264915	4.7494992087572944e-05
ENSG00000187240	-0.41685450778283695	2.754431230019588e-08
ENSG00000187244	-0.5559391950953518	1.8045080778444245e-10
ENSG00000187257	-0.3527894242491101	9.409299203549211e-10
ENSG00000187325	0.12712014739706845	0.29742496798459883
ENSG00000187391	-0.06103920728546086	0.9882191753708649
ENSG00000187479	1.0061926200482425	4.854785421040191e-12
ENSG00000187498	0.1409076582228721	0.1517003560238161
ENSG00000187514	-0.12097902444413222	0.014329452232439673
ENSG00000187522	-0.08203520344028803	0.2550777291440891
ENSG00000187531	-0.04122754393735306	0.6699110978085095
ENSG00000187535	-0.302845132532358	6.395391057057992e-06
ENSG00000187554	-0.09757703090833303	0.8518148518148518
ENSG00000187555	-0.015561115641435919	0.39942225587166313
ENSG00000187566	-0.25308762535178175	0.14680044575594703
ENSG00000187583	0.17317960378958475	0.04258395584112508
ENSG00000187601	-0.3471134017742372	0.006188128123971982
ENSG00000187608	1.0663205191069878	1.4476870074508557e-14
ENSG00000187609	-0.7363735796231197	0.0009325543010834571
ENSG00000187624	-0.3463585672948106	4.318119667004416e-05
ENSG00000187626	-0.07253160638397915	0.8118377535461077
ENSG00000187650	0.14214266804001952	0.6214981670032733
ENSG00000187664	-0.2086485800466651	0.7142857142857142
ENSG00000187676	0.3796427333940997	1.1658461491175536e-05
ENSG00000187678	0.46031797985397915	3.336841748692559e-06
ENSG00000187688	0.18376656224078758	0.04869392164943337
ENSG00000187690	0.4343889811569994	0.06938333878588682
ENSG00000187699	-1.2180333954893854	4.969079206851058e-10
ENSG00000187720	0.8404355077446581	2.1232472373164716e-10
ENSG00000187735	0.03475631384039346	0.6972191485395443
ENSG00000187736	0.07997090461414302	0.5175836184479519
ENSG00000187742	-0.620675055047581	5.022256946487476e-10
ENSG00000187758	-0.6224050666250243	1.9286546225756732e-05
ENSG00000187764	0.12782422310735342	0.10744532179696407
ENSG00000187778	-0.10552216242758661	0.3832271535056988
ENSG00000187783	-0.7333232675326897	0.015873015873015872
ENSG00000187796	0.3719460843912117	0.001003840852444523
ENSG00000187800	-0.463518972620264	0.020099701480798697
ENSG00000187808	-0.13375866192659913	0.6608058608058608
ENSG00000187837	0.14626580874379513	0.24311703205074153
ENSG00000187838	-0.04668534149654491	0.4632416705653962
ENSG00000187840	-0.4412715605304527	2.9341987444544113e-10
ENSG00000187866	-0.052473249512328124	0.9796177621150443
ENSG00000187867	-1.2203420376116263	1.2019619156004651e-14
ENSG00000187908	1.0023678944794696	1.2345515282026393e-05
ENSG00000187954	0.14841791431494755	0.04159290828685529
ENSG00000187955	0.5290762107780758	8.935388433351234e-05
ENSG00000187961	0.8508849783222558	0.025472788081483733
ENSG00000187994	0.23028004056923024	0.027718405422932177
ENSG00000188015	0.6269573831776114	1.2354894302169186e-06
ENSG00000188021	0.4233235522172123	1.9541662749571786e-07
ENSG00000188026	-0.0006379246844723241	0.7628878110306341
ENSG00000188042	0.6195722407121913	7.623542230467935e-09
ENSG00000188060	-0.20998179162853958	0.23572905281635181
ENSG00000188070	0.5048710948780979	0.04591148241087097
ENSG00000188112	0.10374029091190096	0.06804496118740275
ENSG00000188130	0.1762698054330194	0.07590964593087078
ENSG00000188157	0.203191163229814	0.002400311303335485
ENSG00000188158	0.8318727497526979	7.547820876178642e-13
ENSG00000188167	0.024536150628279074	0.5977271680067527
ENSG00000188177	-0.22187355999713887	0.3095886910580907
ENSG00000188186	1.0138850083309947	6.243752417970208e-13
ENSG00000188191	-0.37434254444880466	0.00011359084008403806
ENSG00000188211	0.6805884060248708	0.21208791208791208
ENSG00000188215	0.018328307859533766	0.5475194151849714
ENSG00000188229	-0.8924785622448397	1.0443786090645707e-09
ENSG00000188243	0.35512253045660813	5.010429091639421e-05
ENSG00000188257	0.08341059286206232	0.7126713286973583
ENSG00000188266	0.062943995746096	0.5738562091503268
ENSG00000188305	0.21920927840327664	0.4476638847165251
ENSG00000188313	0.7296971384448767	8.150585395049144e-11
ENSG00000188338	-0.8292237283488753	0.013986013986013986
ENSG00000188342	-0.02216609710934847	0.6788414709297976
ENSG00000188343	-0.06461370786875875	0.8580110310589809
ENSG00000188352	-0.6153981992834865	6.504152450472385e-12
ENSG00000188403	1.3068310772278338	0.0001378312057709696
ENSG00000188404	0.31617492203596953	0.00020226599932469973
ENSG00000188419	0.05228803375916158	0.38106073709969945
ENSG00000188428	-0.5535935262813538	3.2093927353101693e-09
ENSG00000188486	-0.41045790833727125	4.50122902612172e-08
ENSG00000188488	0.17264647359916907	0.06679789287974919
ENSG00000188505	0.4780903676302941	0.10860400723090165
ENSG00000188522	-0.0405796303814121	0.584591395074439
ENSG00000188529	0.6050810397908428	3.479084344743694e-07
ENSG00000188549	-0.13737143669150598	0.19489626898144663
ENSG00000188554	-0.02206892767545554	0.8383062893434086
ENSG00000188559	-0.3723693715751253	5.756849949727945e-09
ENSG00000188566	0.20511803114270677	0.022673712700662815
ENSG00000188573	-0.6716235158541792	1.2345464814763598e-06
ENSG00000188611	-0.3115230762296193	0.2563261958764208
ENSG00000188612	0.7552157490773226	6.155630684396982e-09
ENSG00000188641	0.4325132700891068	4.0450082110683707e-10
ENSG00000188643	0.8565026319999802	1.1082102382963453e-19
ENSG00000188647	-0.1901676176094007	0.011337460890801475
ENSG00000188677	0.2022747284070121	0.004280709984384025
ENSG00000188690	-0.05624427284367073	0.6941434813912064
ENSG00000188725	-1.1279131775015045	1.2285594623039267e-06
ENSG00000188732	-0.3151922125859521	0.0007757391154353211
ENSG00000188735	-0.5785513724099864	0.0006315223803912057
ENSG00000188739	-0.10919090917063912	0.1491059298289038
ENSG00000188747	-0.03208001265997851	0.7895218454349839
ENSG00000188761	0.061255038274065754	0.7002997993655812
ENSG00000188783	1.0817573957262816	8.042403576100247e-10
ENSG00000188786	0.32738658355737016	0.020511672976824158
ENSG00000188807	-0.011421517514705215	0.23651430162081788
ENSG00000188811	-0.8647769383227768	1.3341165010888142e-16
ENSG00000188820	-0.17528555283784542	0.6808401848637116
ENSG00000188827	-0.05808746238644247	0.8659700722394221
ENSG00000188846	-0.5457127945320224	1.7599598657502557e-06
ENSG00000188895	-0.22484381643337414	0.0005075763294231053
ENSG00000188897	-0.01931801296879243	0.6179450021234718
ENSG00000188906	-0.3163585394398858	6.028597713722258e-05
ENSG00000188910	0.3940320492563707	0.4156583686544605
ENSG00000188917	-0.35184450790572797	0.017284805370886662
ENSG00000188921	0.2197106288371593	0.07045634237564415
ENSG00000188959	-0.21334627837818232	0.136028541851013
ENSG00000188976	0.11051530577925917	0.0891551179147218
ENSG00000188986	-0.07672403664215821	0.03578591966443022
ENSG00000188994	-0.35497792811626994	0.0007041784239792874
ENSG00000188997	-0.14934353630221509	0.10776426838165826
ENSG00000189001	0.16686833123765155	0.37109336952269756
ENSG00000189007	-0.30211460601929474	8.746610929835133e-05
ENSG00000189043	-0.261569866856842	0.026987028458235883
ENSG00000189046	0.9579981800256689	0.059373925008599934
ENSG00000189050	-0.667234131172453	0.001945494859698857
ENSG00000189057	0.3915034111892197	0.2374751893044208
ENSG00000189058	0.6959892639280412	1.9417558441613862e-09
ENSG00000189060	-0.018429377758202747	0.8924215793833479
ENSG00000189067	1.2997811590858035	8.526570819971305e-13
ENSG00000189068	0.31410421088834894	0.4281419661686185
ENSG00000189077	0.7415492677638404	4.933712389423539e-07
ENSG00000189079	-0.06530212072194175	0.2348186692192349
ENSG00000189091	0.12851039571711098	0.00010429879933316817
ENSG00000189114	0.07955698899760932	0.5700275779189713
ENSG00000189120	0.5256415480104728	0.023594675401788424
ENSG00000189129	0.02186081495414527	0.8628935688997994
ENSG00000189159	0.8936547561448371	2.0971740374049988e-16
ENSG00000189171	0.2114840869481931	0.0029871884988552358
ENSG00000189184	0.0585956601259241	0.3679466834017059
ENSG00000189195	-0.5792857150808501	1.1363304719044067e-09
ENSG00000189221	-0.6873634342381365	7.563952431131469e-09
ENSG00000189241	-0.0317146836486657	0.28258943232949896
ENSG00000189283	-0.3080948932786072	1.1883319780692162e-05
ENSG00000189298	-0.02308046334487912	0.7468135579590688
ENSG00000189306	-0.23577813871738584	0.009524895165591313
ENSG00000189308	-0.12438884561124297	0.037021857548572824
ENSG00000189319	-0.2919225060478823	0.0009627019807207516
ENSG00000189320	0.8795129893658071	9.633721431444326e-06
ENSG00000189325	-0.5334948373755672	0.346919279037574
ENSG00000189334	1.4079726100839096	1.575509849179583e-15
ENSG00000189337	-0.16150833308659784	0.4494123008054896
ENSG00000189367	-0.7264437764911591	1.9571241109917823e-06
ENSG00000189369	-0.4202553439790364	3.072008649237774e-09
ENSG00000189377	-0.5942955333335398	0.030598505201827317
ENSG00000189403	0.0611330090162312	0.33538203641284214
ENSG00000189409	0.1643855323122878	0.13387762470296682
ENSG00000196072	-0.008296107964266497	0.22354099548959694
ENSG00000196083	0.7386882034324493	9.287860809723616e-13
ENSG00000196091	-4.1893734349248	0.047619047619047616
ENSG00000196092	-0.8836218358984347	0.032559339525283795
ENSG00000196110	-0.24203595951220436	0.8251748251748252
ENSG00000196116	0.18101579678854662	4.501488193403292e-05
ENSG00000196126	0.2512230034414529	0.022462983043118893
ENSG00000196136	0.8226133222950658	1.575028328707128e-10
ENSG00000196139	0.0626173500797158	0.5559839447688562
ENSG00000196141	0.5546569108685837	2.1318034759651873e-15
ENSG00000196151	-0.11247447163398405	0.01783449267070801
ENSG00000196154	1.0783321542914948	2.031750107713592e-13
ENSG00000196159	0.07066099084815036	0.30763676728467626
ENSG00000196177	-1.1050612324764089	1.1153404301644677e-14
ENSG00000196187	0.3989230337710232	1.2112313702605198e-05
ENSG00000196188	1.404357905304586	7.858827983203558e-13
ENSG00000196189	0.20926322571549605	0.14464886699928028
ENSG00000196199	0.14614391562074758	0.002271114566460635
ENSG00000196208	-0.38936466338397224	0.019374416433239963
ENSG00000196220	0.26025701026459913	0.03604977025529863
ENSG00000196230	0.3417543139390382	6.88464693379791e-05
ENSG00000196233	-0.10293939413738684	0.7671749664094203
ENSG00000196235	0.09942490938953696	0.00818176106476094
ENSG00000196236	-0.7721524451149548	7.745491022271381e-12
ENSG00000196260	0.8479831509258737	0.0025006300268669082
ENSG00000196284	-0.3800095683569289	0.00856758196553507
ENSG00000196290	0.09077355138707688	0.22354099548959694
ENSG00000196305	-0.19789038417624383	0.009133287549131033
ENSG00000196313	0.09930112822070214	0.11267376305929924
ENSG00000196344	-1.475556972363961	3.629755968026864e-09
ENSG00000196345	-0.09440522186507394	0.7301587301587302
ENSG00000196352	1.5399156642715006	1.432955020585517e-18
ENSG00000196363	-0.014483858320147647	0.5928428890472028
ENSG00000196365	-0.5468361341246961	4.597464540109569e-09
ENSG00000196367	0.00345781149006541	0.7002997993655812
ENSG00000196368	-1.3185084887493943	1.3881211245598257e-06
ENSG00000196371	0.5795917866139391	0.006524086411651891
ENSG00000196396	0.3840712250176743	5.300950156702682e-12
ENSG00000196405	0.4341821665063037	6.765121136346148e-05
ENSG00000196408	0.30732119497121957	0.12920412920412921
ENSG00000196411	0.27379696093259653	0.003589607117068514
ENSG00000196415	0.5807348568201505	0.0007006116699657148
ENSG00000196419	0.048094836983388234	0.5284135092144231
ENSG00000196422	-1.4106719660084366	0.001508220248849934
ENSG00000196428	-0.053572419278278716	0.9717841950737485
ENSG00000196440	0.024181083590612218	0.6312929280049928
ENSG00000196449	0.10474093019134045	0.18922508163773788
ENSG00000196455	0.03061710680698937	0.1059546385742911
ENSG00000196465	0.2616555180484781	9.080910264180866e-06
ENSG00000196470	0.16824031631411884	0.252585718952976
ENSG00000196497	-0.33990354527028543	8.053124667906289e-08
ENSG00000196498	0.10164403444278136	0.002433644874424393
ENSG00000196502	-0.39420145669943096	4.5827608667782646e-05
ENSG00000196504	0.15591696732545657	0.00012365980924548703
ENSG00000196505	-0.2053490924501915	0.0005923058335298057
ENSG00000196507	-0.8813256691047293	2.449126941226278e-17
ENSG00000196510	0.21325328470894078	0.00011554061118889857
ENSG00000196511	0.35025696477036306	6.306371015416039e-05
ENSG00000196526	0.8918351613498601	6.752682166995555e-16
ENSG00000196531	-0.07543489571805395	0.14933798398821427
ENSG00000196535	0.04649795630169962	0.20961766726231923
ENSG00000196544	-0.12367019037036542	0.006791586582560762
ENSG00000196547	-0.06327344100427723	0.41300034034090916
ENSG00000196549	0.44715223707359186	0.002753272310075276
ENSG00000196562	0.9410681318280787	6.151410543031233e-14
ENSG00000196565	0.04344169946132226	0.8584537625204081
ENSG00000196569	-0.442011453358095	3.497895805038764e-05
ENSG00000196576	0.15454798440229212	4.501488193403292e-05
ENSG00000196586	0.2052129290789395	0.0004695839932845348
ENSG00000196588	-0.020226195147344583	0.7171791200736432
ENSG00000196591	0.21988961586679423	3.3731994039604515e-05
ENSG00000196604	-0.0694849855874935	0.8205884177943333
ENSG00000196611	0.9136723906550976	1.234993980326269e-06
ENSG00000196616	-1.0090811671172162	5.562762843404846e-10
ENSG00000196620	0.4010668726929918	0.5714285714285714
ENSG00000196628	0.44677836463207043	7.423042463749726e-05
ENSG00000196636	-0.40706969143430527	4.689619251240219e-05
ENSG00000196642	-0.35247451751449077	2.4433471683292988e-11
ENSG00000196655	0.2159872129145448	0.02346352997583448
ENSG00000196663	-0.26759988102386956	0.0013842167729265708
ENSG00000196664	-0.04145234994803815	0.5268107210829347
ENSG00000196666	-1.3611703779875235	0.0004887230992669663
ENSG00000196683	0.5260375025753774	0.017894636936873477
ENSG00000196684	0.1352664517079809	0.4667255237480976
ENSG00000196700	-0.45172926099782273	3.0960030404015684e-10
ENSG00000196704	0.18055286887507194	0.03409143265380505
ENSG00000196712	0.006665368124533444	0.452588885144776
ENSG00000196715	0.6679556161409792	3.452592349739142e-06
ENSG00000196730	0.31302753466831135	5.993649650802615e-07
ENSG00000196735	0.4767079092281712	0.05337589285559172
ENSG00000196739	0.3623352986398416	0.6303030303030304
ENSG00000196743	-0.011317124027328873	0.9684663264600076
ENSG00000196754	1.6250985296891542	2.162798515400269e-06
ENSG00000196776	0.49920002329155366	8.432918068740771e-08
ENSG00000196781	-0.1264549213134991	0.02333952953552584
ENSG00000196782	-0.08722206004929944	0.9235708319241821
ENSG00000196792	0.1204972599626224	0.004876404492564625
ENSG00000196814	-0.3204393896579347	0.044830926285548536
ENSG00000196821	-0.1290693746664644	0.16694015337274526
ENSG00000196834	0.03719699543570698	0.5042096019644626
ENSG00000196839	0.0964425703565368	0.18094778971185344
ENSG00000196850	0.34698150205992206	0.001525548187682654
ENSG00000196865	-0.45770845575751196	7.29614164911367e-11
ENSG00000196872	-0.394702483757154	0.0002769364602964825
ENSG00000196878	1.4435488107403032	1.5621421751414366e-19
ENSG00000196911	-0.20699188336113927	0.0913312693498452
ENSG00000196914	-0.1037162830587981	0.00038895412229609074
ENSG00000196923	1.0548947358250658	3.143664899233129e-17
ENSG00000196924	0.8105636049880793	1.575509849179583e-15
ENSG00000196935	-0.05364708800117768	0.09501669999864787
ENSG00000196937	-0.08498406392180158	0.2036352950282595
ENSG00000196943	0.2660411703140362	6.41821535503436e-05
ENSG00000196950	0.19027803878703153	0.00957734921046381
ENSG00000196954	0.28387120288866186	3.08495471000556e-08
ENSG00000196961	0.7576405676486289	8.946924561069272e-18
ENSG00000196968	0.4312973014535153	5.4887022237625975e-08
ENSG00000196975	-0.19380715904875245	0.05748412337153596
ENSG00000196976	-0.35189448990017524	1.5219899362933755e-06
ENSG00000196998	0.021593708504408227	0.8205884177943333
ENSG00000197006	0.4107958160888252	2.9092996233881043e-05
ENSG00000197043	0.39184115804024344	1.7978721711052298e-09
ENSG00000197045	0.18577978307950715	0.01042961125586247
ENSG00000197056	-0.18769188042139362	0.45205584849260283
ENSG00000197057	-0.2948318018360929	0.1111111111111111
ENSG00000197062	0.12285009422188509	1.0
ENSG00000197063	0.28900360457373964	0.006152636324925388
ENSG00000197070	-0.023772236963520044	0.7220000578139896
ENSG00000197077	-0.11448309182097205	0.0038525476813689027
ENSG00000197081	0.22960571895768567	8.404185383975579e-06
ENSG00000197093	0.5739290758825675	0.00015583587703509939
ENSG00000197102	0.12128694354076686	9.572744988615487e-05
ENSG00000197111	-0.016985603614283917	0.810894688181772
ENSG00000197114	-0.3454523567720642	0.00036903088240772654
ENSG00000197119	-0.10329710866307806	0.323808264887261
ENSG00000197121	-1.3630904916341677	2.2681939654304972e-13
ENSG00000197122	0.47490747548406986	9.218104299996282e-12
ENSG00000197136	-0.01897045269130615	0.5161947235421083
ENSG00000197142	0.8150009762716088	8.9895275192236e-09
ENSG00000197147	0.227509199064567	0.9546453546453546
ENSG00000197150	-0.61843131318426	1.9120868183719326e-08
ENSG00000197157	-0.7429556513038769	2.1212198691205586e-12
ENSG00000197165	-0.02387966770450234	0.3926861619697156
ENSG00000197170	0.021057415084086983	0.7470761936774952
ENSG00000197183	-0.2381241571442203	0.011110287207998887
ENSG00000197191	-0.027420151322600006	0.5476190476190476
ENSG00000197217	-0.36566533341991203	0.00622442417486492
ENSG00000197223	0.003699353293029617	0.7018252112347019
ENSG00000197226	0.10991020747355051	0.006063166463496028
ENSG00000197249	0.6936685118563943	2.9951362983196543e-09
ENSG00000197256	0.41354778726667973	1.5761561594237114e-08
ENSG00000197265	-0.35603913209581606	7.689918847496401e-08
ENSG00000197273	-0.2981027487511021	0.569618143531187
ENSG00000197275	1.0177514419461033	0.1090909090909091
ENSG00000197296	-1.1867971100279249	1.2120676700490858e-06
ENSG00000197299	-0.36852567312955387	0.047688548134069274
ENSG00000197312	-0.13952338395837316	0.024239111920894493
ENSG00000197321	0.3305312431065879	8.624388059811647e-07
ENSG00000197323	0.054963183044453245	0.21265613414421458
ENSG00000197324	-0.014885172409030645	0.719957222328971
ENSG00000197343	0.20079389881562193	0.33406634608272323
ENSG00000197345	-0.33804364201557746	2.1708003374063588e-05
ENSG00000197353	1.3572063399111283	0.012177673943642376
ENSG00000197355	-0.16190784747018938	0.02103174177885824
ENSG00000197380	0.12585603049505423	0.2136207303090525
ENSG00000197381	0.07037489880681136	0.6367111788948137
ENSG00000197386	0.13587295646721032	2.3814489591179e-05
ENSG00000197405	0.30956107306576897	0.06772197461157799
ENSG00000197416	-0.20391051065017507	0.1814920774781169
ENSG00000197442	0.15868108979430318	0.0020602480585370764
ENSG00000197444	-1.288018745239782	4.09039671677123e-17
ENSG00000197448	0.03030152892210225	0.9651490035971579
ENSG00000197451	0.0003648018482174109	0.9386369415660587
ENSG00000197457	0.5274065368478151	0.15423585702223472
ENSG00000197461	-0.625327039584036	5.607047664267587e-06
ENSG00000197471	0.32431308465965714	0.04343991747826939
ENSG00000197496	-0.24617486331272787	0.33014038402555046
ENSG00000197498	-0.14098488791672992	0.13574927537929105
ENSG00000197506	-1.3491754158558074	0.048484848484848485
ENSG00000197530	-0.10897803684001772	0.05024538446980325
ENSG00000197535	-0.09231086370323638	0.03194282604095981
ENSG00000197540	-0.321849669979386	0.05225131938997628
ENSG00000197548	0.09533205920872945	0.004813628768105611
ENSG00000197555	0.02393361146213735	0.38560183556534267
ENSG00000197561	0.7537635605998148	0.0005923058335298057
ENSG00000197563	-0.5464709656488971	0.0037581052192147218
ENSG00000197579	-0.015507790447777836	0.5845352071439027
ENSG00000197586	0.5858885851624649	0.0073033261887751055
ENSG00000197594	-1.0241566806950715	2.0898598604332573e-07
ENSG00000197601	0.10324607713706513	0.09317966167782914
ENSG00000197614	0.36248304891784855	5.1918695317060845e-05
ENSG00000197622	0.3945137867229107	0.009223587098975314
ENSG00000197629	0.5063620794145898	0.011748225153124623
ENSG00000197632	0.6925412538471143	1.4371643125170013e-05
ENSG00000197635	0.26991940681435267	0.020346399575031586
ENSG00000197641	0.009033054841884436	0.9047619047619047
ENSG00000197694	0.12985378057345542	0.0016914139109255885
ENSG00000197702	0.709668249629118	1.4013357117181946e-14
ENSG00000197712	0.040913348777863234	0.47544072466747456
ENSG00000197713	0.42255894265046123	1.209345000059816e-06
ENSG00000197714	-0.05381286129734164	0.8778134800624278
ENSG00000197724	-0.19195477301113328	1.2878708420246216e-06
ENSG00000197728	-0.2563788263336164	0.10328547703551974
ENSG00000197746	0.30053185487875567	3.0125308146470174e-08
ENSG00000197747	0.5979949649465652	6.539467537410818e-08
ENSG00000197756	-0.40232966520911617	0.016819071503882333
ENSG00000197763	-0.28870211825762837	3.7284120375365605e-08
ENSG00000197766	0.5929536378038129	4.597464540109569e-09
ENSG00000197771	0.35669314659573814	2.6114044552860266e-08
ENSG00000197785	-0.6402848561118404	1.5808317249599164e-09
ENSG00000197798	0.18574192004891543	0.00025652136753815833
ENSG00000197818	-0.3783699498322335	0.011176713014480578
ENSG00000197822	-0.39349361724367427	0.0003063315864266897
ENSG00000197858	-0.2059806266603914	0.01120361448808276
ENSG00000197859	0.8298559007381279	5.556548481826914e-08
ENSG00000197860	0.2187123077360269	0.0021185847198723737
ENSG00000197872	0.1394803167943941	0.04646340637424083
ENSG00000197879	0.16783433979547624	0.00014637374090449847
ENSG00000197885	-0.10498386800209047	0.16582263059265634
ENSG00000197888	-0.0735735025108788	0.6921945313303487
ENSG00000197892	0.3687877844716425	9.357127731003617e-11
ENSG00000197894	-0.021782721866497212	0.3089507768671542
ENSG00000197912	-0.5826742695698108	3.486114255824797e-09
ENSG00000197915	0.8799553859220381	0.4121212121212121
ENSG00000197930	0.6630650088699319	4.0450082110683707e-10
ENSG00000197943	0.42094368178828034	3.150800761763588e-09
ENSG00000197948	0.1284174933690494	0.011609419646416487
ENSG00000197956	1.4096813419718117	3.8758987591951565e-19
ENSG00000197958	-1.000443759421188	2.605939737437246e-15
ENSG00000197959	-0.28550838885797347	0.002487169075163631
ENSG00000197965	0.2005359683836332	0.004813628768105611
ENSG00000197969	-0.21194514444632517	1.1658461491175536e-05
ENSG00000197971	-0.4013863114853109	9.679279642059962e-08
ENSG00000197976	-0.33471595087134176	3.399166601654372e-09
ENSG00000197982	0.17832007588692633	0.026416874806732302
ENSG00000197993	-1.0404571257559692	0.012121212121212121
ENSG00000198000	-0.1659992795347165	0.00013917710402728414
ENSG00000198001	-0.2576257017466901	3.834905151788702e-10
ENSG00000198015	-0.2886934713503351	2.9140330098211842e-06
ENSG00000198018	-0.05204194884221991	0.6243843363375636
ENSG00000198034	-1.212644714073118	3.4305668293063134e-11
ENSG00000198042	-0.3814892229530358	7.3342957360015755e-06
ENSG00000198053	-0.09398195871505166	0.17176035732497252
ENSG00000198055	0.29015050576569124	0.004629664681692187
ENSG00000198056	-0.2846113476673793	0.006697937578489054
ENSG00000198060	-0.7974746694891763	8.359699456339028e-10
ENSG00000198074	0.3371607639011813	0.2638677282617371
ENSG00000198081	-0.17653334000267762	0.05824972843529317
ENSG00000198087	0.16613875661072441	0.003955776292643816
ENSG00000198093	-0.5034860076744891	0.14165259405197483
ENSG00000198099	-0.5999963270325708	0.0003928102944361164
ENSG00000198108	0.6376634990811176	0.004987483927887305
ENSG00000198113	0.5108673005816264	4.806789024316325e-08
ENSG00000198121	-1.3838459552418847	1.4997038048305322e-06
ENSG00000198130	-1.0590617190599438	1.5481978710213286e-11
ENSG00000198142	-0.06152851077467858	0.14469760020468053
ENSG00000198157	-1.1606217718333376	1.751000228925426e-19
ENSG00000198160	0.07720456748175408	0.04335354415938274
ENSG00000198162	-0.7439124261906613	2.1232472373164716e-10
ENSG00000198168	-0.4718984608815795	3.595377757313906e-06
ENSG00000198171	-1.1860606695275635	2.0601404134436248e-11
ENSG00000198176	-0.0979620935581984	0.19147931441640487
ENSG00000198189	0.13243201523235726	0.06804496118740275
ENSG00000198198	-0.5015929995515656	5.681296596059213e-11
ENSG00000198203	0.3993259367546145	0.04927649173379901
ENSG00000198218	0.1250978898266375	0.0033721865233752313
ENSG00000198231	0.048835768102083676	0.24990253421496988
ENSG00000198242	-0.940666919221556	1.573113079003721e-12
ENSG00000198246	0.16862227617545145	0.9133622858444825
ENSG00000198252	-0.2853514789155014	0.1704181223248704
ENSG00000198258	0.0376990862261799	0.32300705533788265
ENSG00000198265	-0.2504407902249035	4.827770466202874e-07
ENSG00000198276	-0.8498072877254366	7.28345316228851e-15
ENSG00000198286	0.5009052243829402	1.332007243709466e-07
ENSG00000198301	-0.23919076872635614	1.079898435289987e-05
ENSG00000198315	-0.6827015662982454	0.008480546051760445
ENSG00000198324	0.4116015560392299	0.01973242620324845
ENSG00000198336	0.26111962489251894	0.09413489656246997
ENSG00000198353	-0.004995296720316844	0.8874476051803057
ENSG00000198355	1.389918428078328	0.031932773109243695
ENSG00000198356	0.030349961417154958	0.21418724018321178
ENSG00000198363	0.8693972820636588	6.164519422377653e-17
ENSG00000198373	-0.19473163833384532	0.0020214633006664443
ENSG00000198380	-0.33053979639513287	0.005762632951682746
ENSG00000198382	0.079551451452609	0.029686056405322115
ENSG00000198399	-0.03273843664225495	0.09152883841791189
ENSG00000198408	0.10099408238173879	0.007788105976988035
ENSG00000198417	-0.9423211879866393	7.795676048586869e-08
ENSG00000198420	0.06080379313338469	0.21418724018321178
ENSG00000198431	0.33489539365260157	4.83362974442594e-09
ENSG00000198453	-1.7159108588141372	2.79319720614685e-05
ENSG00000198467	0.9943153564189267	4.2956626405280014e-11
ENSG00000198478	0.16664944322801034	0.07322609183061429
ENSG00000198483	0.21232123909793899	0.25719533332497324
ENSG00000198492	-0.2067312744362617	1.9115916615521564e-06
ENSG00000198498	-0.32449330926829134	6.029237501866567e-06
ENSG00000198502	0.7580741272329732	3.1165471032598095e-07
ENSG00000198513	-0.007547452288662271	0.5393576392091797
ENSG00000198517	-0.1325498829509968	0.3899138920903914
ENSG00000198522	0.26198011808635613	0.24784815771251656
ENSG00000198542	1.1783835755096241	1.472841559091831e-15
ENSG00000198546	-0.5327818660229244	0.09680082559339526
ENSG00000198554	0.5038324900272428	3.708538839609943e-05
ENSG00000198561	0.07332632647973725	0.05803277850896941
ENSG00000198563	0.13044284974506226	0.0004997558936205646
ENSG00000198569	1.4674802941064229	3.1682296397030827e-07
ENSG00000198585	-0.020049571703363966	0.9154935511573614
ENSG00000198586	-0.22489300052503225	0.00764766209184302
ENSG00000198589	-0.34651595770318266	3.3919140830351274e-08
ENSG00000198604	0.3981988844281368	8.042403576100247e-10
ENSG00000198610	-0.3298273530140712	0.016731293815457807
ENSG00000198612	0.3261150082689923	1.905493613378797e-05
ENSG00000198624	-0.8087246448716101	0.0015487262747657282
ENSG00000198625	0.0013809474660284593	0.9483372483499037
ENSG00000198642	-0.2606717769134512	0.0042578942878985495
ENSG00000198643	1.1006221159876297	3.556324346460857e-07
ENSG00000198646	0.014496178234796986	0.225127936873455
ENSG00000198648	0.00026910680527691966	0.7502302540546053
ENSG00000198663	-0.4869444365294697	8.72863940228916e-05
ENSG00000198670	0.3790512384927851	0.14241923395062991
ENSG00000198677	-0.343518142899498	6.347939671162313e-10
ENSG00000198680	-0.6635116870725781	0.0005599517616265727
ENSG00000198682	-0.16283544336555167	0.0005235606163555128
ENSG00000198689	0.1226484879505172	0.15231431182292396
ENSG00000198690	1.2087873144653472	0.006408260620075477
ENSG00000198692	-0.5730263847616577	0.01386941666758765
ENSG00000198700	0.2614066931486967	7.198759728593999e-09
ENSG00000198707	-0.1269276680549929	0.1420027270605982
ENSG00000198712	-0.3911488060117385	0.002642701485909135
ENSG00000198715	-0.17962273250682514	0.14511374231984603
ENSG00000198718	-0.005278256852434993	0.8367253474976617
ENSG00000198721	-1.1475465024462324	2.326959976120838e-16
ENSG00000198722	-0.25184332146391597	8.631950963235408e-05
ENSG00000198727	-0.1272885099721357	0.5355521155830754
ENSG00000198728	-0.054599611092402967	0.9168427490658788
ENSG00000198729	1.333481685307742	1.9581861040232057e-09
ENSG00000198730	0.11564789425436928	0.0010492162160453931
ENSG00000198732	0.04559413193170059	0.6067763517908837
ENSG00000198734	0.17459754334914024	0.1992307703577707
ENSG00000198736	0.26724294673360305	0.15024047841863294
ENSG00000198740	-0.26763633876276316	0.0009530712490602378
ENSG00000198742	-0.1278692361753393	0.5387301192811009
ENSG00000198743	0.006169636302619352	0.8868468102022675
ENSG00000198752	0.4355825605932324	3.143664899233129e-17
ENSG00000198755	-0.4454937479245977	0.002829316917970812
ENSG00000198756	0.30468688881567374	0.12518558898003276
ENSG00000198758	1.0442078989826413	3.029716041246893e-12
ENSG00000198763	0.24428345665637963	0.09739104570281643
ENSG00000198771	0.19975277758032917	0.009587023364790864
ENSG00000198780	-0.6749575665337275	1.48660034030448e-10
ENSG00000198783	-0.18337601408742898	5.152362718978593e-07
ENSG00000198786	-0.9295079292037123	1.1344062110837854e-10
ENSG00000198788	0.26065073985242293	0.46502287495094696
ENSG00000198791	-0.12285385593444431	0.006791586582560762
ENSG00000198792	0.1050198559620874	0.787424153830551
ENSG00000198793	0.12244366348678781	0.002642701485909135
ENSG00000198795	0.41341438827240395	0.1555441627729621
ENSG00000198796	-0.9901680560021333	0.6460892049127342
ENSG00000198799	-0.03722207304660152	0.7848739495798319
ENSG00000198804	-1.5553495278196827	3.524187887095519e-05
ENSG00000198805	0.34132923853081465	2.1814659568249015e-10
ENSG00000198814	-0.19601694283835513	0.11137696930726607
ENSG00000198815	-0.192457434724723	0.000429123566988075
ENSG00000198816	-0.2850370003989582	0.18015184708899556
ENSG00000198818	0.274157064128028	0.43956043956043955
ENSG00000198821	0.049204370566069855	0.7433172325089499
ENSG00000198824	-0.130536165370998	2.3814489591179e-05
ENSG00000198825	0.2901280961192114	7.514316276030443e-08
ENSG00000198830	-0.8152337973183066	7.0477310790861706e-15
ENSG00000198832	0.6078574574496329	1.9108578630682354e-07
ENSG00000198833	-0.501259346059399	2.8725987579669927e-08
ENSG00000198836	0.21215314992990741	2.091611026827857e-05
ENSG00000198837	-0.07977786458654634	0.25856898446438614
ENSG00000198838	-0.4663252984350912	0.0012199581354458945
ENSG00000198839	-0.3031634403225656	0.06766698578533031
ENSG00000198841	-0.14032390361124314	0.014785092994789096
ENSG00000198842	-1.2859359642630395	0.00023824505702752175
ENSG00000198843	0.0020740519216424502	0.940141224778398
ENSG00000198844	-0.3079513053275704	0.015853071093192804
ENSG00000198846	-0.14147856535407044	0.8868468102022675
ENSG00000198848	0.11026378319789032	0.1565103332524165
ENSG00000198851	-0.01022638778861662	0.8204100902065972
ENSG00000198853	-0.03339211927249508	0.8382564863858263
ENSG00000198855	-0.9613101041582937	0.011867351987492097
ENSG00000198856	-1.0442907751315431	0.00034907819769577073
ENSG00000198860	-0.5656074546366945	4.447046791452446e-09
ENSG00000198862	-0.3796580121062867	2.4896015083961752e-08
ENSG00000198863	-0.09154507350404018	0.6422113993999243
ENSG00000198873	-0.051131297955823385	0.7780250867882129
ENSG00000198874	0.060840374430668476	0.9805613362197299
ENSG00000198879	0.8627407713643684	0.7272727272727273
ENSG00000198886	-1.705979666346849	0.000666000666000666
ENSG00000198887	0.09102670743263985	0.007884895380238607
ENSG00000198888	-0.5252650645571286	6.745541420327301e-05
ENSG00000198889	-0.139770737823099	0.6646026831785345
ENSG00000198890	-0.17574112663641017	0.017760982868524556
ENSG00000198898	0.6068110473888488	3.4305668293063134e-11
ENSG00000198899	-0.13132990430263902	0.14743603928831225
ENSG00000198900	0.12685914088321582	0.014329452232439673
ENSG00000198901	0.9557337014488105	2.078275532390133e-06
ENSG00000198909	0.03943282160612327	0.7551192007300417
ENSG00000198910	-0.592973068419461	1.3937950593796506e-07
ENSG00000198911	-0.08060380356182506	0.11642624686102948
ENSG00000198912	-0.13638246546806698	0.015709018128607904
ENSG00000198917	0.0701955257297513	0.7179288587055687
ENSG00000198919	-0.5402966531202082	0.0004782774017068398
ENSG00000198920	0.11876691790754279	0.6600704694540518
ENSG00000198925	0.3231070301470176	1.0976920880002683e-05
ENSG00000198929	-0.0856786707608066	0.302415219421714
ENSG00000198931	0.27792932326399367	0.000556946087957298
ENSG00000198933	-0.4256725012839855	0.007992007992007992
ENSG00000198937	-0.3250358356255525	0.19457013574660637
ENSG00000198938	-0.8129938293524717	7.631383559809669e-10
ENSG00000198944	-0.5132845779091788	0.07552447552447553
ENSG00000198945	-0.33738788680761544	7.065516570839289e-06
ENSG00000198947	-0.23484798776926752	0.000548418678548034
ENSG00000198951	0.20265213655637382	0.0032391027870019885
ENSG00000198952	0.30003295978888644	0.00025828206951321114
ENSG00000198954	0.10990940960106954	0.004690266308828981
ENSG00000198959	0.9700109845718146	2.9492817260812896e-14
ENSG00000198960	-0.5726380594326734	2.9002810568668107e-08
ENSG00000198961	-0.359123944100741	6.507030299153544e-06
ENSG00000203485	0.8162659862128514	5.998895477435896e-20
ENSG00000203618	-0.35723192496301337	0.11855005159958722
ENSG00000203667	-0.15828521885665836	0.04751238717822335
ENSG00000203668	-0.01947751740136283	0.6883538770669487
ENSG00000203697	0.6925496460556992	0.0022830059093366245
ENSG00000203705	-0.9815015717311191	1.1114220083423276e-17
ENSG00000203710	0.10988490457801703	0.8273995065643771
ENSG00000203724	0.9913921143286046	0.01025317661563715
ENSG00000203747	0.773520187869444	1.1468998000737515e-06
ENSG00000203783	-0.564846659667456	0.413986013986014
ENSG00000203791	0.5796181181189617	0.02253196608324104
ENSG00000203797	0.16507908217024436	0.9246307654186361
ENSG00000203857	-0.1191042200432122	0.43979566835402073
ENSG00000203879	0.2435456332073862	4.933712389423539e-07
ENSG00000203880	-0.1288076844937187	0.0858724973482906
ENSG00000203896	0.42021702785636705	0.0014709209710672684
ENSG00000203965	0.08396263029354856	0.7177106467468456
ENSG00000204065	-0.9868366300037579	1.575028328707128e-10
ENSG00000204070	-0.6585251655956093	2.4307859321761155e-08
ENSG00000204071	-1.187043115283851	0.014300457024915229
ENSG00000204084	-0.18718717638680005	0.033912281719488235
ENSG00000204104	0.040996311268386876	0.7291212682539112
ENSG00000204120	-0.3048624834568834	3.834905151788702e-10
ENSG00000204128	0.11608156351227095	0.36488131404191804
ENSG00000204130	0.06524238714744257	0.012756017248409503
ENSG00000204131	0.09190541352315051	0.12827550550169997
ENSG00000204138	-0.24920520080558362	7.38302596431354e-05
ENSG00000204160	-0.37298222709905104	0.010046157410913387
ENSG00000204178	-0.7848505111009842	1.266305544475628e-11
ENSG00000204186	-0.4503386439042387	0.041015506232897535
ENSG00000204209	0.10897085274788054	0.02197676780798682
ENSG00000204217	-0.4443327567008133	0.006411002206188471
ENSG00000204219	-1.2084759960770803	6.983905035163128e-14
ENSG00000204220	0.40000311703623836	2.9417576394476822e-08
ENSG00000204227	0.2755334134750349	0.001214837680051155
ENSG00000204228	-0.8696245444808106	1.4205665527237882e-11
ENSG00000204231	-0.2399487475374329	0.00027368309300876593
ENSG00000204237	-0.4597210831745997	2.939455778244712e-05
ENSG00000204252	-0.5843275632573359	0.049868326008003325
ENSG00000204256	0.001239525590040813	0.7724229703946346
ENSG00000204257	0.24831774324804812	0.07525038893140235
ENSG00000204262	0.7881557897662752	9.488871752911843e-12
ENSG00000204264	0.5552125094172418	1.6209728756169454e-12
ENSG00000204267	0.45449269149378324	0.0009890228733151468
ENSG00000204272	0.06975646767319788	0.07322609183061429
ENSG00000204287	0.2173465425181753	0.005911178555412423
ENSG00000204291	-0.06916761005562932	0.5393576392091797
ENSG00000204301	-0.26621742624148936	0.1253630720514898
ENSG00000204304	-0.2601747005722892	0.6666666666666666
ENSG00000204308	0.595962121871402	7.098143296770963e-05
ENSG00000204310	0.4768479025741641	1.234993980326269e-06
ENSG00000204315	-0.27667588854119174	0.0004032169102972705
ENSG00000204316	-0.3273768166572424	3.266508651405378e-10
ENSG00000204344	0.21542561172844543	0.4742743507673295
ENSG00000204348	-0.1900385641156319	0.21110198475011022
ENSG00000204351	-0.24125381446295435	9.795000591449733e-07
ENSG00000204356	-0.49203142047217696	3.77297597817798e-13
ENSG00000204366	-0.2539491433312637	0.02861763682536361
ENSG00000204370	-0.5384414379217688	0.0008509593238219441
ENSG00000204371	-0.04804215530417011	0.5042096019644626
ENSG00000204381	1.532145286698185	4.485194797272046e-08
ENSG00000204385	1.4350629609269703	3.850519184916604e-11
ENSG00000204386	-0.1581385111551299	0.007411506674350181
ENSG00000204390	-1.1349309461592334	4.061236718030576e-11
ENSG00000204392	0.04662072144276408	0.1626843808044769
ENSG00000204394	-0.42113239421885496	1.575028328707128e-10
ENSG00000204397	0.27104492307490347	0.05083455768379832
ENSG00000204427	0.0787859906030306	0.3765526228737246
ENSG00000204435	0.31694414071539967	0.0038371282776225517
ENSG00000204439	-0.3715149472609198	1.209345000059816e-06
ENSG00000204444	0.10029271666265416	0.22672290877171986
ENSG00000204463	0.06339961783259085	0.05748412337153596
ENSG00000204469	-0.36990284666007156	1.1983826019651097e-10
ENSG00000204472	0.6354253442877997	5.5721338241166435e-06
ENSG00000204498	-0.8096871492226185	4.221086500177817e-05
ENSG00000204525	0.6039004160107382	3.817655077963534e-06
ENSG00000204542	-0.17687258339014278	0.6690334185623694
ENSG00000204560	-0.023702731367755803	0.7597173233165314
ENSG00000204564	0.7665612351232056	0.07756460493553081
ENSG00000204568	-0.3319590710363798	0.0001025286060390023
ENSG00000204569	-0.10452318726947851	0.00208922963894786
ENSG00000204574	-0.20769822145435057	5.379524857223265e-05
ENSG00000204577	-0.01184376249850061	0.6632111694091576
ENSG00000204580	-0.048767712551981646	0.5957239864997804
ENSG00000204590	-0.21934360665782293	7.753242229371678e-09
ENSG00000204592	0.27788593833940567	0.0005235606163555128
ENSG00000204604	0.37381603781747685	0.12659098727210183
ENSG00000204610	0.47110681591878034	0.009054779153636667
ENSG00000204619	-0.09132158259291856	0.09073201769479895
ENSG00000204628	-0.782894582137029	3.890873445823729e-13
ENSG00000204632	0.12068911232083579	0.8333333333333333
ENSG00000204634	-0.40159548159000735	7.885996025388615e-08
ENSG00000204642	0.42342123803993914	1.0593763807945635e-05
ENSG00000204673	0.329171100980453	6.531935446420411e-05
ENSG00000204713	-0.19135566229541112	0.0050864028019773026
ENSG00000204822	-0.2009268018903434	0.002400311303335485
ENSG00000204842	0.1515801668183805	0.03295413840548805
ENSG00000204843	0.10770103057138414	0.04422359600251227
ENSG00000204851	-0.6343654745457243	3.2205893179050223e-06
ENSG00000204852	0.3610860193769021	0.03286607455759874
ENSG00000204859	-0.22947267121289627	0.012312008254632596
ENSG00000204899	-0.2704423043575055	2.5670377248217606e-05
ENSG00000204922	-0.3446458630356162	0.01335946042106777
ENSG00000204936	0.49214096240510585	0.00864434171363954
ENSG00000204954	-0.22767959701405616	0.35898753748505763
ENSG00000204977	-0.20526110465674563	0.265434368965227
ENSG00000204983	-2.750904923697444	1.9983870782450064e-12
ENSG00000205084	-0.32530206657192196	0.04445323585465808
ENSG00000205133	-0.2220754669743279	0.4601118832150398
ENSG00000205138	0.7415794769687842	1.8690962849314963e-08
ENSG00000205186	-0.8919036104544666	1.4925662157151654e-05
ENSG00000205189	-0.3043686926879374	0.16813818783119683
ENSG00000205220	0.5665380900757278	6.006791088218845e-11
ENSG00000205221	-0.01996840607248984	0.7757575757575759
ENSG00000205250	0.5389303595493438	0.02884352107213079
ENSG00000205268	-0.4246929299905631	0.025925964030368523
ENSG00000205302	0.19969506454649633	7.428629987263001e-07
ENSG00000205323	0.17378970137794525	0.3947077926498741
ENSG00000205336	0.6368955917548398	8.208730854750733e-12
ENSG00000205339	0.27405403511039594	2.1212198691205586e-12
ENSG00000205356	-0.06659812079967153	0.19063134237344548
ENSG00000205362	-0.5879588640646141	0.0005827259402100803
ENSG00000205364	-0.09628114486872619	0.5902898636636471
ENSG00000205403	0.8012477362379613	2.4455981192013452e-06
ENSG00000205413	0.7785469607363744	8.20311129125081e-19
ENSG00000205420	1.285281645485064	8.695405182971932e-06
ENSG00000205423	-0.47100462181608194	0.0037511351983291696
ENSG00000205436	-0.03002247299395755	1.0
ENSG00000205476	-0.15409024235254165	0.002698302228434798
ENSG00000205502	-0.40120913959849247	0.17175782593739253
ENSG00000205517	-0.1858482170094078	0.14923899550533257
ENSG00000205531	-0.11444354290626535	0.01903394745479272
ENSG00000205542	-0.08784290213906232	0.9850599792479565
ENSG00000205581	-0.4590310404894211	7.098278471580322e-12
ENSG00000205629	0.027698890280184685	0.7220000578139896
ENSG00000205659	-0.20264557764273405	0.03731926215647227
ENSG00000205669	-0.03233497700302479	0.7855152478983309
ENSG00000205683	-0.4180093689829114	0.00957753602793312
ENSG00000205707	-0.20798727975846987	0.04400750178708997
ENSG00000205726	0.23814630267127868	0.0006297462288957844
ENSG00000205730	0.1576692428258326	0.05404293345201202
ENSG00000205744	0.08465294700666703	0.23550840357004643
ENSG00000205758	0.014012881914784003	0.3654270927938317
ENSG00000205765	0.12870962712070977	0.0011798966332212865
ENSG00000205795	-0.7783312234997339	0.0008506113769271664
ENSG00000205808	0.05086672416888405	0.6997725913546883
ENSG00000205903	0.06103867697023446	0.6116498924421241
ENSG00000205937	-0.14789340751224955	0.0038525476813689027
ENSG00000205978	-0.2490330522948696	0.055379154885435
ENSG00000205981	-0.17790612721241317	0.002536203691175354
ENSG00000206053	-0.1909080850040894	0.007884895380238607
ENSG00000206073	0.5139763467923757	0.02637274483467635
ENSG00000206075	1.8240628704501596	1.0647275753319456e-18
ENSG00000206177	-0.5374894333538229	0.04792333404428469
ENSG00000206384	-0.6865001686749395	2.1370817517318716e-07
ENSG00000206418	0.5003138876302913	2.5859631389889787e-11
ENSG00000206503	0.6572323187446365	2.763597830277451e-06
ENSG00000206527	-0.7542404821082833	2.053055275219289e-05
ENSG00000206538	-0.6017309954466477	0.03279944722720241
ENSG00000206560	-0.32677562642545865	1.065883975806703e-06
ENSG00000211445	1.050486523113424	1.0652036703392376e-11
ENSG00000211450	0.049250304480118245	0.9088934243953065
ENSG00000211455	0.3361781123065235	2.3749558874673965e-11
ENSG00000211456	-0.47896075498724144	7.3342957360015755e-06
ENSG00000211460	0.12796898406851653	0.025307726950770687
ENSG00000211592	0.8843878649716395	2.9341987444544113e-10
ENSG00000211594	1.2316547235026647	2.599419397510106e-09
ENSG00000211598	0.5742687226195677	6.531935446420411e-05
ENSG00000211611	1.094637501434196	3.0331996490897384e-07
ENSG00000211625	0.8010307591903967	4.6081236033118025e-08
ENSG00000211637	0.6195914749117613	4.0418373995531516e-05
ENSG00000211638	0.5039415649643537	0.0012690445890740064
ENSG00000211639	0.5048558501243399	0.0037022884168965288
ENSG00000211640	0.008907490311102606	0.97478778845797
ENSG00000211642	1.1095794229667995	0.04195804195804195
ENSG00000211644	0.14731193882228766	0.23155613527320285
ENSG00000211647	1.1776575127025346	0.00011406600554718855
ENSG00000211648	0.8007860798914415	2.2316551670388632e-05
ENSG00000211649	0.4007255557276679	0.01248421539836047
ENSG00000211650	1.5279159394656077	4.877271981212281e-09
ENSG00000211651	0.39252587751293433	0.03364347037930503
ENSG00000211652	0.5123432033126285	0.004188463642203577
ENSG00000211653	0.1969960571870999	0.07095999198130365
ENSG00000211655	-0.06919633903109457	0.7889207689110354
ENSG00000211658	1.085065438218951	8.479085936263019e-05
ENSG00000211659	0.9226101117288508	1.3960957413298563e-08
ENSG00000211660	1.0939084687053544	0.0001639613451352945
ENSG00000211662	0.7258122576224117	1.7599598657502557e-06
ENSG00000211663	0.6107851334884131	3.4350102364721986e-05
ENSG00000211664	0.1017111415954588	0.4936431173131498
ENSG00000211665	0.027777576984956198	0.5142211403964714
ENSG00000211666	0.5577692049924039	0.0012433127894936483
ENSG00000211667	-0.08376007340100955	0.7626918555588953
ENSG00000211668	1.1214884942817704	8.101805913006553e-09
ENSG00000211669	0.26979643730277303	0.04311049313915498
ENSG00000211670	0.7285695017176117	3.0317508173358537e-07
ENSG00000211672	0.11748765819364948	0.901620124730634
ENSG00000211673	0.6145759687532681	8.533330881289253e-05
ENSG00000211682	1.4072992675212213	0.0019260984179595847
ENSG00000211685	0.45094764535748055	0.01352252706563732
ENSG00000211831	1.0945590218682533	0.004115217322816734
ENSG00000211890	0.4996389419886995	8.631950963235408e-05
ENSG00000211891	0.1486221999669226	0.828509310790803
ENSG00000211892	0.5787889685910663	5.8771766863564834e-05
ENSG00000211893	0.44521287780935737	3.760541052504298e-05
ENSG00000211895	0.6963731715309471	1.7078643351348303e-07
ENSG00000211896	0.6019782264785327	5.0608454273900304e-08
ENSG00000211897	0.2769870735181712	0.01759682666667737
ENSG00000211898	0.31087404002039065	0.1211255964047835
ENSG00000211899	0.6178721593385141	8.736288136953012e-06
ENSG00000211933	0.8307104361461164	8.265036175958501e-07
ENSG00000211934	0.5163461720536269	0.0042630199487215595
ENSG00000211935	0.6715787492990195	0.0006722689585839154
ENSG00000211937	0.7637290532222742	7.651063978489429e-07
ENSG00000211938	0.8606311855201199	2.156360424474972e-08
ENSG00000211942	1.0723932396610998	5.92688099499036e-05
ENSG00000211943	0.9190441665278115	3.6665528054831846e-09
ENSG00000211945	0.4758513758918035	0.007791969632905652
ENSG00000211946	0.2631499655886742	0.35996146270912355
ENSG00000211947	0.2856417816942116	0.945054945054945
ENSG00000211949	0.22677069346261547	0.4757060260419035
ENSG00000211950	0.2163236868834595	0.10389211091601964
ENSG00000211951	0.4636511909216594	0.008214215940845425
ENSG00000211952	0.7331945793673711	8.9895275192236e-09
ENSG00000211956	0.6544403672745851	0.0001369002334919935
ENSG00000211957	0.8164247245015446	5.26516293250547e-07
ENSG00000211958	0.8055999238281402	3.1565227596810264e-07
ENSG00000211961	0.5392173253609513	0.3388294052587712
ENSG00000211962	0.4856773693109062	0.0006287727186347315
ENSG00000211964	-0.5074223867072654	0.05737874097007224
ENSG00000211965	0.9795118756121717	2.6696849213593386e-07
ENSG00000211966	0.35093126468214564	0.000565596865684206
ENSG00000211968	0.2182844582808059	0.3885629516026219
ENSG00000211974	0.8331387733086117	0.009786355826822109
ENSG00000211976	0.48796358567873455	0.00980616476153212
ENSG00000211979	0.19687936330100086	0.2832084247281138
ENSG00000212916	0.057964895376517944	0.9921368100962026
ENSG00000213015	-0.40108916321753085	0.2544122544122544
ENSG00000213024	-0.03563556358082565	0.08087262826959996
ENSG00000213047	0.05484782297207147	0.7661042732506778
ENSG00000213064	-0.06380757235481482	0.5522765778178027
ENSG00000213066	0.058566963763674096	0.5899681952120108
ENSG00000213079	-0.29042483090922744	1.5384276502487125e-08
ENSG00000213088	-1.5587128124327823	0.003205128205128205
ENSG00000213203	0.288796165017974	0.0019207951233781795
ENSG00000213221	-0.12943797006613877	0.5515164816421456
ENSG00000213246	0.47671100513717235	0.0005362991702013024
ENSG00000213281	0.6069508969704209	1.4917041985852357e-07
ENSG00000213316	-0.25783978572070865	0.0596773982989165
ENSG00000213337	-0.16139601220744026	0.3411201801294681
ENSG00000213339	-0.8098612544768073	1.4955459438392387e-14
ENSG00000213341	0.041513789216036656	0.6160679305854524
ENSG00000213366	-0.46520570952101536	3.635218221577573e-07
ENSG00000213380	-0.3649413462420448	5.379524857223265e-05
ENSG00000213397	0.1020771167610981	0.36291277346738826
ENSG00000213398	0.42398335321514224	8.77449020434393e-06
ENSG00000213402	-0.2911995211831524	0.2678196881674523
ENSG00000213445	0.2707040868655817	1.4906296449390556e-06
ENSG00000213463	-0.22372473802412074	0.05771603882566717
ENSG00000213465	0.2714741401950356	0.000790643727950585
ENSG00000213512	0.07038562923181502	0.7846594944006001
ENSG00000213516	-0.3580415727384363	1.9514169930735866e-06
ENSG00000213523	-0.36751192759527385	7.379159499562269e-09
ENSG00000213551	0.20916947521535434	0.00013009900171646527
ENSG00000213563	-0.09082845634147674	0.1626843808044769
ENSG00000213585	0.3594444941116528	0.00012365980924548703
ENSG00000213588	-0.31906057847157143	0.026784244939991816
ENSG00000213593	-0.3132168359237184	0.0056896297504508255
ENSG00000213614	0.6175881484562034	2.119645872392172e-11
ENSG00000213619	0.016499410198363762	0.9353271065169884
ENSG00000213626	0.20413066154317505	0.0023673961541433694
ENSG00000213638	-0.6494398147830118	4.692496077604898e-06
ENSG00000213639	0.003920796107586	0.20961766726231923
ENSG00000213654	0.2700101860852726	0.02727606754089589
ENSG00000213672	0.0546015258014485	0.823825839275562
ENSG00000213676	0.2455355975702922	0.18333333333333335
ENSG00000213689	-0.374960974555556	1.459891126484197e-06
ENSG00000213699	0.17526912344698786	0.05376311645958891
ENSG00000213719	0.7031990094748117	4.505380584117891e-19
ENSG00000213722	0.2530595411290264	0.00013685323021515882
ENSG00000213741	-0.7894001991721495	7.858827983203558e-13
ENSG00000213760	0.6834443172962423	0.00047116149176458825
ENSG00000213762	-0.036077415444545125	0.6957130470193469
ENSG00000213780	-0.09605505511442658	0.03329727802663553
ENSG00000213782	-0.10706588048927301	0.00208922963894786
ENSG00000213799	-0.15628955976960412	0.266777518391754
ENSG00000213886	-0.33272638112066133	0.09468734347500934
ENSG00000213903	0.9844019895383127	0.13626373626373628
ENSG00000213918	-1.4637818659006285	8.319298654792776e-08
ENSG00000213920	0.5099427182024314	0.3022710314230065
ENSG00000213928	0.28552812077914425	6.647560745796528e-05
ENSG00000213930	-0.25211674678392626	1.5210251089670442e-05
ENSG00000213934	-0.4967519919346941	0.13221236823334973
ENSG00000213949	0.5118629407541135	1.2856027567217266e-09
ENSG00000213965	-0.8352684872389666	4.0123866674828083e-13
ENSG00000213977	0.003836962398029442	0.6636707120881754
ENSG00000213983	0.3362727908122167	4.7240242843416086e-07
ENSG00000213995	-0.1906349270687251	0.015530413010234098
ENSG00000214013	0.12395010498345016	0.4207029833342387
ENSG00000214022	-0.019565466881086735	0.6310991512780862
ENSG00000214026	0.5215219329674383	4.047946005055964e-05
ENSG00000214063	0.3224647319475906	0.03385233823960862
ENSG00000214078	0.7679887520003597	9.716336642430768e-13
ENSG00000214113	-0.21305977181201996	0.0003828550099817106
ENSG00000214160	0.33275331154323595	0.22777423109912065
ENSG00000214193	0.12795203652529352	0.7104895104895105
ENSG00000214212	0.17271938334458525	0.8591408591408591
ENSG00000214253	-0.06395950889218938	0.03434509780209762
ENSG00000214274	0.948851207996384	1.3968905712739639e-13
ENSG00000214309	0.20233846432108749	0.3790199722761225
ENSG00000214357	-0.005323170140814071	0.6993006993006993
ENSG00000214367	-0.094751565045744	0.5568997043746512
ENSG00000214413	0.46457448235599585	0.02516108362529731
ENSG00000214435	-1.1555650974408351	4.5880818119087395e-15
ENSG00000214456	0.19089514190171286	0.8080808080808081
ENSG00000214517	0.013418351199945278	0.7220000578139896
ENSG00000214530	-0.5201950193381535	1.6095388262732922e-05
ENSG00000214655	-0.0007559621735211408	0.6843318850623437
ENSG00000214706	-0.9636323531078546	6.151410543031233e-14
ENSG00000214717	-0.0901337059659042	0.18230834825354691
ENSG00000214736	-0.15460679046978498	0.14912961945390346
ENSG00000214753	0.7071653632828259	5.7742838228547056e-05
ENSG00000214814	0.26220360713600854	0.2548530161505129
ENSG00000214944	-0.31349397476813223	1.5795024653608748e-05
ENSG00000214960	-0.38928125038733796	2.0372449579325642e-05
ENSG00000215012	0.040789087274518465	1.0
ENSG00000215018	-1.1654131242954442	8.350679210360604e-13
ENSG00000215021	0.23062639360668413	0.0003214112110456182
ENSG00000215041	-0.09269465168912205	0.5290538789015999
ENSG00000215114	0.00755649343540199	0.5293193672046494
ENSG00000215182	0.8816745410102307	5.475745196701596e-05
ENSG00000215251	-0.48978631001273243	7.869492766657454e-08
ENSG00000215271	-0.01854150453948833	0.7143775835251487
ENSG00000215301	0.08733891944870109	0.8759960169024938
ENSG00000215305	0.32701006519411635	4.672321358940423e-11
ENSG00000215421	-0.5735616398168304	0.0004247491629331382
ENSG00000215440	-0.044169688773177285	0.6278282642416717
ENSG00000215704	-2.045027167641887	2.279040674075695e-14
ENSG00000215717	-0.6556882530329666	3.179060910460026e-05
ENSG00000215817	0.09463957519346877	0.7272727272727273
ENSG00000215845	0.02282832299591675	0.7126713286973583
ENSG00000215853	0.8929535558034125	0.004693318672328515
ENSG00000216490	0.5354516603891639	1.1588871188305543e-09
ENSG00000217128	0.08031654237835895	0.7042213495481418
ENSG00000218336	0.2650311684088109	0.0014464363712280088
ENSG00000218739	0.2254496382492981	0.032146786427505236
ENSG00000218891	-0.11164596577074803	0.10895993165383305
ENSG00000219073	-2.0993855922382068	2.5106961889076843e-14
ENSG00000219200	-0.02801726527258097	0.5714285714285714
ENSG00000219545	0.017280918888371133	0.5531956114070448
ENSG00000219607	0.8705209625148953	4.8310129329022086e-06
ENSG00000221823	0.34175891740734343	0.012137188264496328
ENSG00000221838	0.2945886421234505	0.009294516690716523
ENSG00000221869	-0.008816228024567607	0.9826663603512127
ENSG00000221886	-0.28666544420515194	0.043550151498796624
ENSG00000221890	-0.12528506012796115	0.5075241428254528
ENSG00000221914	-0.19182941057464475	0.0033272819958255584
ENSG00000221955	-1.0081983867451534	0.002301467094179087
ENSG00000221963	0.08283492301429973	0.5079384591048923
ENSG00000221968	-0.2357198051577587	0.616342996528755
ENSG00000221978	-0.3621381882637955	0.0003455424734875291
ENSG00000221983	-1.4969508430086194	3.557685631554513e-11
ENSG00000221988	0.24101309750790811	0.6366016325636008
ENSG00000222011	-0.07739809854725976	0.07184675239936499
ENSG00000222038	-0.060940416127262864	0.9353271065169884
ENSG00000223350	0.5342276452088512	0.00032402039171952314
ENSG00000223496	0.10945915888980906	0.2203911516866215
ENSG00000223501	0.016567620201801248	0.5899681952120108
ENSG00000223609	-1.0729402078129873	4.396740087326614e-08
ENSG00000223648	0.6073326533139394	0.00031981945832459637
ENSG00000223865	0.650407133467791	3.316149147569023e-06
ENSG00000223953	0.6870582038334092	1.4122108335715833e-10
ENSG00000224041	0.9998667789621898	0.00029737842016323585
ENSG00000224051	0.31446376544391796	4.8350098591930995e-05
ENSG00000224389	0.6157022567195511	4.933712389423539e-07
ENSG00000224470	0.026425110457914514	0.5339908880354343
ENSG00000224531	-0.4585210715333119	0.015126050420168066
ENSG00000224650	1.3913778113994155	1.253897372485104e-05
ENSG00000224877	-0.8222642288324167	1.181492188070067e-10
ENSG00000225190	0.15179575101209863	0.004605421053434221
ENSG00000225614	-1.1339962742437422	2.1873987124968577e-05
ENSG00000225663	-0.2081357852764647	0.0004920479190253648
ENSG00000225697	-0.5448087974065139	0.0007470091669547104
ENSG00000225698	0.7877380460200847	1.35392797979084e-09
ENSG00000225830	-0.2935950161519614	0.005182401932877684
ENSG00000225921	-0.46414841408772034	3.18014024353113e-10
ENSG00000225968	-0.530462626644308	0.893188854489164
ENSG00000225973	-0.8967614157446135	4.770481642467532e-11
ENSG00000226321	-1.1994005461835435	0.0019229055274802586
ENSG00000226479	0.4635929401763885	0.08484848484848484
ENSG00000226784	-1.3338234450065727	0.00010275141086805523
ENSG00000227057	0.12394496404506938	0.09895594985405723
ENSG00000227345	0.09145948306740692	0.10808506783906473
ENSG00000227500	0.06725456681860464	0.21052977070213186
ENSG00000228253	-0.6777951196100815	1.1954535982063791e-11
ENSG00000228278	0.3475001935493438	0.003557376087281421
ENSG00000228716	0.26583930896428853	0.002427323847077028
ENSG00000229314	0.6051563273372018	5.865831946372847e-07
ENSG00000229809	-0.6206851497736601	3.428998798946471e-06
ENSG00000229833	-0.1480319849437528	0.18894362355286443
ENSG00000230124	-0.12149249291545061	0.1024077313962091
ENSG00000230626	1.0426182244502478	0.0008041494109605565
ENSG00000230667	-0.11976204582049021	0.6828282828282828
ENSG00000230989	0.18666776880905545	0.005546120614329727
ENSG00000231292	0.6638545737530599	1.623562284165359e-05
ENSG00000231389	0.5409516455698018	3.2527329446381974e-05
ENSG00000231475	0.2735993176905005	0.13700738483291927
ENSG00000231500	-1.1744487742338166	1.3129706008276193e-14
ENSG00000231925	0.6346786417399848	2.780662349205552e-10
ENSG00000232112	-0.7908179783155731	0.0006897618982268711
ENSG00000232119	0.0026280794502362426	0.525695255799308
ENSG00000232216	1.107352272586251	9.677534290319806e-09
ENSG00000232629	-0.08698827700673561	0.7773211039442784
ENSG00000232838	-0.6141106670493137	0.1090909090909091
ENSG00000233276	0.18957580818671005	0.0017155949743122296
ENSG00000233493	-0.27549807499548606	0.009821341931081735
ENSG00000233732	1.1228990934284013	0.07272727272727274
ENSG00000233927	0.08459392853101733	0.20511910605689476
ENSG00000233999	0.2284807499327357	0.22653276315984072
ENSG00000234127	-0.018446334561016187	0.7407808113497072
ENSG00000234224	-0.20324620889756417	0.35295209589438925
ENSG00000234545	-0.4924441658939642	7.394666419209301e-09
ENSG00000234745	0.26887295995144456	0.04292396969217442
ENSG00000235109	-0.4822779811081723	0.06666666666666667
ENSG00000235162	-0.30000551283790955	0.00410269527696843
ENSG00000235173	0.13103887137679493	0.014833737968694706
ENSG00000235750	-0.5384827033263093	0.00199798182132816
ENSG00000236287	0.31984628959273564	0.018479487187814194
ENSG00000236444	-1.06835547491103	7.575918137571517e-08
ENSG00000236699	0.7204070898077699	0.012457614624797286
ENSG00000237172	0.4074551539012816	0.13099960745043587
ENSG00000237190	-0.09753044008744638	0.35134971643279855
ENSG00000237441	-0.01441087166080024	0.8044481761930079
ENSG00000237649	0.1342393838800895	0.34946502527153744
ENSG00000237702	-0.7567922150646105	0.0032434026242075774
ENSG00000239264	0.34159803265726296	2.5999081665018603e-06
ENSG00000239282	0.4123691245997847	0.7142857142857142
ENSG00000239306	0.5297118798465057	2.6380153835865803e-09
ENSG00000239382	-0.2516167326078964	0.05173992673992674
ENSG00000239571	0.09082902257445724	0.8044487204760115
ENSG00000239672	-0.7207628154883992	2.3749558874673965e-11
ENSG00000239713	0.4170342567228573	4.261999701510271e-05
ENSG00000239819	-0.13967043339585317	0.6149407114624506
ENSG00000239839	0.8897378791205846	0.001034245828283859
ENSG00000239855	0.4522267057730218	0.35023758481899414
ENSG00000239857	-0.23022443529476178	1.905493613378797e-05
ENSG00000239887	-0.2853347924930745	0.015756904600698732
ENSG00000239900	0.004978224004577925	0.9419478370769262
ENSG00000239951	1.472833350611129	6.117543693860999e-10
ENSG00000239998	0.40042708302392427	0.006419282326482635
ENSG00000240038	-3.20459713182429	3.079200603752682e-11
ENSG00000240065	0.46447065127830456	2.7079656153774633e-06
ENSG00000240184	0.33260978578103817	0.07384468521693997
ENSG00000240230	-0.5276052679985028	1.4979632253595314e-11
ENSG00000240303	0.07825201256004277	1.0
ENSG00000240344	0.01523724250371572	0.7787989873457799
ENSG00000240671	0.23384451893285885	0.25453611161369216
ENSG00000240694	0.5814233696800315	0.004181165381235998
ENSG00000240764	0.340410655615873	0.06519893556637894
ENSG00000240771	-0.009780689986239821	0.9793712778603889
ENSG00000240849	0.0088687176320974	0.85178628234001
ENSG00000240857	0.22141634431407553	0.0029072747804055332
ENSG00000240864	0.13049236958131516	0.13574927537929105
ENSG00000240972	-0.026219997561963027	0.7095711991408933
ENSG00000241058	-0.34181358602159406	3.8259781955580576e-06
ENSG00000241244	0.021770230870739482	0.40484739723721064
ENSG00000241360	-0.555042782238683	1.232224270445737e-13
ENSG00000241370	-0.5866600600296987	0.10402930402930403
ENSG00000241468	-0.5893465513330192	0.0002583670089702282
ENSG00000241553	1.5724479841878427	3.627964733858141e-15
ENSG00000241635	-0.019859718469692922	0.8005234989342935
ENSG00000241644	-0.09078500546592849	0.4203307676313034
ENSG00000241685	0.30237700861653494	0.015530413010234098
ENSG00000241837	0.05028825530430581	0.5531956114070448
ENSG00000241839	0.09654793535133877	0.1517003560238161
ENSG00000241878	-0.11949894114782111	0.04042139956987062
ENSG00000241935	-2.104367907141935	1.2883415150976865e-16
ENSG00000241945	0.6249250921321678	0.2818181818181818
ENSG00000241973	0.016694193341781016	0.9751025520670232
ENSG00000242028	-0.5107921990575441	2.2303903905682904e-13
ENSG00000242110	0.33369656342785703	0.00011955661963836044
ENSG00000242114	-0.5983276486447942	0.02194139696298086
ENSG00000242247	-0.32015431653199045	9.907294667777274e-05
ENSG00000242265	-0.38799496674055334	0.00011083109991205618
ENSG00000242372	-0.041130257107028	0.9088934243953065
ENSG00000242485	-0.2533362864424049	9.692555042515226e-05
ENSG00000242498	-0.9197660699408168	1.3161584429450317e-08
ENSG00000242515	0.18861664077866536	0.17517484420678442
ENSG00000242550	0.31614286669077174	0.0751500381263876
ENSG00000242574	0.2327810240621595	0.07597215930507095
ENSG00000242612	0.8782566695844913	1.7591955130369096e-14
ENSG00000242616	0.10398524050245683	0.14278110869236738
ENSG00000242802	0.4844383405510442	7.342600197806745e-08
ENSG00000243056	0.16561438143364526	0.04851029380618001
ENSG00000243063	0.09662456032311084	0.2656505047503894
ENSG00000243147	0.052211985286163554	0.9552008827846545
ENSG00000243156	-0.23921672511388437	1.2824835413463306e-05
ENSG00000243244	0.38027253467789635	0.003830920224867161
ENSG00000243264	0.3366678365321363	0.011609419646416487
ENSG00000243279	1.233168160235433	5.003621496981812e-10
ENSG00000243466	0.5346936352764047	0.0009038801381788421
ENSG00000243477	-0.13227276835785418	0.6622306899614578
ENSG00000243480	-2.7382825506485027	2.4433471683292988e-11
ENSG00000243509	0.7402490447851591	9.487163614067026e-07
ENSG00000243566	-0.7009480781485138	0.0009157509157509158
ENSG00000243646	0.3269333200666473	0.006100504820654589
ENSG00000243667	-0.15137363987746255	7.255326532067841e-05
ENSG00000243725	0.36835214957234186	8.998761660402002e-07
ENSG00000243789	0.12192832824857547	0.41788408345264216
ENSG00000243927	-0.45892357141325846	1.0164358954918539e-08
ENSG00000243943	-0.04879033271417299	0.9850599792479565
ENSG00000243989	0.6710932259481304	0.0002689071564790226
ENSG00000244005	-0.47074907204390826	6.529499395049381e-11
ENSG00000244038	-0.025675271553350143	0.24480114164149636
ENSG00000244045	-0.2264185996377286	0.053081128110803365
ENSG00000244187	0.6263516916931664	0.0832294640344176
ENSG00000244414	0.5137990672943538	0.0001079260701860323
ENSG00000244462	0.3525666343525451	1.3298122723826935e-08
ENSG00000244486	0.2627374680626673	0.0010338580334631926
ENSG00000244509	0.4544110059946398	6.257386869172666e-07
ENSG00000244575	0.41376398081166954	0.0007221803185770528
ENSG00000244687	-0.5055692641221121	0.00023609779649190767
ENSG00000244731	0.3525546334121614	0.006063166463496028
ENSG00000244734	-0.8856825576906893	0.008525659067454734
ENSG00000244754	-0.24416306431054124	0.17432920860585466
ENSG00000247077	0.22616728346758563	3.829069387873512e-05
ENSG00000247315	-0.034493732895615636	0.22993699541457302
ENSG00000247596	0.355393729589526	9.21340458873791e-09
ENSG00000247626	-1.3183732501792953	1.0154722072005108e-15
ENSG00000248144	-0.15958884392890837	0.4728707764956094
ENSG00000248333	0.0320514226489621	0.5042096019644626
ENSG00000248485	-1.8188376122794416	0.033566433566433566
ENSG00000248746	0.7457278154429225	7.276898250577567e-12
ENSG00000248905	0.12540021875608076	0.09152883841791189
ENSG00000249115	0.13960031986497512	0.04838964482656591
ENSG00000249437	0.29679390263305905	0.0010187081212217263
ENSG00000249915	0.19326177801001876	0.0020033884136128103
ENSG00000249948	-0.3286601954059236	0.03539141642975824
ENSG00000250317	-0.08008031431951679	0.13143841961412725
ENSG00000250479	-0.023284939273406025	0.6404560841760991
ENSG00000250506	-0.20695307375276073	0.18333333333333335
ENSG00000250722	0.10633974357634557	0.07124656234359451
ENSG00000251322	-0.2949843879780154	4.622430094350544e-07
ENSG00000253276	0.4455728172554707	9.015614903821024e-05
ENSG00000253313	-0.4992057510661212	0.0009490948124424943
ENSG00000253506	-0.42114003667446553	0.01343308820497811
ENSG00000253710	-0.40894657637302245	0.00014884948948674305
ENSG00000253719	-0.38152788516656244	6.124149960179205e-07
ENSG00000253729	0.34092825230147383	2.7367176883148296e-11
ENSG00000253958	0.4647325513328937	0.15032162596327361
ENSG00000254004	-0.4006501488535754	0.05042643817863636
ENSG00000254087	0.4394917837973793	8.042403576100247e-10
ENSG00000254093	-0.40573261128940885	0.00020583370241227084
ENSG00000254470	0.15950064223938654	0.011423932703145583
ENSG00000254505	-0.1465013064301175	0.025581166746865832
ENSG00000254535	-0.9512456611705922	7.834264788410625e-10
ENSG00000254647	-0.5964260592102981	1.7029490680687246e-05
ENSG00000254685	-0.04860112005662032	0.1211255964047835
ENSG00000254709	0.3398760228932183	0.01217075812060939
ENSG00000254772	-0.32923723567547825	0.00047696342827366063
ENSG00000254901	-0.033760937136804614	0.30316534204386214
ENSG00000254986	0.05818980049240352	0.0981076780974621
ENSG00000254996	-0.6396750935178339	1.8137772539096295e-09
ENSG00000254999	0.502718864004585	5.618033445377585e-07
ENSG00000255112	0.3173199895646981	4.219558941739691e-06
ENSG00000255154	0.15847034193129517	0.41193179743356534
ENSG00000255529	0.0766495840243202	0.8141227892542897
ENSG00000255587	0.3825456219162824	0.020635957303170104
ENSG00000256043	0.6081794915315655	1.4296826079874807e-06
ENSG00000256269	-0.4681420847395579	1.4122108335715833e-10
ENSG00000256525	-0.3905183041994462	2.504879910819255e-05
ENSG00000256806	-0.17937818874257871	0.0626015081484839
ENSG00000256812	0.5213522329897629	0.09108499859273851
ENSG00000257017	0.30368979952839226	0.012028213676118291
ENSG00000257093	-0.1607783361370494	0.20138847312605723
ENSG00000257103	0.18354718622391886	0.00011359084008403806
ENSG00000257335	0.5663743481930901	0.006561045115781697
ENSG00000257365	0.18248690407826373	0.07901532922866322
ENSG00000257727	0.05924689083984447	0.7282423591435969
ENSG00000257743	0.17212418140700336	0.48490431322191585
ENSG00000257923	0.12678946789855416	0.0031958164353829074
ENSG00000258227	0.8134935680486848	0.0014191105138216975
ENSG00000258289	-0.15427248374211544	0.18504478769593757
ENSG00000258315	-0.40647778644877874	0.000385731057657901
ENSG00000258366	0.028303766318884982	0.9452106201332205
ENSG00000258429	-0.8533901389299707	6.356392026954153e-11
ENSG00000258818	0.5113152267410221	1.1359353070363316e-07
ENSG00000258890	-0.09784272499040725	0.176678337702185
ENSG00000259207	0.4346671530527111	0.03070385807338012
ENSG00000259431	0.09831871395406822	0.06199640216678007
ENSG00000259490	0.9608535471846764	3.6081856598202696e-09
ENSG00000259494	-0.13974802963382515	0.002148317599944822
ENSG00000259956	-0.23738754905373582	8.404185383975579e-06
ENSG00000260314	0.5328470007215032	4.4255268456028286e-07
ENSG00000260916	-0.6983368734760873	9.658139399866937e-10
ENSG00000261150	1.074765093644256	3.594581211968566e-19
ENSG00000261221	-0.02850381641687605	0.9378093811597478
ENSG00000261236	-0.13456085597265854	0.0008147718653886858
ENSG00000261371	-0.11619287926428257	0.059704910528457514
ENSG00000261456	-0.23038301741107858	0.302960237625418
ENSG00000261609	0.5849776307991128	2.2044583248520186e-15
ENSG00000261701	0.2828902207669124	0.0222187188330403
ENSG00000262246	-0.17044071987338683	0.18162300503844797
ENSG00000262406	1.0275963650338866	3.3502107058324084e-08
ENSG00000262655	0.3093543479401326	0.0017400936098185898
ENSG00000262664	-0.043240127417082164	0.7407808113497072
ENSG00000262814	-0.6606894293015841	0.0005476332873529747
ENSG00000263001	0.013224701057463761	0.8400568851302858
ENSG00000263465	-0.7025424406764849	1.9688048509431124e-09
ENSG00000263528	-0.00868685595451879	0.5984274186652727
ENSG00000264230	0.9277240505656223	4.897359762961155e-05
ENSG00000264364	-0.747363715064413	1.0866663237001247e-15
ENSG00000264522	0.01882433186287713	0.47544072466747456
ENSG00000265190	1.0952481407199421	1.4992921484521265e-05
ENSG00000265241	0.1693726548339214	0.0015977918688228959
ENSG00000265354	0.12062202845168102	0.2519043672411918
ENSG00000265491	-0.04421707594686808	0.7232996392588369
ENSG00000265808	-0.24128395838841143	0.004337160295762905
ENSG00000265817	0.16583824590006557	0.3809155241043786
ENSG00000265972	0.6112367810089054	1.8541755398374418e-10
ENSG00000266028	0.29728943772459004	5.047283891584568e-06
ENSG00000266094	0.20816225263766697	0.00011707177432372168
ENSG00000266173	-0.29719733084132116	0.00049363869672752
ENSG00000266200	-2.018625846117441	4.115219505407333e-05
ENSG00000266412	0.0036731128083467013	0.6699495147909389
ENSG00000266472	-0.2057565621044688	0.013071213802715205
ENSG00000266714	0.053387541287467144	0.8666500521765257
ENSG00000266964	-0.20600346042011708	0.8000515995872033
ENSG00000266967	-0.6764753930885092	9.9454999684613e-06
ENSG00000267467	0.459434178818519	0.01360668945092616
ENSG00000267673	-0.8809218290227641	2.0628432067826205e-12
ENSG00000267795	0.02244897171629745	0.22469090990576712
ENSG00000267796	-0.38407841547795485	0.008030350426391714
ENSG00000268104	1.1584057348260153	1.076940324036082e-06
ENSG00000268696	0.006393085245317565	1.0
ENSG00000268799	-0.5948413890445963	0.012763758676205288
ENSG00000269190	-0.8044706059490494	0.009435717261804219
ENSG00000269335	0.27949129030549	4.8293447820601993e-08
ENSG00000270170	0.5507964976199524	2.1579511413342646e-06
ENSG00000270467	1.111072858433893	4.4255268456028286e-07
ENSG00000270472	-0.8743853507618571	0.08484848484848484
ENSG00000270550	0.3831766549295317	0.0814380988445412
ENSG00000270647	-0.37880408138765276	1.8665922353746963e-08
ENSG00000270800	-0.32560901236490203	0.7272727272727273
ENSG00000271303	0.7588727601404166	2.9813907689151186e-08
ENSG00000271447	0.7269271263639077	4.530386050950942e-07
ENSG00000271503	-0.4025957076222113	0.013423986136811733
ENSG00000271601	0.4591278169599491	1.31844068338333e-06
ENSG00000271605	0.7773207344769055	6.609273105797441e-10
ENSG00000272047	0.5316998964702577	5.657514401053989e-07
ENSG00000272325	0.12652807217950013	0.08891281652247306
ENSG00000272333	-0.2078647866166925	0.13684639909781768
ENSG00000272391	-0.19247631819639466	0.07246434273534298
ENSG00000272886	0.19031431531890775	0.00598673793467442
ENSG00000273213	1.2386597551456582	6.254575411408342e-09
ENSG00000273559	-0.08355900920559378	0.05603823524582517
ENSG00000273611	-0.18532365320918132	0.23748361139665491
ENSG00000273749	0.05821020437918989	0.1211255964047835
ENSG00000273841	-0.5262389977612862	4.821339146837191e-06
ENSG00000274070	0.07967003566946218	0.21572628072777134
ENSG00000274180	-0.352965861683904	0.05263157894736842
ENSG00000274349	-0.4125540110474226	0.01530710030531791
ENSG00000274523	-0.21339968615066596	0.0013842167729265708
ENSG00000274576	0.8867371289891963	0.00010083867958246176
ENSG00000275004	1.315256839997513	1.4154921286649215e-14
ENSG00000275023	0.15813364881286418	0.21913965167320948
ENSG00000275052	0.019824058226618035	0.8198116951821475
ENSG00000275066	-0.5865285466299319	3.257585574319086e-17
ENSG00000275074	0.143635003928118	0.019307980670716426
ENSG00000275152	0.4942332057051395	0.005517687122780725
ENSG00000275183	-0.550078239365444	2.8203258862963574e-06
ENSG00000275342	0.6596875487279981	7.053006822159899e-10
ENSG00000275385	1.0427948602084136	2.634981470940345e-10
ENSG00000275395	0.6504524710351554	0.001080567794721675
ENSG00000275410	-0.38615423121256853	0.00028589003129534654
ENSG00000275700	-0.0640106652194703	0.2174911691809246
ENSG00000275832	0.3091286309983836	0.07338137632913923
ENSG00000275835	-0.2597231942332421	0.0008026948609220156
ENSG00000275896	-2.784482232476666	6.598589147121211e-15
ENSG00000276023	0.13861318770438658	0.35730194115599423
ENSG00000276043	0.6091730254208692	3.082788688869378e-08
ENSG00000276045	-0.0037729614484369733	0.9378093811597478
ENSG00000276231	-0.03676638239529595	0.4659950031764635
ENSG00000276293	0.02518309660416662	0.3947826781344247
ENSG00000276409	0.6811405655628953	4.501488193403292e-05
ENSG00000276547	0.6395164326736769	0.024455936220642106
ENSG00000276566	0.28803520244898806	0.10141192223054134
ENSG00000276600	0.16049306863221346	0.43500133030895505
ENSG00000276775	0.5163456637585178	0.0017504508732877283
ENSG00000277258	-0.0779533285904499	0.35512566782543686
ENSG00000277363	-0.9176936283808779	1.437699799030889e-12
ENSG00000277443	-0.1648492932944059	0.034700575334563076
ENSG00000277586	-0.4058931202460343	0.015889427627325335
ENSG00000277639	-0.5285215738674331	0.26190476190476186
ENSG00000277734	0.38146792795914664	0.05348665782102315
ENSG00000277791	-0.1393101067299476	0.06931111207649762
ENSG00000277972	-0.014841678227924149	0.737639586777029
ENSG00000278053	-0.16754260433014423	0.00445209015921282
ENSG00000278129	-0.14302913524156224	0.7012490904543431
ENSG00000278196	1.1651763699460176	2.156360424474972e-08
ENSG00000278259	-0.20805623119247585	0.010261503329503362
ENSG00000278311	-0.1320503961713584	0.15653294262198342
ENSG00000278535	-0.3276792555816037	0.0056896297504508255
ENSG00000278540	0.27328789785504526	4.1583439987793754e-09
ENSG00000278615	-0.002588280210101601	0.6908007831402312
ENSG00000278619	-0.3368058646879071	0.0027473511249356173
ENSG00000278845	-0.174519995965575	0.00030145406558092073
ENSG00000280411	0.20483572233339586	0.23791602626877528
ENSG00000280789	-0.6114375231377664	7.088792493869111e-05
ENSG00000281990	0.021616795275132716	0.8870686942118248
ENSG00000282122	-0.4937134422246263	0.029692633901267352
ENSG00000282639	1.1195262524217604	7.834264788410625e-10
ENSG00000282651	1.0293008057584494	6.935258685112353e-05
ENSG00000283154	0.16746512994263618	0.6828282828282828
ENSG00000283632	-0.46396414785345996	1.1700534162165601e-07
ENSG00000284194	-0.017212227940344604	0.8924215793833479
ENSG00000284691	-0.4605147307062474	0.00026495151114288147
ENSG00000285025	-0.4136711502716395	0.02335026596717635
ENSG00000285723	0.028681412633833503	0.4654876057991746
ENSG00000286053	-0.5740522450747854	1.8850794688734053e-06
ENSG00000286140	-0.28660580226150145	0.0010633152899336838
