gene	mut_freq
ENSG00000000457	0.009523809523809525
ENSG00000000971	0.01904761904761905
ENSG00000001084	0.01904761904761905
ENSG00000001561	0.009523809523809525
ENSG00000001617	0.009523809523809525
ENSG00000001626	0.02857142857142857
ENSG00000001629	0.01904761904761905
ENSG00000002016	0.009523809523809525
ENSG00000002746	0.009523809523809525
ENSG00000002933	0.009523809523809525
ENSG00000003056	0.009523809523809525
ENSG00000003137	0.009523809523809525
ENSG00000003147	0.01904761904761905
ENSG00000003989	0.009523809523809525
ENSG00000004139	0.01904761904761905
ENSG00000004777	0.01904761904761905
ENSG00000005022	0.009523809523809525
ENSG00000005156	0.009523809523809525
ENSG00000005206	0.009523809523809525
ENSG00000005469	0.009523809523809525
ENSG00000005810	0.009523809523809525
ENSG00000005844	0.009523809523809525
ENSG00000005884	0.009523809523809525
ENSG00000006025	0.009523809523809525
ENSG00000006071	0.01904761904761905
ENSG00000006116	0.01904761904761905
ENSG00000006118	0.009523809523809525
ENSG00000006283	0.009523809523809525
ENSG00000006327	0.009523809523809525
ENSG00000006453	0.009523809523809525
ENSG00000006555	0.009523809523809525
ENSG00000006715	0.009523809523809525
ENSG00000006788	0.01904761904761905
ENSG00000007062	0.009523809523809525
ENSG00000007171	0.01904761904761905
ENSG00000007174	0.05714285714285714
ENSG00000007237	0.009523809523809525
ENSG00000007372	0.009523809523809525
ENSG00000007376	0.009523809523809525
ENSG00000007384	0.009523809523809525
ENSG00000007541	0.009523809523809525
ENSG00000007545	0.01904761904761905
ENSG00000007866	0.009523809523809525
ENSG00000007908	0.009523809523809525
ENSG00000008083	0.009523809523809525
ENSG00000008086	0.009523809523809525
ENSG00000008128	0.009523809523809525
ENSG00000008282	0.009523809523809525
ENSG00000008300	0.01904761904761905
ENSG00000008311	0.009523809523809525
ENSG00000008441	0.01904761904761905
ENSG00000008516	0.009523809523809525
ENSG00000008838	0.02857142857142857
ENSG00000008869	0.009523809523809525
ENSG00000009694	0.009523809523809525
ENSG00000009790	0.009523809523809525
ENSG00000009830	0.009523809523809525
ENSG00000009950	0.009523809523809525
ENSG00000010165	0.009523809523809525
ENSG00000010282	0.009523809523809525
ENSG00000010322	0.009523809523809525
ENSG00000010327	0.009523809523809525
ENSG00000010379	0.009523809523809525
ENSG00000010438	0.009523809523809525
ENSG00000010810	0.009523809523809525
ENSG00000011083	0.009523809523809525
ENSG00000011201	0.009523809523809525
ENSG00000011347	0.009523809523809525
ENSG00000011465	0.009523809523809525
ENSG00000011523	0.009523809523809525
ENSG00000012048	0.009523809523809525
ENSG00000012223	0.01904761904761905
ENSG00000013293	0.009523809523809525
ENSG00000013374	0.01904761904761905
ENSG00000013573	0.009523809523809525
ENSG00000015520	0.009523809523809525
ENSG00000015676	0.009523809523809525
ENSG00000016391	0.009523809523809525
ENSG00000017797	0.009523809523809525
ENSG00000018625	0.01904761904761905
ENSG00000018699	0.009523809523809525
ENSG00000019991	0.009523809523809525
ENSG00000021645	0.009523809523809525
ENSG00000022355	0.009523809523809525
ENSG00000023191	0.009523809523809525
ENSG00000023287	0.009523809523809525
ENSG00000023318	0.009523809523809525
ENSG00000023445	0.009523809523809525
ENSG00000026036	0.01904761904761905
ENSG00000026297	0.009523809523809525
ENSG00000026559	0.01904761904761905
ENSG00000027644	0.009523809523809525
ENSG00000028528	0.01904761904761905
ENSG00000031698	0.009523809523809525
ENSG00000033050	0.009523809523809525
ENSG00000033122	0.01904761904761905
ENSG00000033327	0.009523809523809525
ENSG00000033627	0.01904761904761905
ENSG00000035928	0.009523809523809525
ENSG00000036530	0.01904761904761905
ENSG00000036549	0.009523809523809525
ENSG00000036565	0.009523809523809525
ENSG00000037749	0.009523809523809525
ENSG00000037757	0.009523809523809525
ENSG00000038210	0.01904761904761905
ENSG00000038219	0.009523809523809525
ENSG00000038295	0.01904761904761905
ENSG00000038382	0.009523809523809525
ENSG00000039139	0.0380952380952381
ENSG00000039523	0.009523809523809525
ENSG00000039650	0.01904761904761905
ENSG00000040341	0.009523809523809525
ENSG00000040731	0.047619047619047616
ENSG00000041515	0.01904761904761905
ENSG00000042781	0.009523809523809525
ENSG00000042832	0.009523809523809525
ENSG00000043462	0.009523809523809525
ENSG00000044459	0.01904761904761905
ENSG00000046651	0.009523809523809525
ENSG00000047056	0.009523809523809525
ENSG00000047188	0.009523809523809525
ENSG00000047315	0.009523809523809525
ENSG00000047346	0.009523809523809525
ENSG00000047410	0.01904761904761905
ENSG00000047578	0.009523809523809525
ENSG00000047617	0.009523809523809525
ENSG00000047621	0.009523809523809525
ENSG00000047662	0.02857142857142857
ENSG00000047932	0.009523809523809525
ENSG00000048342	0.009523809523809525
ENSG00000048405	0.009523809523809525
ENSG00000048471	0.009523809523809525
ENSG00000048540	0.009523809523809525
ENSG00000048707	0.009523809523809525
ENSG00000048740	0.009523809523809525
ENSG00000048828	0.009523809523809525
ENSG00000049089	0.009523809523809525
ENSG00000049323	0.009523809523809525
ENSG00000049540	0.009523809523809525
ENSG00000050030	0.01904761904761905
ENSG00000050555	0.02857142857142857
ENSG00000050730	0.009523809523809525
ENSG00000052126	0.009523809523809525
ENSG00000052795	0.01904761904761905
ENSG00000052850	0.009523809523809525
ENSG00000053108	0.01904761904761905
ENSG00000054219	0.009523809523809525
ENSG00000054392	0.009523809523809525
ENSG00000054654	0.01904761904761905
ENSG00000054796	0.009523809523809525
ENSG00000055118	0.009523809523809525
ENSG00000055609	0.02857142857142857
ENSG00000055955	0.01904761904761905
ENSG00000056097	0.01904761904761905
ENSG00000056487	0.009523809523809525
ENSG00000056972	0.009523809523809525
ENSG00000057019	0.009523809523809525
ENSG00000057608	0.009523809523809525
ENSG00000058335	0.009523809523809525
ENSG00000058668	0.009523809523809525
ENSG00000058799	0.009523809523809525
ENSG00000060339	0.009523809523809525
ENSG00000060709	0.009523809523809525
ENSG00000060718	0.02857142857142857
ENSG00000060749	0.009523809523809525
ENSG00000060971	0.009523809523809525
ENSG00000061337	0.009523809523809525
ENSG00000061938	0.009523809523809525
ENSG00000062725	0.01904761904761905
ENSG00000063015	0.009523809523809525
ENSG00000063177	0.009523809523809525
ENSG00000063660	0.009523809523809525
ENSG00000063854	0.009523809523809525
ENSG00000064102	0.009523809523809525
ENSG00000064201	0.009523809523809525
ENSG00000064419	0.01904761904761905
ENSG00000064607	0.009523809523809525
ENSG00000064651	0.009523809523809525
ENSG00000064687	0.02857142857142857
ENSG00000064933	0.009523809523809525
ENSG00000064999	0.009523809523809525
ENSG00000065000	0.009523809523809525
ENSG00000065060	0.009523809523809525
ENSG00000065243	0.01904761904761905
ENSG00000065325	0.01904761904761905
ENSG00000065413	0.009523809523809525
ENSG00000065526	0.009523809523809525
ENSG00000065613	0.009523809523809525
ENSG00000065675	0.009523809523809525
ENSG00000065717	0.01904761904761905
ENSG00000065802	0.009523809523809525
ENSG00000065989	0.009523809523809525
ENSG00000066032	0.0380952380952381
ENSG00000066056	0.009523809523809525
ENSG00000066117	0.009523809523809525
ENSG00000066230	0.009523809523809525
ENSG00000066248	0.009523809523809525
ENSG00000066279	0.01904761904761905
ENSG00000066557	0.009523809523809525
ENSG00000066697	0.009523809523809525
ENSG00000066735	0.02857142857142857
ENSG00000066813	0.009523809523809525
ENSG00000066827	0.009523809523809525
ENSG00000066933	0.009523809523809525
ENSG00000067066	0.009523809523809525
ENSG00000067221	0.009523809523809525
ENSG00000067248	0.009523809523809525
ENSG00000067365	0.009523809523809525
ENSG00000067842	0.01904761904761905
ENSG00000067900	0.009523809523809525
ENSG00000068001	0.009523809523809525
ENSG00000068024	0.009523809523809525
ENSG00000068323	0.01904761904761905
ENSG00000068354	0.009523809523809525
ENSG00000068650	0.02857142857142857
ENSG00000068654	0.009523809523809525
ENSG00000068781	0.01904761904761905
ENSG00000068976	0.009523809523809525
ENSG00000069018	0.01904761904761905
ENSG00000069431	0.009523809523809525
ENSG00000069869	0.009523809523809525
ENSG00000070047	0.009523809523809525
ENSG00000070182	0.01904761904761905
ENSG00000070366	0.009523809523809525
ENSG00000070476	0.009523809523809525
ENSG00000070495	0.009523809523809525
ENSG00000070540	0.009523809523809525
ENSG00000070614	0.009523809523809525
ENSG00000070729	0.009523809523809525
ENSG00000070814	0.009523809523809525
ENSG00000070886	0.009523809523809525
ENSG00000070985	0.009523809523809525
ENSG00000071575	0.009523809523809525
ENSG00000071794	0.009523809523809525
ENSG00000072041	0.009523809523809525
ENSG00000072163	0.009523809523809525
ENSG00000072195	0.01904761904761905
ENSG00000072274	0.009523809523809525
ENSG00000072518	0.01904761904761905
ENSG00000072736	0.009523809523809525
ENSG00000072803	0.01904761904761905
ENSG00000072958	0.009523809523809525
ENSG00000073150	0.009523809523809525
ENSG00000073417	0.01904761904761905
ENSG00000073803	0.009523809523809525
ENSG00000073910	0.009523809523809525
ENSG00000073921	0.009523809523809525
ENSG00000074047	0.009523809523809525
ENSG00000074181	0.009523809523809525
ENSG00000074219	0.009523809523809525
ENSG00000074276	0.009523809523809525
ENSG00000074603	0.009523809523809525
ENSG00000074706	0.009523809523809525
ENSG00000074755	0.02857142857142857
ENSG00000074771	0.009523809523809525
ENSG00000074803	0.009523809523809525
ENSG00000074964	0.009523809523809525
ENSG00000075035	0.009523809523809525
ENSG00000075131	0.009523809523809525
ENSG00000075240	0.01904761904761905
ENSG00000075340	0.01904761904761905
ENSG00000075426	0.01904761904761905
ENSG00000075461	0.009523809523809525
ENSG00000075539	0.009523809523809525
ENSG00000075568	0.009523809523809525
ENSG00000075618	0.009523809523809525
ENSG00000075643	0.009523809523809525
ENSG00000075651	0.009523809523809525
ENSG00000076258	0.009523809523809525
ENSG00000076356	0.009523809523809525
ENSG00000076604	0.009523809523809525
ENSG00000076662	0.01904761904761905
ENSG00000076984	0.009523809523809525
ENSG00000077063	0.009523809523809525
ENSG00000077279	0.009523809523809525
ENSG00000077312	0.009523809523809525
ENSG00000077522	0.009523809523809525
ENSG00000077616	0.009523809523809525
ENSG00000077782	0.01904761904761905
ENSG00000077942	0.009523809523809525
ENSG00000078053	0.02857142857142857
ENSG00000078177	0.009523809523809525
ENSG00000078269	0.009523809523809525
ENSG00000078295	0.01904761904761905
ENSG00000078328	0.01904761904761905
ENSG00000078403	0.009523809523809525
ENSG00000078549	0.009523809523809525
ENSG00000078814	0.01904761904761905
ENSG00000078898	0.009523809523809525
ENSG00000079102	0.01904761904761905
ENSG00000079215	0.009523809523809525
ENSG00000079263	0.01904761904761905
ENSG00000079308	0.01904761904761905
ENSG00000079332	0.009523809523809525
ENSG00000079337	0.009523809523809525
ENSG00000079691	0.009523809523809525
ENSG00000079841	0.02857142857142857
ENSG00000080200	0.009523809523809525
ENSG00000080345	0.009523809523809525
ENSG00000080371	0.009523809523809525
ENSG00000080573	0.009523809523809525
ENSG00000080603	0.009523809523809525
ENSG00000080618	0.009523809523809525
ENSG00000080709	0.009523809523809525
ENSG00000080815	0.009523809523809525
ENSG00000080845	0.009523809523809525
ENSG00000081051	0.009523809523809525
ENSG00000081052	0.009523809523809525
ENSG00000081138	0.009523809523809525
ENSG00000081148	0.009523809523809525
ENSG00000081248	0.009523809523809525
ENSG00000081479	0.01904761904761905
ENSG00000081818	0.01904761904761905
ENSG00000081842	0.009523809523809525
ENSG00000081913	0.009523809523809525
ENSG00000081923	0.009523809523809525
ENSG00000081985	0.009523809523809525
ENSG00000082175	0.009523809523809525
ENSG00000082269	0.009523809523809525
ENSG00000082397	0.009523809523809525
ENSG00000082438	0.01904761904761905
ENSG00000082516	0.009523809523809525
ENSG00000082556	0.009523809523809525
ENSG00000082684	0.01904761904761905
ENSG00000083290	0.009523809523809525
ENSG00000083520	0.009523809523809525
ENSG00000083642	0.009523809523809525
ENSG00000083814	0.01904761904761905
ENSG00000083845	0.009523809523809525
ENSG00000083857	0.02857142857142857
ENSG00000084092	0.009523809523809525
ENSG00000084636	0.009523809523809525
ENSG00000084674	0.01904761904761905
ENSG00000084774	0.009523809523809525
ENSG00000085185	0.009523809523809525
ENSG00000085433	0.009523809523809525
ENSG00000085563	0.02857142857142857
ENSG00000085644	0.009523809523809525
ENSG00000085788	0.009523809523809525
ENSG00000085872	0.009523809523809525
ENSG00000085982	0.01904761904761905
ENSG00000086205	0.009523809523809525
ENSG00000086544	0.009523809523809525
ENSG00000086548	0.009523809523809525
ENSG00000086570	0.047619047619047616
ENSG00000086758	0.009523809523809525
ENSG00000087087	0.009523809523809525
ENSG00000087116	0.01904761904761905
ENSG00000087245	0.009523809523809525
ENSG00000087302	0.009523809523809525
ENSG00000087460	0.05714285714285714
ENSG00000087510	0.02857142857142857
ENSG00000088053	0.009523809523809525
ENSG00000088247	0.009523809523809525
ENSG00000088387	0.009523809523809525
ENSG00000088451	0.009523809523809525
ENSG00000088826	0.009523809523809525
ENSG00000088827	0.009523809523809525
ENSG00000088836	0.009523809523809525
ENSG00000088876	0.009523809523809525
ENSG00000088882	0.009523809523809525
ENSG00000088926	0.009523809523809525
ENSG00000089048	0.009523809523809525
ENSG00000089050	0.009523809523809525
ENSG00000089057	0.009523809523809525
ENSG00000089154	0.009523809523809525
ENSG00000089169	0.009523809523809525
ENSG00000089177	0.009523809523809525
ENSG00000089199	0.009523809523809525
ENSG00000089225	0.009523809523809525
ENSG00000089250	0.02857142857142857
ENSG00000089335	0.009523809523809525
ENSG00000089472	0.009523809523809525
ENSG00000089820	0.02857142857142857
ENSG00000089847	0.01904761904761905
ENSG00000090006	0.01904761904761905
ENSG00000090060	0.01904761904761905
ENSG00000090372	0.009523809523809525
ENSG00000090382	0.009523809523809525
ENSG00000090402	0.01904761904761905
ENSG00000090530	0.009523809523809525
ENSG00000090539	0.009523809523809525
ENSG00000090621	0.009523809523809525
ENSG00000090776	0.009523809523809525
ENSG00000090863	0.009523809523809525
ENSG00000090924	0.01904761904761905
ENSG00000091106	0.009523809523809525
ENSG00000091128	0.009523809523809525
ENSG00000091513	0.009523809523809525
ENSG00000091536	0.02857142857142857
ENSG00000091583	0.009523809523809525
ENSG00000091656	0.05714285714285714
ENSG00000091704	0.009523809523809525
ENSG00000091879	0.009523809523809525
ENSG00000092054	0.009523809523809525
ENSG00000092421	0.009523809523809525
ENSG00000092758	0.009523809523809525
ENSG00000092853	0.01904761904761905
ENSG00000094631	0.01904761904761905
ENSG00000094804	0.009523809523809525
ENSG00000095002	0.009523809523809525
ENSG00000095066	0.009523809523809525
ENSG00000095110	0.009523809523809525
ENSG00000095303	0.009523809523809525
ENSG00000095585	0.009523809523809525
ENSG00000095713	0.009523809523809525
ENSG00000095787	0.009523809523809525
ENSG00000095951	0.009523809523809525
ENSG00000095970	0.009523809523809525
ENSG00000096060	0.009523809523809525
ENSG00000096093	0.009523809523809525
ENSG00000096968	0.009523809523809525
ENSG00000099204	0.009523809523809525
ENSG00000099331	0.02857142857142857
ENSG00000099341	0.009523809523809525
ENSG00000099810	0.009523809523809525
ENSG00000099814	0.01904761904761905
ENSG00000099817	0.009523809523809525
ENSG00000099834	0.009523809523809525
ENSG00000099889	0.009523809523809525
ENSG00000099904	0.009523809523809525
ENSG00000099949	0.01904761904761905
ENSG00000099960	0.009523809523809525
ENSG00000099991	0.009523809523809525
ENSG00000100109	0.009523809523809525
ENSG00000100150	0.009523809523809525
ENSG00000100154	0.009523809523809525
ENSG00000100191	0.009523809523809525
ENSG00000100227	0.009523809523809525
ENSG00000100243	0.009523809523809525
ENSG00000100253	0.009523809523809525
ENSG00000100285	0.009523809523809525
ENSG00000100320	0.009523809523809525
ENSG00000100346	0.01904761904761905
ENSG00000100372	0.009523809523809525
ENSG00000100393	0.01904761904761905
ENSG00000100399	0.009523809523809525
ENSG00000100403	0.009523809523809525
ENSG00000100412	0.009523809523809525
ENSG00000100427	0.009523809523809525
ENSG00000100448	0.009523809523809525
ENSG00000100473	0.009523809523809525
ENSG00000100503	0.01904761904761905
ENSG00000100505	0.009523809523809525
ENSG00000100557	0.009523809523809525
ENSG00000100578	0.01904761904761905
ENSG00000100596	0.009523809523809525
ENSG00000100614	0.009523809523809525
ENSG00000100644	0.009523809523809525
ENSG00000100678	0.01904761904761905
ENSG00000100726	0.009523809523809525
ENSG00000100731	0.02857142857142857
ENSG00000100813	0.02857142857142857
ENSG00000100926	0.009523809523809525
ENSG00000100934	0.009523809523809525
ENSG00000100991	0.009523809523809525
ENSG00000101004	0.02857142857142857
ENSG00000101049	0.009523809523809525
ENSG00000101096	0.009523809523809525
ENSG00000101104	0.009523809523809525
ENSG00000101144	0.009523809523809525
ENSG00000101158	0.009523809523809525
ENSG00000101161	0.01904761904761905
ENSG00000101162	0.01904761904761905
ENSG00000101180	0.02857142857142857
ENSG00000101187	0.009523809523809525
ENSG00000101188	0.009523809523809525
ENSG00000101191	0.02857142857142857
ENSG00000101203	0.009523809523809525
ENSG00000101222	0.009523809523809525
ENSG00000101292	0.01904761904761905
ENSG00000101327	0.009523809523809525
ENSG00000101331	0.009523809523809525
ENSG00000101333	0.009523809523809525
ENSG00000101346	0.009523809523809525
ENSG00000101361	0.009523809523809525
ENSG00000101438	0.009523809523809525
ENSG00000101445	0.01904761904761905
ENSG00000101470	0.009523809523809525
ENSG00000101542	0.009523809523809525
ENSG00000101557	0.009523809523809525
ENSG00000101574	0.009523809523809525
ENSG00000101639	0.009523809523809525
ENSG00000101654	0.009523809523809525
ENSG00000101680	0.0380952380952381
ENSG00000101745	0.009523809523809525
ENSG00000101752	0.009523809523809525
ENSG00000101825	0.009523809523809525
ENSG00000101850	0.009523809523809525
ENSG00000101871	0.009523809523809525
ENSG00000101890	0.009523809523809525
ENSG00000101892	0.009523809523809525
ENSG00000101958	0.009523809523809525
ENSG00000101972	0.009523809523809525
ENSG00000101974	0.009523809523809525
ENSG00000102038	0.009523809523809525
ENSG00000102048	0.009523809523809525
ENSG00000102053	0.009523809523809525
ENSG00000102057	0.009523809523809525
ENSG00000102081	0.009523809523809525
ENSG00000102195	0.01904761904761905
ENSG00000102226	0.01904761904761905
ENSG00000102230	0.009523809523809525
ENSG00000102245	0.009523809523809525
ENSG00000102271	0.009523809523809525
ENSG00000102287	0.009523809523809525
ENSG00000102290	0.01904761904761905
ENSG00000102302	0.01904761904761905
ENSG00000102362	0.009523809523809525
ENSG00000102385	0.01904761904761905
ENSG00000102452	0.0380952380952381
ENSG00000102466	0.009523809523809525
ENSG00000102531	0.01904761904761905
ENSG00000102539	0.01904761904761905
ENSG00000102554	0.009523809523809525
ENSG00000102595	0.009523809523809525
ENSG00000102699	0.009523809523809525
ENSG00000102738	0.009523809523809525
ENSG00000102805	0.009523809523809525
ENSG00000102882	0.009523809523809525
ENSG00000102893	0.009523809523809525
ENSG00000102984	0.009523809523809525
ENSG00000102996	0.009523809523809525
ENSG00000103034	0.009523809523809525
ENSG00000103174	0.009523809523809525
ENSG00000103197	0.009523809523809525
ENSG00000103222	0.01904761904761905
ENSG00000103249	0.009523809523809525
ENSG00000103313	0.01904761904761905
ENSG00000103319	0.009523809523809525
ENSG00000103326	0.01904761904761905
ENSG00000103335	0.009523809523809525
ENSG00000103351	0.009523809523809525
ENSG00000103381	0.009523809523809525
ENSG00000103479	0.009523809523809525
ENSG00000103494	0.009523809523809525
ENSG00000103510	0.009523809523809525
ENSG00000103522	0.009523809523809525
ENSG00000103591	0.009523809523809525
ENSG00000103653	0.009523809523809525
ENSG00000103657	0.01904761904761905
ENSG00000103742	0.01904761904761905
ENSG00000103888	0.009523809523809525
ENSG00000103932	0.01904761904761905
ENSG00000103966	0.009523809523809525
ENSG00000103994	0.009523809523809525
ENSG00000103995	0.01904761904761905
ENSG00000104044	0.009523809523809525
ENSG00000104064	0.009523809523809525
ENSG00000104177	0.009523809523809525
ENSG00000104213	0.009523809523809525
ENSG00000104218	0.009523809523809525
ENSG00000104228	0.01904761904761905
ENSG00000104237	0.009523809523809525
ENSG00000104313	0.009523809523809525
ENSG00000104320	0.009523809523809525
ENSG00000104321	0.009523809523809525
ENSG00000104327	0.009523809523809525
ENSG00000104447	0.0380952380952381
ENSG00000104499	0.009523809523809525
ENSG00000104613	0.009523809523809525
ENSG00000104626	0.009523809523809525
ENSG00000104714	0.01904761904761905
ENSG00000104722	0.009523809523809525
ENSG00000104765	0.009523809523809525
ENSG00000104783	0.009523809523809525
ENSG00000104804	0.009523809523809525
ENSG00000104848	0.009523809523809525
ENSG00000104883	0.009523809523809525
ENSG00000104884	0.01904761904761905
ENSG00000104899	0.009523809523809525
ENSG00000104972	0.009523809523809525
ENSG00000104998	0.009523809523809525
ENSG00000105053	0.009523809523809525
ENSG00000105137	0.009523809523809525
ENSG00000105141	0.009523809523809525
ENSG00000105143	0.01904761904761905
ENSG00000105202	0.009523809523809525
ENSG00000105221	0.009523809523809525
ENSG00000105227	0.009523809523809525
ENSG00000105254	0.009523809523809525
ENSG00000105255	0.009523809523809525
ENSG00000105287	0.01904761904761905
ENSG00000105290	0.009523809523809525
ENSG00000105323	0.009523809523809525
ENSG00000105388	0.009523809523809525
ENSG00000105392	0.009523809523809525
ENSG00000105397	0.009523809523809525
ENSG00000105404	0.009523809523809525
ENSG00000105426	0.009523809523809525
ENSG00000105429	0.009523809523809525
ENSG00000105464	0.009523809523809525
ENSG00000105501	0.009523809523809525
ENSG00000105523	0.009523809523809525
ENSG00000105549	0.009523809523809525
ENSG00000105559	0.009523809523809525
ENSG00000105613	0.009523809523809525
ENSG00000105617	0.009523809523809525
ENSG00000105618	0.009523809523809525
ENSG00000105641	0.009523809523809525
ENSG00000105669	0.009523809523809525
ENSG00000105675	0.01904761904761905
ENSG00000105695	0.009523809523809525
ENSG00000105705	0.009523809523809525
ENSG00000105707	0.009523809523809525
ENSG00000105732	0.009523809523809525
ENSG00000105755	0.009523809523809525
ENSG00000105778	0.009523809523809525
ENSG00000105851	0.01904761904761905
ENSG00000105866	0.009523809523809525
ENSG00000105877	0.01904761904761905
ENSG00000105967	0.02857142857142857
ENSG00000105983	0.009523809523809525
ENSG00000105989	0.009523809523809525
ENSG00000105996	0.009523809523809525
ENSG00000105997	0.009523809523809525
ENSG00000106012	0.009523809523809525
ENSG00000106086	0.009523809523809525
ENSG00000106113	0.009523809523809525
ENSG00000106123	0.01904761904761905
ENSG00000106128	0.009523809523809525
ENSG00000106236	0.02857142857142857
ENSG00000106245	0.009523809523809525
ENSG00000106246	0.009523809523809525
ENSG00000106278	0.009523809523809525
ENSG00000106305	0.009523809523809525
ENSG00000106327	0.009523809523809525
ENSG00000106331	0.009523809523809525
ENSG00000106346	0.009523809523809525
ENSG00000106348	0.009523809523809525
ENSG00000106351	0.009523809523809525
ENSG00000106546	0.009523809523809525
ENSG00000106565	0.009523809523809525
ENSG00000106571	0.047619047619047616
ENSG00000106665	0.009523809523809525
ENSG00000106714	0.009523809523809525
ENSG00000106772	0.009523809523809525
ENSG00000106799	0.02857142857142857
ENSG00000106852	0.009523809523809525
ENSG00000107036	0.009523809523809525
ENSG00000107104	0.009523809523809525
ENSG00000107105	0.009523809523809525
ENSG00000107147	0.009523809523809525
ENSG00000107186	0.009523809523809525
ENSG00000107282	0.009523809523809525
ENSG00000107290	0.009523809523809525
ENSG00000107331	0.009523809523809525
ENSG00000107338	0.009523809523809525
ENSG00000107518	0.009523809523809525
ENSG00000107611	0.009523809523809525
ENSG00000107614	0.009523809523809525
ENSG00000107651	0.009523809523809525
ENSG00000107719	0.009523809523809525
ENSG00000107731	0.009523809523809525
ENSG00000107736	0.009523809523809525
ENSG00000107815	0.009523809523809525
ENSG00000107816	0.009523809523809525
ENSG00000107863	0.009523809523809525
ENSG00000107864	0.009523809523809525
ENSG00000107897	0.009523809523809525
ENSG00000107951	0.009523809523809525
ENSG00000108021	0.009523809523809525
ENSG00000108231	0.009523809523809525
ENSG00000108244	0.009523809523809525
ENSG00000108256	0.009523809523809525
ENSG00000108375	0.06666666666666667
ENSG00000108384	0.009523809523809525
ENSG00000108395	0.009523809523809525
ENSG00000108405	0.009523809523809525
ENSG00000108443	0.009523809523809525
ENSG00000108510	0.009523809523809525
ENSG00000108557	0.009523809523809525
ENSG00000108576	0.009523809523809525
ENSG00000108582	0.01904761904761905
ENSG00000108797	0.01904761904761905
ENSG00000108799	0.009523809523809525
ENSG00000108821	0.01904761904761905
ENSG00000108883	0.009523809523809525
ENSG00000109046	0.009523809523809525
ENSG00000109061	0.02857142857142857
ENSG00000109062	0.009523809523809525
ENSG00000109072	0.009523809523809525
ENSG00000109103	0.009523809523809525
ENSG00000109265	0.009523809523809525
ENSG00000109436	0.02857142857142857
ENSG00000109586	0.009523809523809525
ENSG00000109606	0.01904761904761905
ENSG00000109654	0.009523809523809525
ENSG00000109674	0.009523809523809525
ENSG00000109881	0.009523809523809525
ENSG00000109920	0.009523809523809525
ENSG00000110046	0.009523809523809525
ENSG00000110063	0.009523809523809525
ENSG00000110076	0.009523809523809525
ENSG00000110148	0.009523809523809525
ENSG00000110169	0.009523809523809525
ENSG00000110172	0.009523809523809525
ENSG00000110195	0.009523809523809525
ENSG00000110237	0.01904761904761905
ENSG00000110321	0.009523809523809525
ENSG00000110367	0.009523809523809525
ENSG00000110427	0.009523809523809525
ENSG00000110436	0.009523809523809525
ENSG00000110442	0.009523809523809525
ENSG00000110446	0.009523809523809525
ENSG00000110448	0.009523809523809525
ENSG00000110497	0.009523809523809525
ENSG00000110514	0.009523809523809525
ENSG00000110665	0.009523809523809525
ENSG00000110713	0.009523809523809525
ENSG00000110719	0.009523809523809525
ENSG00000110799	0.009523809523809525
ENSG00000110811	0.009523809523809525
ENSG00000110906	0.009523809523809525
ENSG00000110925	0.009523809523809525
ENSG00000110987	0.009523809523809525
ENSG00000111241	0.01904761904761905
ENSG00000111247	0.009523809523809525
ENSG00000111249	0.009523809523809525
ENSG00000111252	0.009523809523809525
ENSG00000111262	0.01904761904761905
ENSG00000111271	0.009523809523809525
ENSG00000111344	0.009523809523809525
ENSG00000111404	0.009523809523809525
ENSG00000111450	0.009523809523809525
ENSG00000111452	0.009523809523809525
ENSG00000111602	0.009523809523809525
ENSG00000111676	0.009523809523809525
ENSG00000111679	0.009523809523809525
ENSG00000111713	0.01904761904761905
ENSG00000111732	0.01904761904761905
ENSG00000111817	0.009523809523809525
ENSG00000111859	0.009523809523809525
ENSG00000111875	0.009523809523809525
ENSG00000111877	0.009523809523809525
ENSG00000111879	0.009523809523809525
ENSG00000111880	0.009523809523809525
ENSG00000111886	0.009523809523809525
ENSG00000111913	0.009523809523809525
ENSG00000111961	0.009523809523809525
ENSG00000112038	0.009523809523809525
ENSG00000112137	0.009523809523809525
ENSG00000112139	0.009523809523809525
ENSG00000112159	0.009523809523809525
ENSG00000112164	0.009523809523809525
ENSG00000112182	0.009523809523809525
ENSG00000112195	0.009523809523809525
ENSG00000112218	0.01904761904761905
ENSG00000112245	0.009523809523809525
ENSG00000112249	0.01904761904761905
ENSG00000112299	0.009523809523809525
ENSG00000112541	0.009523809523809525
ENSG00000112624	0.009523809523809525
ENSG00000112655	0.009523809523809525
ENSG00000112659	0.009523809523809525
ENSG00000112685	0.01904761904761905
ENSG00000112706	0.009523809523809525
ENSG00000112763	0.009523809523809525
ENSG00000112769	0.02857142857142857
ENSG00000112782	0.009523809523809525
ENSG00000112787	0.009523809523809525
ENSG00000112852	0.009523809523809525
ENSG00000112893	0.009523809523809525
ENSG00000112902	0.0380952380952381
ENSG00000112941	0.009523809523809525
ENSG00000112964	0.009523809523809525
ENSG00000113083	0.01904761904761905
ENSG00000113088	0.009523809523809525
ENSG00000113100	0.01904761904761905
ENSG00000113108	0.01904761904761905
ENSG00000113161	0.009523809523809525
ENSG00000113205	0.01904761904761905
ENSG00000113209	0.02857142857142857
ENSG00000113211	0.009523809523809525
ENSG00000113248	0.009523809523809525
ENSG00000113262	0.009523809523809525
ENSG00000113263	0.009523809523809525
ENSG00000113296	0.009523809523809525
ENSG00000113319	0.01904761904761905
ENSG00000113327	0.009523809523809525
ENSG00000113360	0.009523809523809525
ENSG00000113389	0.01904761904761905
ENSG00000113441	0.009523809523809525
ENSG00000113492	0.009523809523809525
ENSG00000113504	0.009523809523809525
ENSG00000113555	0.009523809523809525
ENSG00000113569	0.009523809523809525
ENSG00000113595	0.009523809523809525
ENSG00000113649	0.009523809523809525
ENSG00000113657	0.009523809523809525
ENSG00000113758	0.009523809523809525
ENSG00000113790	0.009523809523809525
ENSG00000113916	0.01904761904761905
ENSG00000113946	0.009523809523809525
ENSG00000114019	0.009523809523809525
ENSG00000114054	0.009523809523809525
ENSG00000114124	0.009523809523809525
ENSG00000114127	0.009523809523809525
ENSG00000114204	0.009523809523809525
ENSG00000114248	0.009523809523809525
ENSG00000114270	0.009523809523809525
ENSG00000114349	0.009523809523809525
ENSG00000114353	0.009523809523809525
ENSG00000114446	0.009523809523809525
ENSG00000114480	0.009523809523809525
ENSG00000114487	0.01904761904761905
ENSG00000114529	0.009523809523809525
ENSG00000114541	0.009523809523809525
ENSG00000114544	0.009523809523809525
ENSG00000114554	0.009523809523809525
ENSG00000114573	0.009523809523809525
ENSG00000114650	0.009523809523809525
ENSG00000114654	0.009523809523809525
ENSG00000114656	0.009523809523809525
ENSG00000114770	0.009523809523809525
ENSG00000114841	0.009523809523809525
ENSG00000114853	0.009523809523809525
ENSG00000114923	0.009523809523809525
ENSG00000115020	0.009523809523809525
ENSG00000115085	0.009523809523809525
ENSG00000115145	0.009523809523809525
ENSG00000115266	0.009523809523809525
ENSG00000115268	0.009523809523809525
ENSG00000115275	0.009523809523809525
ENSG00000115361	0.01904761904761905
ENSG00000115414	0.01904761904761905
ENSG00000115423	0.02857142857142857
ENSG00000115464	0.009523809523809525
ENSG00000115468	0.009523809523809525
ENSG00000115504	0.009523809523809525
ENSG00000115507	0.009523809523809525
ENSG00000115524	0.009523809523809525
ENSG00000115540	0.009523809523809525
ENSG00000115548	0.009523809523809525
ENSG00000115556	0.009523809523809525
ENSG00000115598	0.009523809523809525
ENSG00000115641	0.009523809523809525
ENSG00000115657	0.009523809523809525
ENSG00000115665	0.009523809523809525
ENSG00000115677	0.009523809523809525
ENSG00000115694	0.009523809523809525
ENSG00000115705	0.0380952380952381
ENSG00000115806	0.009523809523809525
ENSG00000115839	0.009523809523809525
ENSG00000115850	0.009523809523809525
ENSG00000115896	0.02857142857142857
ENSG00000115970	0.009523809523809525
ENSG00000115993	0.009523809523809525
ENSG00000116031	0.01904761904761905
ENSG00000116106	0.009523809523809525
ENSG00000116117	0.009523809523809525
ENSG00000116127	0.01904761904761905
ENSG00000116138	0.009523809523809525
ENSG00000116141	0.009523809523809525
ENSG00000116147	0.01904761904761905
ENSG00000116183	0.01904761904761905
ENSG00000116199	0.009523809523809525
ENSG00000116205	0.009523809523809525
ENSG00000116209	0.009523809523809525
ENSG00000116213	0.009523809523809525
ENSG00000116254	0.009523809523809525
ENSG00000116260	0.009523809523809525
ENSG00000116299	0.009523809523809525
ENSG00000116525	0.009523809523809525
ENSG00000116539	0.009523809523809525
ENSG00000116544	0.009523809523809525
ENSG00000116584	0.009523809523809525
ENSG00000116641	0.009523809523809525
ENSG00000116688	0.009523809523809525
ENSG00000116690	0.009523809523809525
ENSG00000116731	0.01904761904761905
ENSG00000116783	0.009523809523809525
ENSG00000116793	0.009523809523809525
ENSG00000116809	0.01904761904761905
ENSG00000116819	0.009523809523809525
ENSG00000116833	0.01904761904761905
ENSG00000116871	0.009523809523809525
ENSG00000116922	0.009523809523809525
ENSG00000116962	0.02857142857142857
ENSG00000117000	0.009523809523809525
ENSG00000117010	0.009523809523809525
ENSG00000117013	0.009523809523809525
ENSG00000117115	0.009523809523809525
ENSG00000117143	0.009523809523809525
ENSG00000117152	0.009523809523809525
ENSG00000117245	0.009523809523809525
ENSG00000117408	0.009523809523809525
ENSG00000117501	0.01904761904761905
ENSG00000117569	0.009523809523809525
ENSG00000117595	0.009523809523809525
ENSG00000117691	0.009523809523809525
ENSG00000117707	0.009523809523809525
ENSG00000117713	0.05714285714285714
ENSG00000117724	0.01904761904761905
ENSG00000117983	0.01904761904761905
ENSG00000118004	0.009523809523809525
ENSG00000118017	0.009523809523809525
ENSG00000118046	0.009523809523809525
ENSG00000118257	0.009523809523809525
ENSG00000118271	0.009523809523809525
ENSG00000118412	0.009523809523809525
ENSG00000118432	0.009523809523809525
ENSG00000118473	0.009523809523809525
ENSG00000118491	0.009523809523809525
ENSG00000118515	0.009523809523809525
ENSG00000118523	0.009523809523809525
ENSG00000118600	0.01904761904761905
ENSG00000118702	0.009523809523809525
ENSG00000118946	0.009523809523809525
ENSG00000118965	0.009523809523809525
ENSG00000118997	0.01904761904761905
ENSG00000119041	0.009523809523809525
ENSG00000119042	0.009523809523809525
ENSG00000119121	0.01904761904761905
ENSG00000119283	0.009523809523809525
ENSG00000119487	0.009523809523809525
ENSG00000119508	0.009523809523809525
ENSG00000119522	0.009523809523809525
ENSG00000119559	0.009523809523809525
ENSG00000119630	0.009523809523809525
ENSG00000119638	0.009523809523809525
ENSG00000119681	0.009523809523809525
ENSG00000119714	0.009523809523809525
ENSG00000119715	0.009523809523809525
ENSG00000119771	0.01904761904761905
ENSG00000119777	0.009523809523809525
ENSG00000119866	0.009523809523809525
ENSG00000119922	0.01904761904761905
ENSG00000120051	0.009523809523809525
ENSG00000120054	0.009523809523809525
ENSG00000120068	0.009523809523809525
ENSG00000120071	0.0380952380952381
ENSG00000120088	0.009523809523809525
ENSG00000120137	0.009523809523809525
ENSG00000120318	0.01904761904761905
ENSG00000120332	0.01904761904761905
ENSG00000120498	0.009523809523809525
ENSG00000120500	0.009523809523809525
ENSG00000120509	0.009523809523809525
ENSG00000120526	0.009523809523809525
ENSG00000120549	0.009523809523809525
ENSG00000120645	0.009523809523809525
ENSG00000120729	0.009523809523809525
ENSG00000120738	0.009523809523809525
ENSG00000120756	0.009523809523809525
ENSG00000120899	0.009523809523809525
ENSG00000120949	0.009523809523809525
ENSG00000120952	0.009523809523809525
ENSG00000121005	0.009523809523809525
ENSG00000121068	0.009523809523809525
ENSG00000121236	0.009523809523809525
ENSG00000121281	0.009523809523809525
ENSG00000121361	0.01904761904761905
ENSG00000121380	0.009523809523809525
ENSG00000121410	0.009523809523809525
ENSG00000121440	0.009523809523809525
ENSG00000121577	0.009523809523809525
ENSG00000121742	0.009523809523809525
ENSG00000121871	0.01904761904761905
ENSG00000121879	0.01904761904761905
ENSG00000121892	0.009523809523809525
ENSG00000121898	0.009523809523809525
ENSG00000121904	0.02857142857142857
ENSG00000122224	0.009523809523809525
ENSG00000122257	0.009523809523809525
ENSG00000122376	0.009523809523809525
ENSG00000122482	0.01904761904761905
ENSG00000122566	0.009523809523809525
ENSG00000122574	0.009523809523809525
ENSG00000122641	0.009523809523809525
ENSG00000122644	0.009523809523809525
ENSG00000122687	0.009523809523809525
ENSG00000122691	0.009523809523809525
ENSG00000122696	0.009523809523809525
ENSG00000122705	0.009523809523809525
ENSG00000122728	0.047619047619047616
ENSG00000122733	0.01904761904761905
ENSG00000122756	0.009523809523809525
ENSG00000122783	0.009523809523809525
ENSG00000122852	0.009523809523809525
ENSG00000122863	0.01904761904761905
ENSG00000122877	0.009523809523809525
ENSG00000122952	0.009523809523809525
ENSG00000122970	0.009523809523809525
ENSG00000123104	0.009523809523809525
ENSG00000123106	0.009523809523809525
ENSG00000123131	0.009523809523809525
ENSG00000123165	0.01904761904761905
ENSG00000123191	0.009523809523809525
ENSG00000123329	0.009523809523809525
ENSG00000123338	0.009523809523809525
ENSG00000123342	0.009523809523809525
ENSG00000123352	0.009523809523809525
ENSG00000123360	0.01904761904761905
ENSG00000123384	0.009523809523809525
ENSG00000123473	0.009523809523809525
ENSG00000123496	0.009523809523809525
ENSG00000123572	0.009523809523809525
ENSG00000123575	0.009523809523809525
ENSG00000123607	0.009523809523809525
ENSG00000123612	0.009523809523809525
ENSG00000123983	0.009523809523809525
ENSG00000123989	0.01904761904761905
ENSG00000124006	0.01904761904761905
ENSG00000124089	0.01904761904761905
ENSG00000124098	0.01904761904761905
ENSG00000124103	0.009523809523809525
ENSG00000124126	0.01904761904761905
ENSG00000124134	0.009523809523809525
ENSG00000124140	0.009523809523809525
ENSG00000124143	0.009523809523809525
ENSG00000124151	0.009523809523809525
ENSG00000124159	0.009523809523809525
ENSG00000124191	0.009523809523809525
ENSG00000124194	0.009523809523809525
ENSG00000124198	0.009523809523809525
ENSG00000124203	0.01904761904761905
ENSG00000124207	0.009523809523809525
ENSG00000124212	0.01904761904761905
ENSG00000124225	0.009523809523809525
ENSG00000124251	0.009523809523809525
ENSG00000124253	0.009523809523809525
ENSG00000124279	0.009523809523809525
ENSG00000124313	0.009523809523809525
ENSG00000124334	0.009523809523809525
ENSG00000124383	0.009523809523809525
ENSG00000124440	0.009523809523809525
ENSG00000124496	0.009523809523809525
ENSG00000124507	0.009523809523809525
ENSG00000124678	0.009523809523809525
ENSG00000124721	0.02857142857142857
ENSG00000124802	0.009523809523809525
ENSG00000124813	0.009523809523809525
ENSG00000124942	0.01904761904761905
ENSG00000125107	0.009523809523809525
ENSG00000125304	0.009523809523809525
ENSG00000125414	0.01904761904761905
ENSG00000125503	0.009523809523809525
ENSG00000125510	0.009523809523809525
ENSG00000125522	0.009523809523809525
ENSG00000125618	0.009523809523809525
ENSG00000125730	0.009523809523809525
ENSG00000125735	0.009523809523809525
ENSG00000125755	0.01904761904761905
ENSG00000125787	0.009523809523809525
ENSG00000125815	0.009523809523809525
ENSG00000125817	0.009523809523809525
ENSG00000125848	0.009523809523809525
ENSG00000125885	0.01904761904761905
ENSG00000125944	0.009523809523809525
ENSG00000125965	0.009523809523809525
ENSG00000125966	0.009523809523809525
ENSG00000125975	0.009523809523809525
ENSG00000126001	0.009523809523809525
ENSG00000126012	0.009523809523809525
ENSG00000126216	0.009523809523809525
ENSG00000126246	0.01904761904761905
ENSG00000126259	0.009523809523809525
ENSG00000126464	0.009523809523809525
ENSG00000126524	0.009523809523809525
ENSG00000126562	0.009523809523809525
ENSG00000126583	0.009523809523809525
ENSG00000126698	0.009523809523809525
ENSG00000126733	0.009523809523809525
ENSG00000126777	0.009523809523809525
ENSG00000126822	0.009523809523809525
ENSG00000126838	0.01904761904761905
ENSG00000126870	0.009523809523809525
ENSG00000126895	0.009523809523809525
ENSG00000126945	0.009523809523809525
ENSG00000126970	0.009523809523809525
ENSG00000127084	0.009523809523809525
ENSG00000127124	0.009523809523809525
ENSG00000127125	0.009523809523809525
ENSG00000127249	0.009523809523809525
ENSG00000127418	0.009523809523809525
ENSG00000127463	0.009523809523809525
ENSG00000127527	0.01904761904761905
ENSG00000127603	0.01904761904761905
ENSG00000127616	0.009523809523809525
ENSG00000127663	0.009523809523809525
ENSG00000127831	0.01904761904761905
ENSG00000127903	0.009523809523809525
ENSG00000127947	0.009523809523809525
ENSG00000127955	0.009523809523809525
ENSG00000127980	0.009523809523809525
ENSG00000127989	0.009523809523809525
ENSG00000128000	0.009523809523809525
ENSG00000128011	0.02857142857142857
ENSG00000128016	0.009523809523809525
ENSG00000128250	0.009523809523809525
ENSG00000128268	0.009523809523809525
ENSG00000128294	0.009523809523809525
ENSG00000128512	0.009523809523809525
ENSG00000128524	0.009523809523809525
ENSG00000128573	0.009523809523809525
ENSG00000128591	0.01904761904761905
ENSG00000128602	0.009523809523809525
ENSG00000128683	0.009523809523809525
ENSG00000128709	0.009523809523809525
ENSG00000128713	0.009523809523809525
ENSG00000128731	0.0380952380952381
ENSG00000128815	0.009523809523809525
ENSG00000128829	0.009523809523809525
ENSG00000128918	0.009523809523809525
ENSG00000129009	0.009523809523809525
ENSG00000129083	0.009523809523809525
ENSG00000129151	0.009523809523809525
ENSG00000129159	0.009523809523809525
ENSG00000129292	0.009523809523809525
ENSG00000129317	0.009523809523809525
ENSG00000129353	0.01904761904761905
ENSG00000129422	0.009523809523809525
ENSG00000129484	0.009523809523809525
ENSG00000129566	0.009523809523809525
ENSG00000129646	0.01904761904761905
ENSG00000129657	0.009523809523809525
ENSG00000129680	0.009523809523809525
ENSG00000129696	0.009523809523809525
ENSG00000129910	0.009523809523809525
ENSG00000129932	0.01904761904761905
ENSG00000129993	0.009523809523809525
ENSG00000130023	0.009523809523809525
ENSG00000130032	0.009523809523809525
ENSG00000130037	0.02857142857142857
ENSG00000130150	0.009523809523809525
ENSG00000130167	0.009523809523809525
ENSG00000130224	0.009523809523809525
ENSG00000130226	0.01904761904761905
ENSG00000130283	0.009523809523809525
ENSG00000130294	0.009523809523809525
ENSG00000130300	0.009523809523809525
ENSG00000130304	0.009523809523809525
ENSG00000130338	0.01904761904761905
ENSG00000130377	0.01904761904761905
ENSG00000130382	0.009523809523809525
ENSG00000130402	0.009523809523809525
ENSG00000130414	0.009523809523809525
ENSG00000130477	0.009523809523809525
ENSG00000130479	0.009523809523809525
ENSG00000130508	0.01904761904761905
ENSG00000130540	0.009523809523809525
ENSG00000130544	0.009523809523809525
ENSG00000130559	0.009523809523809525
ENSG00000130561	0.01904761904761905
ENSG00000130589	0.02857142857142857
ENSG00000130635	0.01904761904761905
ENSG00000130640	0.009523809523809525
ENSG00000130699	0.009523809523809525
ENSG00000130701	0.009523809523809525
ENSG00000130726	0.01904761904761905
ENSG00000130741	0.009523809523809525
ENSG00000130764	0.009523809523809525
ENSG00000130779	0.009523809523809525
ENSG00000130816	0.009523809523809525
ENSG00000130822	0.009523809523809525
ENSG00000130827	0.009523809523809525
ENSG00000130844	0.009523809523809525
ENSG00000130940	0.009523809523809525
ENSG00000131016	0.009523809523809525
ENSG00000131018	0.06666666666666667
ENSG00000131023	0.009523809523809525
ENSG00000131089	0.009523809523809525
ENSG00000131116	0.009523809523809525
ENSG00000131187	0.009523809523809525
ENSG00000131196	0.009523809523809525
ENSG00000131242	0.009523809523809525
ENSG00000131263	0.009523809523809525
ENSG00000131264	0.009523809523809525
ENSG00000131351	0.009523809523809525
ENSG00000131378	0.009523809523809525
ENSG00000131386	0.009523809523809525
ENSG00000131398	0.009523809523809525
ENSG00000131437	0.009523809523809525
ENSG00000131462	0.009523809523809525
ENSG00000131558	0.009523809523809525
ENSG00000131620	0.009523809523809525
ENSG00000131652	0.009523809523809525
ENSG00000131653	0.009523809523809525
ENSG00000131697	0.009523809523809525
ENSG00000131711	0.009523809523809525
ENSG00000131746	0.009523809523809525
ENSG00000131864	0.009523809523809525
ENSG00000131941	0.009523809523809525
ENSG00000131951	0.009523809523809525
ENSG00000132141	0.009523809523809525
ENSG00000132182	0.009523809523809525
ENSG00000132313	0.009523809523809525
ENSG00000132330	0.009523809523809525
ENSG00000132394	0.009523809523809525
ENSG00000132436	0.009523809523809525
ENSG00000132466	0.009523809523809525
ENSG00000132481	0.009523809523809525
ENSG00000132510	0.009523809523809525
ENSG00000132535	0.009523809523809525
ENSG00000132549	0.0380952380952381
ENSG00000132589	0.009523809523809525
ENSG00000132600	0.009523809523809525
ENSG00000132604	0.009523809523809525
ENSG00000132622	0.009523809523809525
ENSG00000132635	0.009523809523809525
ENSG00000132671	0.009523809523809525
ENSG00000132676	0.009523809523809525
ENSG00000132681	0.009523809523809525
ENSG00000132746	0.009523809523809525
ENSG00000132842	0.009523809523809525
ENSG00000132849	0.009523809523809525
ENSG00000132970	0.01904761904761905
ENSG00000133019	0.009523809523809525
ENSG00000133026	0.01904761904761905
ENSG00000133063	0.009523809523809525
ENSG00000133083	0.01904761904761905
ENSG00000133101	0.009523809523809525
ENSG00000133103	0.009523809523809525
ENSG00000133110	0.01904761904761905
ENSG00000133116	0.02857142857142857
ENSG00000133119	0.009523809523809525
ENSG00000133124	0.009523809523809525
ENSG00000133138	0.009523809523809525
ENSG00000133216	0.009523809523809525
ENSG00000133265	0.009523809523809525
ENSG00000133302	0.009523809523809525
ENSG00000133318	0.009523809523809525
ENSG00000133401	0.009523809523809525
ENSG00000133422	0.009523809523809525
ENSG00000133454	0.01904761904761905
ENSG00000133612	0.009523809523809525
ENSG00000133640	0.009523809523809525
ENSG00000133641	0.009523809523809525
ENSG00000133703	0.9619047619047619
ENSG00000133704	0.01904761904761905
ENSG00000133958	0.0380952380952381
ENSG00000133980	0.009523809523809525
ENSG00000133983	0.009523809523809525
ENSG00000134115	0.02857142857142857
ENSG00000134121	0.009523809523809525
ENSG00000134152	0.009523809523809525
ENSG00000134160	0.009523809523809525
ENSG00000134215	0.009523809523809525
ENSG00000134243	0.009523809523809525
ENSG00000134249	0.02857142857142857
ENSG00000134250	0.01904761904761905
ENSG00000134253	0.009523809523809525
ENSG00000134262	0.01904761904761905
ENSG00000134317	0.009523809523809525
ENSG00000134369	0.009523809523809525
ENSG00000134389	0.009523809523809525
ENSG00000134438	0.009523809523809525
ENSG00000134461	0.009523809523809525
ENSG00000134490	0.009523809523809525
ENSG00000134508	0.009523809523809525
ENSG00000134516	0.06666666666666667
ENSG00000134532	0.009523809523809525
ENSG00000134538	0.009523809523809525
ENSG00000134594	0.009523809523809525
ENSG00000134640	0.009523809523809525
ENSG00000134684	0.009523809523809525
ENSG00000134698	0.009523809523809525
ENSG00000134744	0.009523809523809525
ENSG00000134812	0.009523809523809525
ENSG00000134824	0.01904761904761905
ENSG00000134853	0.009523809523809525
ENSG00000134900	0.009523809523809525
ENSG00000134909	0.009523809523809525
ENSG00000135070	0.009523809523809525
ENSG00000135074	0.01904761904761905
ENSG00000135090	0.009523809523809525
ENSG00000135094	0.009523809523809525
ENSG00000135108	0.009523809523809525
ENSG00000135124	0.009523809523809525
ENSG00000135127	0.009523809523809525
ENSG00000135226	0.009523809523809525
ENSG00000135250	0.009523809523809525
ENSG00000135253	0.009523809523809525
ENSG00000135297	0.009523809523809525
ENSG00000135298	0.01904761904761905
ENSG00000135316	0.009523809523809525
ENSG00000135333	0.009523809523809525
ENSG00000135346	0.009523809523809525
ENSG00000135355	0.009523809523809525
ENSG00000135362	0.009523809523809525
ENSG00000135372	0.009523809523809525
ENSG00000135443	0.009523809523809525
ENSG00000135476	0.01904761904761905
ENSG00000135480	0.009523809523809525
ENSG00000135503	0.02857142857142857
ENSG00000135519	0.009523809523809525
ENSG00000135541	0.009523809523809525
ENSG00000135547	0.009523809523809525
ENSG00000135577	0.009523809523809525
ENSG00000135605	0.009523809523809525
ENSG00000135632	0.009523809523809525
ENSG00000135636	0.02857142857142857
ENSG00000135750	0.009523809523809525
ENSG00000135801	0.01904761904761905
ENSG00000135835	0.02857142857142857
ENSG00000135898	0.009523809523809525
ENSG00000135905	0.009523809523809525
ENSG00000135916	0.009523809523809525
ENSG00000135973	0.009523809523809525
ENSG00000135976	0.009523809523809525
ENSG00000136003	0.009523809523809525
ENSG00000136011	0.01904761904761905
ENSG00000136040	0.009523809523809525
ENSG00000136051	0.009523809523809525
ENSG00000136068	0.009523809523809525
ENSG00000136099	0.009523809523809525
ENSG00000136104	0.009523809523809525
ENSG00000136111	0.01904761904761905
ENSG00000136114	0.009523809523809525
ENSG00000136146	0.009523809523809525
ENSG00000136167	0.009523809523809525
ENSG00000136193	0.009523809523809525
ENSG00000136205	0.009523809523809525
ENSG00000136213	0.009523809523809525
ENSG00000136279	0.009523809523809525
ENSG00000136297	0.009523809523809525
ENSG00000136378	0.009523809523809525
ENSG00000136449	0.009523809523809525
ENSG00000136488	0.009523809523809525
ENSG00000136492	0.01904761904761905
ENSG00000136527	0.009523809523809525
ENSG00000136531	0.009523809523809525
ENSG00000136535	0.009523809523809525
ENSG00000136546	0.009523809523809525
ENSG00000136574	0.009523809523809525
ENSG00000136628	0.009523809523809525
ENSG00000136636	0.009523809523809525
ENSG00000136709	0.009523809523809525
ENSG00000136802	0.009523809523809525
ENSG00000136826	0.009523809523809525
ENSG00000136830	0.009523809523809525
ENSG00000136848	0.009523809523809525
ENSG00000136854	0.009523809523809525
ENSG00000136861	0.01904761904761905
ENSG00000136866	0.009523809523809525
ENSG00000136881	0.009523809523809525
ENSG00000136895	0.009523809523809525
ENSG00000136929	0.01904761904761905
ENSG00000136931	0.009523809523809525
ENSG00000136937	0.009523809523809525
ENSG00000136960	0.009523809523809525
ENSG00000136997	0.009523809523809525
ENSG00000137055	0.009523809523809525
ENSG00000137094	0.009523809523809525
ENSG00000137103	0.009523809523809525
ENSG00000137216	0.009523809523809525
ENSG00000137221	0.009523809523809525
ENSG00000137261	0.009523809523809525
ENSG00000137266	0.009523809523809525
ENSG00000137270	0.009523809523809525
ENSG00000137338	0.009523809523809525
ENSG00000137411	0.01904761904761905
ENSG00000137414	0.009523809523809525
ENSG00000137449	0.01904761904761905
ENSG00000137473	0.01904761904761905
ENSG00000137474	0.009523809523809525
ENSG00000137491	0.009523809523809525
ENSG00000137563	0.009523809523809525
ENSG00000137573	0.009523809523809525
ENSG00000137601	0.009523809523809525
ENSG00000137672	0.009523809523809525
ENSG00000137674	0.009523809523809525
ENSG00000137692	0.009523809523809525
ENSG00000137707	0.009523809523809525
ENSG00000137713	0.009523809523809525
ENSG00000137766	0.01904761904761905
ENSG00000137767	0.009523809523809525
ENSG00000137770	0.009523809523809525
ENSG00000137801	0.009523809523809525
ENSG00000137807	0.009523809523809525
ENSG00000137812	0.009523809523809525
ENSG00000137815	0.009523809523809525
ENSG00000137843	0.009523809523809525
ENSG00000137872	0.009523809523809525
ENSG00000137877	0.02857142857142857
ENSG00000137948	0.009523809523809525
ENSG00000138035	0.01904761904761905
ENSG00000138039	0.009523809523809525
ENSG00000138161	0.009523809523809525
ENSG00000138166	0.009523809523809525
ENSG00000138246	0.009523809523809525
ENSG00000138308	0.009523809523809525
ENSG00000138311	0.009523809523809525
ENSG00000138316	0.009523809523809525
ENSG00000138336	0.01904761904761905
ENSG00000138347	0.01904761904761905
ENSG00000138356	0.009523809523809525
ENSG00000138375	0.009523809523809525
ENSG00000138382	0.009523809523809525
ENSG00000138398	0.009523809523809525
ENSG00000138439	0.009523809523809525
ENSG00000138449	0.01904761904761905
ENSG00000138468	0.009523809523809525
ENSG00000138587	0.009523809523809525
ENSG00000138600	0.009523809523809525
ENSG00000138604	0.009523809523809525
ENSG00000138615	0.009523809523809525
ENSG00000138622	0.009523809523809525
ENSG00000138640	0.009523809523809525
ENSG00000138646	0.009523809523809525
ENSG00000138658	0.009523809523809525
ENSG00000138663	0.009523809523809525
ENSG00000138685	0.009523809523809525
ENSG00000138688	0.009523809523809525
ENSG00000138741	0.01904761904761905
ENSG00000138759	0.01904761904761905
ENSG00000138771	0.009523809523809525
ENSG00000138792	0.009523809523809525
ENSG00000138802	0.009523809523809525
ENSG00000138814	0.009523809523809525
ENSG00000138829	0.009523809523809525
ENSG00000138944	0.009523809523809525
ENSG00000139044	0.009523809523809525
ENSG00000139117	0.009523809523809525
ENSG00000139174	0.009523809523809525
ENSG00000139178	0.009523809523809525
ENSG00000139209	0.009523809523809525
ENSG00000139211	0.009523809523809525
ENSG00000139219	0.009523809523809525
ENSG00000139220	0.009523809523809525
ENSG00000139291	0.009523809523809525
ENSG00000139292	0.009523809523809525
ENSG00000139304	0.009523809523809525
ENSG00000139318	0.009523809523809525
ENSG00000139329	0.01904761904761905
ENSG00000139354	0.009523809523809525
ENSG00000139364	0.009523809523809525
ENSG00000139517	0.009523809523809525
ENSG00000139618	0.01904761904761905
ENSG00000139620	0.009523809523809525
ENSG00000139626	0.009523809523809525
ENSG00000139629	0.009523809523809525
ENSG00000139648	0.009523809523809525
ENSG00000139687	0.009523809523809525
ENSG00000139718	0.01904761904761905
ENSG00000139767	0.01904761904761905
ENSG00000139797	0.01904761904761905
ENSG00000139874	0.009523809523809525
ENSG00000139880	0.009523809523809525
ENSG00000139908	0.009523809523809525
ENSG00000139915	0.02857142857142857
ENSG00000139970	0.009523809523809525
ENSG00000139985	0.009523809523809525
ENSG00000140279	0.009523809523809525
ENSG00000140326	0.009523809523809525
ENSG00000140332	0.009523809523809525
ENSG00000140400	0.01904761904761905
ENSG00000140459	0.009523809523809525
ENSG00000140465	0.009523809523809525
ENSG00000140470	0.009523809523809525
ENSG00000140506	0.009523809523809525
ENSG00000140522	0.009523809523809525
ENSG00000140543	0.009523809523809525
ENSG00000140548	0.009523809523809525
ENSG00000140553	0.009523809523809525
ENSG00000140598	0.009523809523809525
ENSG00000140675	0.01904761904761905
ENSG00000140678	0.02857142857142857
ENSG00000140691	0.01904761904761905
ENSG00000140807	0.009523809523809525
ENSG00000140829	0.009523809523809525
ENSG00000140835	0.009523809523809525
ENSG00000140836	0.009523809523809525
ENSG00000140853	0.009523809523809525
ENSG00000140873	0.02857142857142857
ENSG00000140937	0.009523809523809525
ENSG00000140955	0.009523809523809525
ENSG00000140968	0.009523809523809525
ENSG00000140983	0.009523809523809525
ENSG00000141013	0.009523809523809525
ENSG00000141034	0.009523809523809525
ENSG00000141052	0.009523809523809525
ENSG00000141068	0.01904761904761905
ENSG00000141096	0.009523809523809525
ENSG00000141161	0.01904761904761905
ENSG00000141200	0.009523809523809525
ENSG00000141258	0.009523809523809525
ENSG00000141314	0.009523809523809525
ENSG00000141338	0.01904761904761905
ENSG00000141367	0.01904761904761905
ENSG00000141376	0.009523809523809525
ENSG00000141401	0.009523809523809525
ENSG00000141431	0.009523809523809525
ENSG00000141434	0.009523809523809525
ENSG00000141447	0.009523809523809525
ENSG00000141449	0.01904761904761905
ENSG00000141452	0.009523809523809525
ENSG00000141503	0.009523809523809525
ENSG00000141510	0.8285714285714286
ENSG00000141519	0.009523809523809525
ENSG00000141524	0.009523809523809525
ENSG00000141639	0.009523809523809525
ENSG00000141646	0.19047619047619047
ENSG00000141741	0.009523809523809525
ENSG00000141750	0.009523809523809525
ENSG00000141837	0.009523809523809525
ENSG00000141858	0.009523809523809525
ENSG00000141867	0.009523809523809525
ENSG00000141905	0.009523809523809525
ENSG00000142149	0.009523809523809525
ENSG00000142156	0.02857142857142857
ENSG00000142182	0.009523809523809525
ENSG00000142207	0.009523809523809525
ENSG00000142303	0.01904761904761905
ENSG00000142319	0.009523809523809525
ENSG00000142347	0.01904761904761905
ENSG00000142405	0.009523809523809525
ENSG00000142449	0.05714285714285714
ENSG00000142515	0.009523809523809525
ENSG00000142528	0.009523809523809525
ENSG00000142530	0.009523809523809525
ENSG00000142549	0.009523809523809525
ENSG00000142599	0.009523809523809525
ENSG00000142606	0.009523809523809525
ENSG00000142627	0.009523809523809525
ENSG00000142661	0.009523809523809525
ENSG00000142675	0.009523809523809525
ENSG00000142694	0.009523809523809525
ENSG00000142733	0.01904761904761905
ENSG00000142784	0.009523809523809525
ENSG00000142798	0.01904761904761905
ENSG00000142949	0.009523809523809525
ENSG00000143032	0.009523809523809525
ENSG00000143067	0.009523809523809525
ENSG00000143149	0.009523809523809525
ENSG00000143190	0.009523809523809525
ENSG00000143207	0.009523809523809525
ENSG00000143341	0.009523809523809525
ENSG00000143373	0.009523809523809525
ENSG00000143374	0.009523809523809525
ENSG00000143390	0.009523809523809525
ENSG00000143473	0.009523809523809525
ENSG00000143493	0.01904761904761905
ENSG00000143498	0.009523809523809525
ENSG00000143507	0.009523809523809525
ENSG00000143512	0.009523809523809525
ENSG00000143520	0.009523809523809525
ENSG00000143537	0.009523809523809525
ENSG00000143549	0.009523809523809525
ENSG00000143552	0.009523809523809525
ENSG00000143569	0.009523809523809525
ENSG00000143578	0.009523809523809525
ENSG00000143612	0.009523809523809525
ENSG00000143631	0.009523809523809525
ENSG00000143641	0.009523809523809525
ENSG00000143669	0.009523809523809525
ENSG00000143674	0.009523809523809525
ENSG00000143748	0.009523809523809525
ENSG00000143751	0.009523809523809525
ENSG00000143801	0.009523809523809525
ENSG00000143819	0.009523809523809525
ENSG00000143847	0.02857142857142857
ENSG00000143867	0.009523809523809525
ENSG00000143878	0.009523809523809525
ENSG00000143951	0.009523809523809525
ENSG00000143971	0.009523809523809525
ENSG00000144026	0.009523809523809525
ENSG00000144028	0.01904761904761905
ENSG00000144029	0.009523809523809525
ENSG00000144057	0.02857142857142857
ENSG00000144118	0.009523809523809525
ENSG00000144191	0.009523809523809525
ENSG00000144228	0.009523809523809525
ENSG00000144229	0.01904761904761905
ENSG00000144285	0.01904761904761905
ENSG00000144290	0.01904761904761905
ENSG00000144381	0.009523809523809525
ENSG00000144406	0.0380952380952381
ENSG00000144451	0.009523809523809525
ENSG00000144452	0.009523809523809525
ENSG00000144460	0.009523809523809525
ENSG00000144481	0.009523809523809525
ENSG00000144488	0.009523809523809525
ENSG00000144550	0.009523809523809525
ENSG00000144589	0.009523809523809525
ENSG00000144619	0.01904761904761905
ENSG00000144644	0.009523809523809525
ENSG00000144668	0.009523809523809525
ENSG00000144671	0.009523809523809525
ENSG00000144677	0.009523809523809525
ENSG00000144712	0.009523809523809525
ENSG00000144736	0.009523809523809525
ENSG00000144771	0.009523809523809525
ENSG00000144802	0.009523809523809525
ENSG00000144821	0.009523809523809525
ENSG00000144857	0.009523809523809525
ENSG00000144893	0.01904761904761905
ENSG00000144909	0.009523809523809525
ENSG00000145113	0.009523809523809525
ENSG00000145147	0.02857142857142857
ENSG00000145191	0.009523809523809525
ENSG00000145194	0.009523809523809525
ENSG00000145198	0.009523809523809525
ENSG00000145220	0.009523809523809525
ENSG00000145241	0.009523809523809525
ENSG00000145242	0.009523809523809525
ENSG00000145244	0.01904761904761905
ENSG00000145337	0.009523809523809525
ENSG00000145375	0.009523809523809525
ENSG00000145388	0.009523809523809525
ENSG00000145451	0.009523809523809525
ENSG00000145536	0.009523809523809525
ENSG00000145555	0.009523809523809525
ENSG00000145642	0.009523809523809525
ENSG00000145700	0.009523809523809525
ENSG00000145734	0.01904761904761905
ENSG00000145794	0.009523809523809525
ENSG00000145808	0.01904761904761905
ENSG00000145819	0.009523809523809525
ENSG00000145861	0.009523809523809525
ENSG00000145863	0.009523809523809525
ENSG00000145882	0.009523809523809525
ENSG00000145901	0.009523809523809525
ENSG00000145934	0.02857142857142857
ENSG00000145949	0.01904761904761905
ENSG00000145982	0.009523809523809525
ENSG00000145990	0.01904761904761905
ENSG00000146038	0.009523809523809525
ENSG00000146054	0.009523809523809525
ENSG00000146197	0.01904761904761905
ENSG00000146216	0.009523809523809525
ENSG00000146221	0.009523809523809525
ENSG00000146282	0.009523809523809525
ENSG00000146350	0.01904761904761905
ENSG00000146352	0.009523809523809525
ENSG00000146373	0.009523809523809525
ENSG00000146411	0.009523809523809525
ENSG00000146457	0.009523809523809525
ENSG00000146530	0.01904761904761905
ENSG00000146834	0.009523809523809525
ENSG00000146909	0.009523809523809525
ENSG00000146910	0.009523809523809525
ENSG00000146938	0.01904761904761905
ENSG00000146950	0.01904761904761905
ENSG00000146955	0.009523809523809525
ENSG00000146963	0.009523809523809525
ENSG00000146966	0.009523809523809525
ENSG00000147041	0.009523809523809525
ENSG00000147044	0.009523809523809525
ENSG00000147050	0.01904761904761905
ENSG00000147118	0.01904761904761905
ENSG00000147140	0.009523809523809525
ENSG00000147162	0.01904761904761905
ENSG00000147206	0.01904761904761905
ENSG00000147234	0.009523809523809525
ENSG00000147246	0.009523809523809525
ENSG00000147255	0.02857142857142857
ENSG00000147256	0.009523809523809525
ENSG00000147274	0.009523809523809525
ENSG00000147381	0.009523809523809525
ENSG00000147419	0.009523809523809525
ENSG00000147485	0.05714285714285714
ENSG00000147573	0.009523809523809525
ENSG00000147586	0.009523809523809525
ENSG00000147647	0.02857142857142857
ENSG00000147724	0.01904761904761905
ENSG00000147789	0.009523809523809525
ENSG00000147799	0.01904761904761905
ENSG00000147852	0.009523809523809525
ENSG00000147889	0.22857142857142856
ENSG00000148053	0.009523809523809525
ENSG00000148120	0.009523809523809525
ENSG00000148187	0.009523809523809525
ENSG00000148204	0.009523809523809525
ENSG00000148291	0.009523809523809525
ENSG00000148337	0.009523809523809525
ENSG00000148356	0.009523809523809525
ENSG00000148357	0.009523809523809525
ENSG00000148362	0.009523809523809525
ENSG00000148408	0.01904761904761905
ENSG00000148426	0.009523809523809525
ENSG00000148482	0.01904761904761905
ENSG00000148498	0.01904761904761905
ENSG00000148516	0.009523809523809525
ENSG00000148541	0.009523809523809525
ENSG00000148704	0.009523809523809525
ENSG00000148773	0.009523809523809525
ENSG00000148843	0.01904761904761905
ENSG00000148848	0.009523809523809525
ENSG00000148965	0.009523809523809525
ENSG00000149050	0.009523809523809525
ENSG00000149054	0.009523809523809525
ENSG00000149090	0.009523809523809525
ENSG00000149115	0.009523809523809525
ENSG00000149136	0.009523809523809525
ENSG00000149256	0.01904761904761905
ENSG00000149294	0.01904761904761905
ENSG00000149300	0.009523809523809525
ENSG00000149305	0.01904761904761905
ENSG00000149311	0.02857142857142857
ENSG00000149328	0.009523809523809525
ENSG00000149357	0.009523809523809525
ENSG00000149403	0.009523809523809525
ENSG00000149418	0.01904761904761905
ENSG00000149428	0.009523809523809525
ENSG00000149452	0.009523809523809525
ENSG00000149571	0.01904761904761905
ENSG00000149635	0.009523809523809525
ENSG00000149654	0.02857142857142857
ENSG00000149782	0.009523809523809525
ENSG00000149823	0.009523809523809525
ENSG00000149930	0.009523809523809525
ENSG00000150054	0.009523809523809525
ENSG00000150275	0.01904761904761905
ENSG00000150361	0.009523809523809525
ENSG00000150471	0.009523809523809525
ENSG00000150551	0.009523809523809525
ENSG00000150625	0.009523809523809525
ENSG00000150627	0.009523809523809525
ENSG00000150630	0.009523809523809525
ENSG00000150637	0.009523809523809525
ENSG00000150764	0.009523809523809525
ENSG00000150893	0.01904761904761905
ENSG00000150995	0.009523809523809525
ENSG00000151025	0.009523809523809525
ENSG00000151067	0.01904761904761905
ENSG00000151079	0.009523809523809525
ENSG00000151150	0.01904761904761905
ENSG00000151208	0.01904761904761905
ENSG00000151224	0.009523809523809525
ENSG00000151292	0.009523809523809525
ENSG00000151332	0.009523809523809525
ENSG00000151388	0.009523809523809525
ENSG00000151458	0.009523809523809525
ENSG00000151490	0.009523809523809525
ENSG00000151651	0.009523809523809525
ENSG00000151655	0.009523809523809525
ENSG00000151690	0.009523809523809525
ENSG00000151694	0.009523809523809525
ENSG00000151779	0.009523809523809525
ENSG00000151812	0.009523809523809525
ENSG00000151849	0.01904761904761905
ENSG00000151892	0.009523809523809525
ENSG00000151914	0.01904761904761905
ENSG00000151952	0.01904761904761905
ENSG00000152034	0.009523809523809525
ENSG00000152092	0.01904761904761905
ENSG00000152137	0.009523809523809525
ENSG00000152154	0.009523809523809525
ENSG00000152192	0.009523809523809525
ENSG00000152208	0.009523809523809525
ENSG00000152213	0.009523809523809525
ENSG00000152217	0.01904761904761905
ENSG00000152240	0.009523809523809525
ENSG00000152291	0.009523809523809525
ENSG00000152377	0.009523809523809525
ENSG00000152382	0.009523809523809525
ENSG00000152454	0.009523809523809525
ENSG00000152580	0.01904761904761905
ENSG00000152582	0.009523809523809525
ENSG00000152592	0.01904761904761905
ENSG00000152689	0.009523809523809525
ENSG00000152795	0.009523809523809525
ENSG00000152818	0.009523809523809525
ENSG00000152822	0.01904761904761905
ENSG00000152953	0.009523809523809525
ENSG00000152969	0.009523809523809525
ENSG00000153165	0.009523809523809525
ENSG00000153187	0.009523809523809525
ENSG00000153201	0.009523809523809525
ENSG00000153246	0.01904761904761905
ENSG00000153253	0.02857142857142857
ENSG00000153446	0.009523809523809525
ENSG00000153487	0.009523809523809525
ENSG00000153498	0.009523809523809525
ENSG00000153684	0.009523809523809525
ENSG00000153707	0.009523809523809525
ENSG00000153802	0.009523809523809525
ENSG00000153822	0.009523809523809525
ENSG00000153827	0.01904761904761905
ENSG00000153930	0.009523809523809525
ENSG00000153956	0.009523809523809525
ENSG00000154016	0.009523809523809525
ENSG00000154027	0.009523809523809525
ENSG00000154096	0.009523809523809525
ENSG00000154118	0.01904761904761905
ENSG00000154134	0.01904761904761905
ENSG00000154162	0.01904761904761905
ENSG00000154227	0.009523809523809525
ENSG00000154237	0.01904761904761905
ENSG00000154258	0.009523809523809525
ENSG00000154262	0.009523809523809525
ENSG00000154263	0.01904761904761905
ENSG00000154265	0.009523809523809525
ENSG00000154269	0.009523809523809525
ENSG00000154310	0.009523809523809525
ENSG00000154330	0.009523809523809525
ENSG00000154342	0.009523809523809525
ENSG00000154358	0.0380952380952381
ENSG00000154415	0.009523809523809525
ENSG00000154447	0.01904761904761905
ENSG00000154478	0.01904761904761905
ENSG00000154485	0.009523809523809525
ENSG00000154493	0.01904761904761905
ENSG00000154645	0.009523809523809525
ENSG00000154654	0.01904761904761905
ENSG00000154655	0.009523809523809525
ENSG00000154678	0.009523809523809525
ENSG00000154734	0.01904761904761905
ENSG00000154736	0.02857142857142857
ENSG00000154743	0.009523809523809525
ENSG00000154783	0.009523809523809525
ENSG00000154814	0.009523809523809525
ENSG00000154945	0.009523809523809525
ENSG00000154975	0.009523809523809525
ENSG00000154997	0.009523809523809525
ENSG00000155052	0.01904761904761905
ENSG00000155100	0.009523809523809525
ENSG00000155269	0.009523809523809525
ENSG00000155287	0.009523809523809525
ENSG00000155495	0.01904761904761905
ENSG00000155511	0.0380952380952381
ENSG00000155657	0.11428571428571428
ENSG00000155659	0.009523809523809525
ENSG00000155660	0.009523809523809525
ENSG00000155749	0.009523809523809525
ENSG00000155816	0.0380952380952381
ENSG00000155890	0.02857142857142857
ENSG00000155897	0.01904761904761905
ENSG00000155961	0.009523809523809525
ENSG00000155966	0.01904761904761905
ENSG00000155980	0.009523809523809525
ENSG00000156030	0.009523809523809525
ENSG00000156150	0.009523809523809525
ENSG00000156194	0.009523809523809525
ENSG00000156218	0.047619047619047616
ENSG00000156222	0.009523809523809525
ENSG00000156261	0.009523809523809525
ENSG00000156269	0.009523809523809525
ENSG00000156282	0.01904761904761905
ENSG00000156299	0.009523809523809525
ENSG00000156345	0.009523809523809525
ENSG00000156414	0.009523809523809525
ENSG00000156453	0.009523809523809525
ENSG00000156471	0.009523809523809525
ENSG00000156502	0.009523809523809525
ENSG00000156508	0.009523809523809525
ENSG00000156564	0.009523809523809525
ENSG00000156650	0.009523809523809525
ENSG00000156671	0.009523809523809525
ENSG00000156687	0.009523809523809525
ENSG00000156920	0.009523809523809525
ENSG00000156925	0.009523809523809525
ENSG00000157131	0.009523809523809525
ENSG00000157168	0.009523809523809525
ENSG00000157181	0.009523809523809525
ENSG00000157212	0.009523809523809525
ENSG00000157240	0.009523809523809525
ENSG00000157343	0.009523809523809525
ENSG00000157350	0.009523809523809525
ENSG00000157368	0.009523809523809525
ENSG00000157404	0.009523809523809525
ENSG00000157423	0.0380952380952381
ENSG00000157445	0.009523809523809525
ENSG00000157554	0.009523809523809525
ENSG00000157557	0.009523809523809525
ENSG00000157653	0.009523809523809525
ENSG00000157654	0.009523809523809525
ENSG00000157657	0.009523809523809525
ENSG00000157764	0.009523809523809525
ENSG00000157765	0.01904761904761905
ENSG00000157766	0.01904761904761905
ENSG00000157927	0.009523809523809525
ENSG00000158023	0.009523809523809525
ENSG00000158089	0.009523809523809525
ENSG00000158113	0.009523809523809525
ENSG00000158125	0.02857142857142857
ENSG00000158201	0.009523809523809525
ENSG00000158220	0.009523809523809525
ENSG00000158258	0.009523809523809525
ENSG00000158270	0.01904761904761905
ENSG00000158290	0.009523809523809525
ENSG00000158292	0.009523809523809525
ENSG00000158321	0.01904761904761905
ENSG00000158352	0.009523809523809525
ENSG00000158417	0.009523809523809525
ENSG00000158525	0.01904761904761905
ENSG00000158528	0.009523809523809525
ENSG00000158578	0.01904761904761905
ENSG00000158623	0.009523809523809525
ENSG00000158669	0.009523809523809525
ENSG00000158683	0.009523809523809525
ENSG00000158715	0.01904761904761905
ENSG00000158805	0.009523809523809525
ENSG00000158859	0.02857142857142857
ENSG00000158865	0.009523809523809525
ENSG00000158941	0.009523809523809525
ENSG00000158985	0.009523809523809525
ENSG00000158987	0.01904761904761905
ENSG00000159063	0.009523809523809525
ENSG00000159069	0.01904761904761905
ENSG00000159128	0.009523809523809525
ENSG00000159164	0.009523809523809525
ENSG00000159217	0.009523809523809525
ENSG00000159248	0.009523809523809525
ENSG00000159307	0.009523809523809525
ENSG00000159339	0.009523809523809525
ENSG00000159363	0.009523809523809525
ENSG00000159387	0.009523809523809525
ENSG00000159398	0.009523809523809525
ENSG00000159409	0.009523809523809525
ENSG00000159433	0.047619047619047616
ENSG00000159450	0.009523809523809525
ENSG00000159625	0.009523809523809525
ENSG00000159640	0.009523809523809525
ENSG00000159650	0.01904761904761905
ENSG00000159708	0.009523809523809525
ENSG00000159753	0.009523809523809525
ENSG00000159788	0.009523809523809525
ENSG00000159792	0.009523809523809525
ENSG00000159842	0.009523809523809525
ENSG00000159905	0.009523809523809525
ENSG00000160007	0.009523809523809525
ENSG00000160013	0.009523809523809525
ENSG00000160111	0.009523809523809525
ENSG00000160145	0.009523809523809525
ENSG00000160161	0.009523809523809525
ENSG00000160211	0.009523809523809525
ENSG00000160282	0.009523809523809525
ENSG00000160284	0.009523809523809525
ENSG00000160299	0.009523809523809525
ENSG00000160318	0.009523809523809525
ENSG00000160321	0.01904761904761905
ENSG00000160323	0.009523809523809525
ENSG00000160469	0.009523809523809525
ENSG00000160505	0.01904761904761905
ENSG00000160688	0.01904761904761905
ENSG00000160716	0.009523809523809525
ENSG00000160752	0.009523809523809525
ENSG00000160838	0.009523809523809525
ENSG00000160877	0.009523809523809525
ENSG00000160883	0.009523809523809525
ENSG00000160886	0.009523809523809525
ENSG00000160949	0.01904761904761905
ENSG00000160957	0.01904761904761905
ENSG00000160999	0.009523809523809525
ENSG00000161013	0.009523809523809525
ENSG00000161180	0.009523809523809525
ENSG00000161202	0.01904761904761905
ENSG00000161217	0.01904761904761905
ENSG00000161270	0.009523809523809525
ENSG00000161381	0.009523809523809525
ENSG00000161395	0.009523809523809525
ENSG00000161509	0.009523809523809525
ENSG00000161664	0.009523809523809525
ENSG00000161681	0.01904761904761905
ENSG00000161850	0.009523809523809525
ENSG00000161992	0.009523809523809525
ENSG00000161996	0.009523809523809525
ENSG00000162039	0.009523809523809525
ENSG00000162062	0.009523809523809525
ENSG00000162144	0.009523809523809525
ENSG00000162231	0.009523809523809525
ENSG00000162298	0.009523809523809525
ENSG00000162337	0.009523809523809525
ENSG00000162402	0.009523809523809525
ENSG00000162426	0.009523809523809525
ENSG00000162490	0.009523809523809525
ENSG00000162493	0.009523809523809525
ENSG00000162591	0.009523809523809525
ENSG00000162592	0.009523809523809525
ENSG00000162599	0.009523809523809525
ENSG00000162613	0.009523809523809525
ENSG00000162618	0.009523809523809525
ENSG00000162624	0.009523809523809525
ENSG00000162627	0.009523809523809525
ENSG00000162643	0.009523809523809525
ENSG00000162669	0.009523809523809525
ENSG00000162670	0.009523809523809525
ENSG00000162687	0.01904761904761905
ENSG00000162692	0.009523809523809525
ENSG00000162711	0.009523809523809525
ENSG00000162714	0.009523809523809525
ENSG00000162728	0.009523809523809525
ENSG00000162729	0.01904761904761905
ENSG00000162735	0.009523809523809525
ENSG00000162738	0.009523809523809525
ENSG00000162745	0.009523809523809525
ENSG00000162761	0.009523809523809525
ENSG00000162779	0.01904761904761905
ENSG00000162804	0.009523809523809525
ENSG00000162843	0.009523809523809525
ENSG00000162849	0.01904761904761905
ENSG00000162889	0.009523809523809525
ENSG00000162896	0.009523809523809525
ENSG00000162923	0.009523809523809525
ENSG00000162951	0.009523809523809525
ENSG00000162981	0.009523809523809525
ENSG00000162992	0.01904761904761905
ENSG00000163053	0.01904761904761905
ENSG00000163060	0.009523809523809525
ENSG00000163071	0.009523809523809525
ENSG00000163075	0.009523809523809525
ENSG00000163082	0.009523809523809525
ENSG00000163092	0.009523809523809525
ENSG00000163207	0.009523809523809525
ENSG00000163235	0.009523809523809525
ENSG00000163254	0.009523809523809525
ENSG00000163288	0.009523809523809525
ENSG00000163328	0.009523809523809525
ENSG00000163346	0.009523809523809525
ENSG00000163349	0.009523809523809525
ENSG00000163354	0.009523809523809525
ENSG00000163357	0.009523809523809525
ENSG00000163359	0.02857142857142857
ENSG00000163377	0.009523809523809525
ENSG00000163378	0.009523809523809525
ENSG00000163395	0.009523809523809525
ENSG00000163399	0.009523809523809525
ENSG00000163453	0.009523809523809525
ENSG00000163462	0.009523809523809525
ENSG00000163464	0.009523809523809525
ENSG00000163468	0.009523809523809525
ENSG00000163491	0.009523809523809525
ENSG00000163501	0.009523809523809525
ENSG00000163513	0.0380952380952381
ENSG00000163516	0.009523809523809525
ENSG00000163519	0.009523809523809525
ENSG00000163521	0.009523809523809525
ENSG00000163534	0.009523809523809525
ENSG00000163554	0.01904761904761905
ENSG00000163564	0.009523809523809525
ENSG00000163568	0.009523809523809525
ENSG00000163618	0.01904761904761905
ENSG00000163625	0.009523809523809525
ENSG00000163629	0.009523809523809525
ENSG00000163637	0.009523809523809525
ENSG00000163638	0.009523809523809525
ENSG00000163644	0.009523809523809525
ENSG00000163694	0.009523809523809525
ENSG00000163702	0.01904761904761905
ENSG00000163736	0.009523809523809525
ENSG00000163739	0.009523809523809525
ENSG00000163755	0.009523809523809525
ENSG00000163793	0.009523809523809525
ENSG00000163808	0.009523809523809525
ENSG00000163814	0.009523809523809525
ENSG00000163833	0.009523809523809525
ENSG00000163848	0.009523809523809525
ENSG00000163867	0.009523809523809525
ENSG00000163873	0.009523809523809525
ENSG00000163930	0.009523809523809525
ENSG00000163931	0.009523809523809525
ENSG00000163939	0.009523809523809525
ENSG00000163956	0.009523809523809525
ENSG00000163961	0.009523809523809525
ENSG00000164031	0.009523809523809525
ENSG00000164056	0.009523809523809525
ENSG00000164066	0.009523809523809525
ENSG00000164077	0.01904761904761905
ENSG00000164117	0.009523809523809525
ENSG00000164161	0.009523809523809525
ENSG00000164163	0.009523809523809525
ENSG00000164176	0.009523809523809525
ENSG00000164190	0.009523809523809525
ENSG00000164197	0.009523809523809525
ENSG00000164199	0.01904761904761905
ENSG00000164236	0.009523809523809525
ENSG00000164244	0.009523809523809525
ENSG00000164253	0.01904761904761905
ENSG00000164270	0.009523809523809525
ENSG00000164292	0.009523809523809525
ENSG00000164306	0.01904761904761905
ENSG00000164309	0.009523809523809525
ENSG00000164318	0.009523809523809525
ENSG00000164327	0.009523809523809525
ENSG00000164330	0.009523809523809525
ENSG00000164402	0.009523809523809525
ENSG00000164414	0.009523809523809525
ENSG00000164418	0.0380952380952381
ENSG00000164463	0.009523809523809525
ENSG00000164509	0.009523809523809525
ENSG00000164532	0.009523809523809525
ENSG00000164542	0.009523809523809525
ENSG00000164588	0.02857142857142857
ENSG00000164597	0.009523809523809525
ENSG00000164603	0.009523809523809525
ENSG00000164659	0.01904761904761905
ENSG00000164663	0.009523809523809525
ENSG00000164692	0.009523809523809525
ENSG00000164694	0.009523809523809525
ENSG00000164736	0.009523809523809525
ENSG00000164741	0.009523809523809525
ENSG00000164743	0.009523809523809525
ENSG00000164756	0.009523809523809525
ENSG00000164776	0.009523809523809525
ENSG00000164794	0.01904761904761905
ENSG00000164796	0.0380952380952381
ENSG00000164818	0.009523809523809525
ENSG00000164853	0.009523809523809525
ENSG00000164877	0.009523809523809525
ENSG00000164880	0.009523809523809525
ENSG00000164904	0.009523809523809525
ENSG00000164916	0.009523809523809525
ENSG00000164919	0.009523809523809525
ENSG00000164961	0.009523809523809525
ENSG00000165006	0.009523809523809525
ENSG00000165025	0.009523809523809525
ENSG00000165084	0.009523809523809525
ENSG00000165102	0.009523809523809525
ENSG00000165113	0.01904761904761905
ENSG00000165124	0.02857142857142857
ENSG00000165125	0.009523809523809525
ENSG00000165164	0.009523809523809525
ENSG00000165171	0.009523809523809525
ENSG00000165181	0.009523809523809525
ENSG00000165194	0.009523809523809525
ENSG00000165195	0.009523809523809525
ENSG00000165238	0.009523809523809525
ENSG00000165271	0.009523809523809525
ENSG00000165282	0.009523809523809525
ENSG00000165288	0.02857142857142857
ENSG00000165312	0.009523809523809525
ENSG00000165323	0.0380952380952381
ENSG00000165349	0.009523809523809525
ENSG00000165355	0.009523809523809525
ENSG00000165379	0.009523809523809525
ENSG00000165392	0.009523809523809525
ENSG00000165443	0.009523809523809525
ENSG00000165490	0.009523809523809525
ENSG00000165494	0.009523809523809525
ENSG00000165548	0.009523809523809525
ENSG00000165606	0.009523809523809525
ENSG00000165617	0.009523809523809525
ENSG00000165632	0.009523809523809525
ENSG00000165660	0.009523809523809525
ENSG00000165671	0.009523809523809525
ENSG00000165694	0.009523809523809525
ENSG00000165695	0.009523809523809525
ENSG00000165757	0.009523809523809525
ENSG00000165832	0.009523809523809525
ENSG00000165841	0.009523809523809525
ENSG00000165887	0.009523809523809525
ENSG00000165917	0.009523809523809525
ENSG00000165923	0.009523809523809525
ENSG00000165966	0.009523809523809525
ENSG00000165970	0.009523809523809525
ENSG00000165972	0.009523809523809525
ENSG00000166004	0.009523809523809525
ENSG00000166012	0.009523809523809525
ENSG00000166105	0.01904761904761905
ENSG00000166123	0.009523809523809525
ENSG00000166147	0.009523809523809525
ENSG00000166169	0.009523809523809525
ENSG00000166226	0.009523809523809525
ENSG00000166272	0.009523809523809525
ENSG00000166292	0.009523809523809525
ENSG00000166311	0.009523809523809525
ENSG00000166341	0.009523809523809525
ENSG00000166349	0.009523809523809525
ENSG00000166415	0.009523809523809525
ENSG00000166473	0.009523809523809525
ENSG00000166508	0.009523809523809525
ENSG00000166526	0.009523809523809525
ENSG00000166535	0.009523809523809525
ENSG00000166685	0.01904761904761905
ENSG00000166736	0.009523809523809525
ENSG00000166747	0.009523809523809525
ENSG00000166813	0.009523809523809525
ENSG00000166816	0.009523809523809525
ENSG00000166825	0.009523809523809525
ENSG00000166833	0.009523809523809525
ENSG00000166847	0.009523809523809525
ENSG00000166855	0.009523809523809525
ENSG00000166866	0.009523809523809525
ENSG00000166886	0.009523809523809525
ENSG00000166927	0.009523809523809525
ENSG00000167034	0.009523809523809525
ENSG00000167123	0.009523809523809525
ENSG00000167131	0.009523809523809525
ENSG00000167165	0.009523809523809525
ENSG00000167191	0.009523809523809525
ENSG00000167202	0.009523809523809525
ENSG00000167207	0.01904761904761905
ENSG00000167210	0.009523809523809525
ENSG00000167232	0.009523809523809525
ENSG00000167280	0.009523809523809525
ENSG00000167360	0.009523809523809525
ENSG00000167380	0.009523809523809525
ENSG00000167393	0.009523809523809525
ENSG00000167394	0.009523809523809525
ENSG00000167513	0.009523809523809525
ENSG00000167528	0.009523809523809525
ENSG00000167548	0.05714285714285714
ENSG00000167554	0.009523809523809525
ENSG00000167608	0.009523809523809525
ENSG00000167614	0.009523809523809525
ENSG00000167642	0.009523809523809525
ENSG00000167646	0.009523809523809525
ENSG00000167658	0.009523809523809525
ENSG00000167664	0.009523809523809525
ENSG00000167680	0.009523809523809525
ENSG00000167693	0.009523809523809525
ENSG00000167716	0.009523809523809525
ENSG00000167754	0.009523809523809525
ENSG00000167755	0.009523809523809525
ENSG00000167767	0.009523809523809525
ENSG00000167768	0.009523809523809525
ENSG00000167772	0.009523809523809525
ENSG00000167792	0.009523809523809525
ENSG00000167840	0.009523809523809525
ENSG00000167850	0.009523809523809525
ENSG00000167880	0.009523809523809525
ENSG00000167910	0.009523809523809525
ENSG00000167914	0.01904761904761905
ENSG00000167971	0.009523809523809525
ENSG00000167977	0.009523809523809525
ENSG00000167984	0.009523809523809525
ENSG00000168014	0.009523809523809525
ENSG00000168016	0.01904761904761905
ENSG00000168026	0.009523809523809525
ENSG00000168036	0.01904761904761905
ENSG00000168038	0.02857142857142857
ENSG00000168066	0.009523809523809525
ENSG00000168079	0.009523809523809525
ENSG00000168140	0.02857142857142857
ENSG00000168214	0.009523809523809525
ENSG00000168268	0.009523809523809525
ENSG00000168269	0.01904761904761905
ENSG00000168280	0.009523809523809525
ENSG00000168301	0.009523809523809525
ENSG00000168386	0.01904761904761905
ENSG00000168395	0.009523809523809525
ENSG00000168427	0.009523809523809525
ENSG00000168439	0.009523809523809525
ENSG00000168502	0.01904761904761905
ENSG00000168517	0.009523809523809525
ENSG00000168542	0.009523809523809525
ENSG00000168594	0.01904761904761905
ENSG00000168619	0.009523809523809525
ENSG00000168646	0.009523809523809525
ENSG00000168675	0.009523809523809525
ENSG00000168676	0.009523809523809525
ENSG00000168679	0.009523809523809525
ENSG00000168685	0.009523809523809525
ENSG00000168702	0.08571428571428572
ENSG00000168710	0.009523809523809525
ENSG00000168724	0.01904761904761905
ENSG00000168754	0.009523809523809525
ENSG00000168769	0.009523809523809525
ENSG00000168779	0.009523809523809525
ENSG00000168830	0.01904761904761905
ENSG00000168843	0.009523809523809525
ENSG00000168961	0.01904761904761905
ENSG00000169026	0.009523809523809525
ENSG00000169035	0.009523809523809525
ENSG00000169047	0.009523809523809525
ENSG00000169083	0.009523809523809525
ENSG00000169122	0.009523809523809525
ENSG00000169126	0.009523809523809525
ENSG00000169131	0.009523809523809525
ENSG00000169174	0.009523809523809525
ENSG00000169181	0.009523809523809525
ENSG00000169184	0.02857142857142857
ENSG00000169194	0.009523809523809525
ENSG00000169214	0.009523809523809525
ENSG00000169220	0.009523809523809525
ENSG00000169221	0.009523809523809525
ENSG00000169231	0.009523809523809525
ENSG00000169248	0.009523809523809525
ENSG00000169271	0.009523809523809525
ENSG00000169291	0.009523809523809525
ENSG00000169297	0.009523809523809525
ENSG00000169306	0.01904761904761905
ENSG00000169344	0.009523809523809525
ENSG00000169375	0.009523809523809525
ENSG00000169379	0.009523809523809525
ENSG00000169397	0.009523809523809525
ENSG00000169432	0.009523809523809525
ENSG00000169435	0.009523809523809525
ENSG00000169436	0.01904761904761905
ENSG00000169499	0.009523809523809525
ENSG00000169548	0.009523809523809525
ENSG00000169551	0.009523809523809525
ENSG00000169570	0.009523809523809525
ENSG00000169594	0.009523809523809525
ENSG00000169618	0.009523809523809525
ENSG00000169629	0.009523809523809525
ENSG00000169676	0.009523809523809525
ENSG00000169704	0.009523809523809525
ENSG00000169710	0.009523809523809525
ENSG00000169740	0.009523809523809525
ENSG00000169760	0.01904761904761905
ENSG00000169783	0.009523809523809525
ENSG00000169836	0.009523809523809525
ENSG00000169855	0.01904761904761905
ENSG00000169862	0.009523809523809525
ENSG00000169871	0.01904761904761905
ENSG00000169876	0.009523809523809525
ENSG00000169891	0.01904761904761905
ENSG00000169896	0.009523809523809525
ENSG00000169918	0.009523809523809525
ENSG00000169933	0.02857142857142857
ENSG00000169991	0.009523809523809525
ENSG00000169994	0.009523809523809525
ENSG00000170113	0.009523809523809525
ENSG00000170128	0.009523809523809525
ENSG00000170153	0.009523809523809525
ENSG00000170209	0.009523809523809525
ENSG00000170214	0.009523809523809525
ENSG00000170266	0.009523809523809525
ENSG00000170310	0.009523809523809525
ENSG00000170322	0.009523809523809525
ENSG00000170370	0.009523809523809525
ENSG00000170396	0.009523809523809525
ENSG00000170456	0.009523809523809525
ENSG00000170471	0.009523809523809525
ENSG00000170486	0.009523809523809525
ENSG00000170549	0.02857142857142857
ENSG00000170561	0.05714285714285714
ENSG00000170577	0.009523809523809525
ENSG00000170604	0.009523809523809525
ENSG00000170613	0.009523809523809525
ENSG00000170638	0.009523809523809525
ENSG00000170703	0.009523809523809525
ENSG00000170745	0.009523809523809525
ENSG00000170790	0.009523809523809525
ENSG00000170802	0.009523809523809525
ENSG00000170832	0.009523809523809525
ENSG00000170835	0.01904761904761905
ENSG00000170848	0.009523809523809525
ENSG00000170871	0.009523809523809525
ENSG00000170927	0.009523809523809525
ENSG00000170929	0.02857142857142857
ENSG00000170949	0.009523809523809525
ENSG00000170959	0.009523809523809525
ENSG00000170961	0.01904761904761905
ENSG00000170967	0.009523809523809525
ENSG00000170989	0.009523809523809525
ENSG00000171004	0.009523809523809525
ENSG00000171014	0.009523809523809525
ENSG00000171017	0.009523809523809525
ENSG00000171054	0.009523809523809525
ENSG00000171094	0.009523809523809525
ENSG00000171115	0.009523809523809525
ENSG00000171189	0.009523809523809525
ENSG00000171219	0.009523809523809525
ENSG00000171223	0.009523809523809525
ENSG00000171241	0.009523809523809525
ENSG00000171262	0.009523809523809525
ENSG00000171316	0.009523809523809525
ENSG00000171345	0.01904761904761905
ENSG00000171401	0.009523809523809525
ENSG00000171431	0.01904761904761905
ENSG00000171435	0.009523809523809525
ENSG00000171444	0.009523809523809525
ENSG00000171453	0.009523809523809525
ENSG00000171456	0.009523809523809525
ENSG00000171501	0.009523809523809525
ENSG00000171505	0.009523809523809525
ENSG00000171574	0.009523809523809525
ENSG00000171587	0.0380952380952381
ENSG00000171612	0.009523809523809525
ENSG00000171617	0.009523809523809525
ENSG00000171681	0.009523809523809525
ENSG00000171724	0.01904761904761905
ENSG00000171757	0.009523809523809525
ENSG00000171777	0.009523809523809525
ENSG00000171798	0.01904761904761905
ENSG00000171804	0.009523809523809525
ENSG00000171811	0.009523809523809525
ENSG00000171812	0.009523809523809525
ENSG00000171813	0.009523809523809525
ENSG00000171855	0.009523809523809525
ENSG00000171951	0.009523809523809525
ENSG00000171988	0.009523809523809525
ENSG00000172000	0.009523809523809525
ENSG00000172009	0.009523809523809525
ENSG00000172037	0.009523809523809525
ENSG00000172046	0.01904761904761905
ENSG00000172156	0.009523809523809525
ENSG00000172159	0.009523809523809525
ENSG00000172188	0.009523809523809525
ENSG00000172209	0.009523809523809525
ENSG00000172238	0.009523809523809525
ENSG00000172264	0.009523809523809525
ENSG00000172296	0.009523809523809525
ENSG00000172318	0.01904761904761905
ENSG00000172346	0.009523809523809525
ENSG00000172349	0.01904761904761905
ENSG00000172350	0.009523809523809525
ENSG00000172366	0.009523809523809525
ENSG00000172403	0.01904761904761905
ENSG00000172421	0.009523809523809525
ENSG00000172464	0.009523809523809525
ENSG00000172469	0.009523809523809525
ENSG00000172497	0.009523809523809525
ENSG00000172500	0.009523809523809525
ENSG00000172508	0.009523809523809525
ENSG00000172519	0.01904761904761905
ENSG00000172538	0.009523809523809525
ENSG00000172554	0.009523809523809525
ENSG00000172572	0.02857142857142857
ENSG00000172661	0.009523809523809525
ENSG00000172716	0.009523809523809525
ENSG00000172766	0.009523809523809525
ENSG00000172771	0.009523809523809525
ENSG00000172824	0.009523809523809525
ENSG00000172830	0.009523809523809525
ENSG00000172831	0.01904761904761905
ENSG00000172840	0.009523809523809525
ENSG00000172867	0.009523809523809525
ENSG00000172901	0.009523809523809525
ENSG00000172915	0.01904761904761905
ENSG00000172954	0.009523809523809525
ENSG00000172987	0.01904761904761905
ENSG00000173039	0.009523809523809525
ENSG00000173040	0.01904761904761905
ENSG00000173064	0.01904761904761905
ENSG00000173114	0.009523809523809525
ENSG00000173120	0.009523809523809525
ENSG00000173157	0.009523809523809525
ENSG00000173175	0.009523809523809525
ENSG00000173198	0.009523809523809525
ENSG00000173208	0.009523809523809525
ENSG00000173226	0.009523809523809525
ENSG00000173230	0.009523809523809525
ENSG00000173258	0.009523809523809525
ENSG00000173262	0.009523809523809525
ENSG00000173376	0.009523809523809525
ENSG00000173480	0.01904761904761905
ENSG00000173546	0.009523809523809525
ENSG00000173559	0.009523809523809525
ENSG00000173567	0.009523809523809525
ENSG00000173585	0.009523809523809525
ENSG00000173610	0.009523809523809525
ENSG00000173638	0.009523809523809525
ENSG00000173679	0.009523809523809525
ENSG00000173706	0.009523809523809525
ENSG00000173801	0.009523809523809525
ENSG00000173821	0.009523809523809525
ENSG00000173826	0.009523809523809525
ENSG00000173852	0.009523809523809525
ENSG00000173898	0.009523809523809525
ENSG00000173991	0.009523809523809525
ENSG00000174004	0.01904761904761905
ENSG00000174015	0.009523809523809525
ENSG00000174106	0.009523809523809525
ENSG00000174123	0.01904761904761905
ENSG00000174175	0.009523809523809525
ENSG00000174197	0.009523809523809525
ENSG00000174231	0.009523809523809525
ENSG00000174243	0.009523809523809525
ENSG00000174279	0.009523809523809525
ENSG00000174332	0.009523809523809525
ENSG00000174358	0.01904761904761905
ENSG00000174373	0.01904761904761905
ENSG00000174429	0.009523809523809525
ENSG00000174473	0.009523809523809525
ENSG00000174485	0.009523809523809525
ENSG00000174564	0.01904761904761905
ENSG00000174669	0.009523809523809525
ENSG00000174672	0.01904761904761905
ENSG00000174697	0.009523809523809525
ENSG00000174718	0.009523809523809525
ENSG00000174738	0.009523809523809525
ENSG00000174740	0.009523809523809525
ENSG00000174776	0.009523809523809525
ENSG00000174807	0.009523809523809525
ENSG00000174808	0.009523809523809525
ENSG00000174885	0.01904761904761905
ENSG00000174938	0.009523809523809525
ENSG00000174948	0.009523809523809525
ENSG00000174951	0.009523809523809525
ENSG00000174953	0.009523809523809525
ENSG00000174963	0.01904761904761905
ENSG00000175054	0.009523809523809525
ENSG00000175073	0.009523809523809525
ENSG00000175084	0.009523809523809525
ENSG00000175093	0.009523809523809525
ENSG00000175097	0.009523809523809525
ENSG00000175143	0.01904761904761905
ENSG00000175216	0.01904761904761905
ENSG00000175221	0.009523809523809525
ENSG00000175229	0.009523809523809525
ENSG00000175264	0.009523809523809525
ENSG00000175265	0.009523809523809525
ENSG00000175294	0.009523809523809525
ENSG00000175322	0.009523809523809525
ENSG00000175325	0.009523809523809525
ENSG00000175329	0.009523809523809525
ENSG00000175356	0.009523809523809525
ENSG00000175416	0.009523809523809525
ENSG00000175426	0.009523809523809525
ENSG00000175463	0.009523809523809525
ENSG00000175497	0.009523809523809525
ENSG00000175513	0.009523809523809525
ENSG00000175518	0.009523809523809525
ENSG00000175550	0.009523809523809525
ENSG00000175556	0.009523809523809525
ENSG00000175581	0.009523809523809525
ENSG00000175600	0.009523809523809525
ENSG00000175707	0.01904761904761905
ENSG00000175718	0.01904761904761905
ENSG00000175792	0.009523809523809525
ENSG00000175809	0.009523809523809525
ENSG00000175832	0.009523809523809525
ENSG00000175874	0.009523809523809525
ENSG00000175946	0.009523809523809525
ENSG00000176046	0.009523809523809525
ENSG00000176160	0.01904761904761905
ENSG00000176200	0.01904761904761905
ENSG00000176208	0.009523809523809525
ENSG00000176219	0.009523809523809525
ENSG00000176273	0.009523809523809525
ENSG00000176293	0.01904761904761905
ENSG00000176406	0.01904761904761905
ENSG00000176435	0.009523809523809525
ENSG00000176547	0.009523809523809525
ENSG00000176566	0.009523809523809525
ENSG00000176567	0.009523809523809525
ENSG00000176571	0.009523809523809525
ENSG00000176601	0.009523809523809525
ENSG00000176623	0.009523809523809525
ENSG00000176742	0.009523809523809525
ENSG00000176769	0.009523809523809525
ENSG00000176771	0.01904761904761905
ENSG00000176845	0.009523809523809525
ENSG00000176927	0.009523809523809525
ENSG00000176978	0.009523809523809525
ENSG00000177103	0.009523809523809525
ENSG00000177138	0.009523809523809525
ENSG00000177169	0.01904761904761905
ENSG00000177174	0.009523809523809525
ENSG00000177189	0.009523809523809525
ENSG00000177191	0.009523809523809525
ENSG00000177238	0.01904761904761905
ENSG00000177272	0.009523809523809525
ENSG00000177283	0.009523809523809525
ENSG00000177303	0.009523809523809525
ENSG00000177354	0.0380952380952381
ENSG00000177363	0.009523809523809525
ENSG00000177380	0.01904761904761905
ENSG00000177398	0.01904761904761905
ENSG00000177409	0.01904761904761905
ENSG00000177469	0.009523809523809525
ENSG00000177479	0.009523809523809525
ENSG00000177483	0.009523809523809525
ENSG00000177494	0.009523809523809525
ENSG00000177508	0.009523809523809525
ENSG00000177548	0.009523809523809525
ENSG00000177595	0.009523809523809525
ENSG00000177599	0.009523809523809525
ENSG00000177697	0.009523809523809525
ENSG00000177752	0.009523809523809525
ENSG00000177839	0.009523809523809525
ENSG00000177875	0.009523809523809525
ENSG00000177917	0.009523809523809525
ENSG00000177963	0.009523809523809525
ENSG00000178104	0.009523809523809525
ENSG00000178115	0.01904761904761905
ENSG00000178149	0.009523809523809525
ENSG00000178187	0.009523809523809525
ENSG00000178188	0.009523809523809525
ENSG00000178209	0.009523809523809525
ENSG00000178235	0.0380952380952381
ENSG00000178385	0.01904761904761905
ENSG00000178386	0.009523809523809525
ENSG00000178394	0.009523809523809525
ENSG00000178409	0.009523809523809525
ENSG00000178445	0.009523809523809525
ENSG00000178462	0.009523809523809525
ENSG00000178498	0.009523809523809525
ENSG00000178568	0.0380952380952381
ENSG00000178597	0.009523809523809525
ENSG00000178795	0.009523809523809525
ENSG00000178804	0.009523809523809525
ENSG00000178821	0.009523809523809525
ENSG00000178860	0.009523809523809525
ENSG00000178882	0.009523809523809525
ENSG00000178919	0.009523809523809525
ENSG00000178921	0.009523809523809525
ENSG00000178950	0.009523809523809525
ENSG00000178952	0.009523809523809525
ENSG00000178965	0.01904761904761905
ENSG00000179002	0.009523809523809525
ENSG00000179008	0.009523809523809525
ENSG00000179057	0.009523809523809525
ENSG00000179104	0.01904761904761905
ENSG00000179163	0.01904761904761905
ENSG00000179195	0.009523809523809525
ENSG00000179241	0.009523809523809525
ENSG00000179292	0.009523809523809525
ENSG00000179397	0.009523809523809525
ENSG00000179455	0.02857142857142857
ENSG00000179477	0.009523809523809525
ENSG00000179532	0.009523809523809525
ENSG00000179588	0.009523809523809525
ENSG00000179626	0.009523809523809525
ENSG00000179630	0.009523809523809525
ENSG00000179639	0.009523809523809525
ENSG00000179698	0.009523809523809525
ENSG00000179709	0.02857142857142857
ENSG00000179715	0.009523809523809525
ENSG00000179750	0.009523809523809525
ENSG00000179817	0.009523809523809525
ENSG00000179846	0.009523809523809525
ENSG00000179855	0.009523809523809525
ENSG00000179869	0.01904761904761905
ENSG00000179873	0.009523809523809525
ENSG00000179915	0.009523809523809525
ENSG00000179921	0.009523809523809525
ENSG00000179922	0.009523809523809525
ENSG00000179930	0.009523809523809525
ENSG00000179938	0.009523809523809525
ENSG00000179954	0.02857142857142857
ENSG00000179981	0.009523809523809525
ENSG00000180113	0.02857142857142857
ENSG00000180190	0.01904761904761905
ENSG00000180263	0.01904761904761905
ENSG00000180347	0.01904761904761905
ENSG00000180353	0.009523809523809525
ENSG00000180357	0.009523809523809525
ENSG00000180432	0.009523809523809525
ENSG00000180530	0.009523809523809525
ENSG00000180708	0.009523809523809525
ENSG00000180720	0.009523809523809525
ENSG00000180758	0.01904761904761905
ENSG00000180767	0.009523809523809525
ENSG00000180777	0.0380952380952381
ENSG00000180818	0.009523809523809525
ENSG00000180879	0.009523809523809525
ENSG00000180884	0.009523809523809525
ENSG00000180921	0.01904761904761905
ENSG00000180938	0.009523809523809525
ENSG00000180974	0.009523809523809525
ENSG00000180988	0.009523809523809525
ENSG00000180998	0.009523809523809525
ENSG00000181001	0.009523809523809525
ENSG00000181072	0.009523809523809525
ENSG00000181143	0.05714285714285714
ENSG00000181218	0.009523809523809525
ENSG00000181220	0.009523809523809525
ENSG00000181234	0.01904761904761905
ENSG00000181284	0.009523809523809525
ENSG00000181291	0.009523809523809525
ENSG00000181409	0.009523809523809525
ENSG00000181418	0.009523809523809525
ENSG00000181481	0.009523809523809525
ENSG00000181544	0.009523809523809525
ENSG00000181555	0.009523809523809525
ENSG00000181588	0.009523809523809525
ENSG00000181609	0.009523809523809525
ENSG00000181619	0.009523809523809525
ENSG00000181626	0.009523809523809525
ENSG00000181638	0.009523809523809525
ENSG00000181722	0.009523809523809525
ENSG00000181744	0.009523809523809525
ENSG00000181752	0.01904761904761905
ENSG00000181761	0.009523809523809525
ENSG00000181767	0.009523809523809525
ENSG00000181789	0.009523809523809525
ENSG00000181790	0.009523809523809525
ENSG00000181803	0.009523809523809525
ENSG00000181827	0.009523809523809525
ENSG00000181873	0.009523809523809525
ENSG00000181894	0.009523809523809525
ENSG00000181903	0.009523809523809525
ENSG00000181958	0.009523809523809525
ENSG00000181982	0.009523809523809525
ENSG00000182022	0.02857142857142857
ENSG00000182070	0.009523809523809525
ENSG00000182107	0.009523809523809525
ENSG00000182168	0.009523809523809525
ENSG00000182170	0.009523809523809525
ENSG00000182177	0.009523809523809525
ENSG00000182195	0.009523809523809525
ENSG00000182197	0.009523809523809525
ENSG00000182240	0.009523809523809525
ENSG00000182253	0.009523809523809525
ENSG00000182256	0.009523809523809525
ENSG00000182263	0.01904761904761905
ENSG00000182271	0.009523809523809525
ENSG00000182272	0.009523809523809525
ENSG00000182308	0.01904761904761905
ENSG00000182327	0.009523809523809525
ENSG00000182348	0.01904761904761905
ENSG00000182378	0.009523809523809525
ENSG00000182389	0.009523809523809525
ENSG00000182393	0.009523809523809525
ENSG00000182400	0.009523809523809525
ENSG00000182541	0.009523809523809525
ENSG00000182557	0.009523809523809525
ENSG00000182575	0.009523809523809525
ENSG00000182584	0.009523809523809525
ENSG00000182601	0.009523809523809525
ENSG00000182606	0.009523809523809525
ENSG00000182634	0.009523809523809525
ENSG00000182652	0.009523809523809525
ENSG00000182674	0.01904761904761905
ENSG00000182687	0.009523809523809525
ENSG00000182700	0.009523809523809525
ENSG00000182742	0.009523809523809525
ENSG00000182752	0.01904761904761905
ENSG00000182771	0.009523809523809525
ENSG00000182795	0.009523809523809525
ENSG00000182798	0.02857142857142857
ENSG00000182836	0.009523809523809525
ENSG00000182854	0.009523809523809525
ENSG00000182872	0.047619047619047616
ENSG00000182885	0.009523809523809525
ENSG00000182903	0.009523809523809525
ENSG00000182938	0.009523809523809525
ENSG00000182950	0.009523809523809525
ENSG00000182973	0.009523809523809525
ENSG00000183010	0.009523809523809525
ENSG00000183034	0.009523809523809525
ENSG00000183035	0.009523809523809525
ENSG00000183048	0.009523809523809525
ENSG00000183049	0.009523809523809525
ENSG00000183072	0.009523809523809525
ENSG00000183090	0.01904761904761905
ENSG00000183091	0.01904761904761905
ENSG00000183114	0.009523809523809525
ENSG00000183117	0.0761904761904762
ENSG00000183287	0.009523809523809525
ENSG00000183304	0.01904761904761905
ENSG00000183337	0.02857142857142857
ENSG00000183354	0.009523809523809525
ENSG00000183379	0.009523809523809525
ENSG00000183389	0.009523809523809525
ENSG00000183434	0.009523809523809525
ENSG00000183463	0.009523809523809525
ENSG00000183479	0.009523809523809525
ENSG00000183495	0.02857142857142857
ENSG00000183530	0.009523809523809525
ENSG00000183549	0.009523809523809525
ENSG00000183560	0.009523809523809525
ENSG00000183571	0.009523809523809525
ENSG00000183579	0.01904761904761905
ENSG00000183621	0.009523809523809525
ENSG00000183638	0.009523809523809525
ENSG00000183654	0.009523809523809525
ENSG00000183662	0.009523809523809525
ENSG00000183709	0.009523809523809525
ENSG00000183715	0.009523809523809525
ENSG00000183762	0.009523809523809525
ENSG00000183775	0.009523809523809525
ENSG00000183779	0.009523809523809525
ENSG00000183780	0.01904761904761905
ENSG00000183837	0.009523809523809525
ENSG00000183862	0.009523809523809525
ENSG00000183921	0.009523809523809525
ENSG00000183960	0.009523809523809525
ENSG00000183963	0.009523809523809525
ENSG00000184005	0.009523809523809525
ENSG00000184014	0.009523809523809525
ENSG00000184155	0.009523809523809525
ENSG00000184216	0.009523809523809525
ENSG00000184232	0.009523809523809525
ENSG00000184347	0.01904761904761905
ENSG00000184350	0.009523809523809525
ENSG00000184368	0.009523809523809525
ENSG00000184408	0.009523809523809525
ENSG00000184486	0.009523809523809525
ENSG00000184564	0.009523809523809525
ENSG00000184571	0.01904761904761905
ENSG00000184611	0.009523809523809525
ENSG00000184613	0.01904761904761905
ENSG00000184650	0.009523809523809525
ENSG00000184661	0.009523809523809525
ENSG00000184675	0.009523809523809525
ENSG00000184698	0.009523809523809525
ENSG00000184735	0.009523809523809525
ENSG00000184792	0.009523809523809525
ENSG00000184811	0.009523809523809525
ENSG00000184838	0.009523809523809525
ENSG00000184916	0.009523809523809525
ENSG00000184925	0.009523809523809525
ENSG00000184956	0.009523809523809525
ENSG00000184986	0.01904761904761905
ENSG00000185008	0.009523809523809525
ENSG00000185013	0.009523809523809525
ENSG00000185024	0.009523809523809525
ENSG00000185028	0.009523809523809525
ENSG00000185038	0.01904761904761905
ENSG00000185049	0.009523809523809525
ENSG00000185052	0.01904761904761905
ENSG00000185053	0.009523809523809525
ENSG00000185070	0.009523809523809525
ENSG00000185104	0.009523809523809525
ENSG00000185122	0.009523809523809525
ENSG00000185149	0.009523809523809525
ENSG00000185158	0.009523809523809525
ENSG00000185189	0.009523809523809525
ENSG00000185215	0.009523809523809525
ENSG00000185222	0.009523809523809525
ENSG00000185236	0.009523809523809525
ENSG00000185269	0.01904761904761905
ENSG00000185274	0.009523809523809525
ENSG00000185298	0.009523809523809525
ENSG00000185313	0.009523809523809525
ENSG00000185340	0.009523809523809525
ENSG00000185344	0.01904761904761905
ENSG00000185361	0.009523809523809525
ENSG00000185448	0.01904761904761905
ENSG00000185453	0.009523809523809525
ENSG00000185513	0.009523809523809525
ENSG00000185518	0.009523809523809525
ENSG00000185585	0.009523809523809525
ENSG00000185610	0.009523809523809525
ENSG00000185640	0.009523809523809525
ENSG00000185652	0.009523809523809525
ENSG00000185666	0.009523809523809525
ENSG00000185800	0.009523809523809525
ENSG00000185803	0.009523809523809525
ENSG00000185864	0.009523809523809525
ENSG00000185873	0.009523809523809525
ENSG00000185900	0.009523809523809525
ENSG00000185905	0.009523809523809525
ENSG00000185915	0.009523809523809525
ENSG00000185933	0.009523809523809525
ENSG00000185950	0.009523809523809525
ENSG00000185963	0.009523809523809525
ENSG00000185974	0.009523809523809525
ENSG00000185982	0.009523809523809525
ENSG00000186001	0.009523809523809525
ENSG00000186020	0.009523809523809525
ENSG00000186026	0.009523809523809525
ENSG00000186038	0.009523809523809525
ENSG00000186088	0.009523809523809525
ENSG00000186111	0.009523809523809525
ENSG00000186113	0.009523809523809525
ENSG00000186115	0.009523809523809525
ENSG00000186119	0.009523809523809525
ENSG00000186174	0.009523809523809525
ENSG00000186185	0.01904761904761905
ENSG00000186212	0.009523809523809525
ENSG00000186297	0.009523809523809525
ENSG00000186300	0.009523809523809525
ENSG00000186340	0.009523809523809525
ENSG00000186350	0.009523809523809525
ENSG00000186376	0.009523809523809525
ENSG00000186439	0.009523809523809525
ENSG00000186469	0.009523809523809525
ENSG00000186472	0.01904761904761905
ENSG00000186487	0.02857142857142857
ENSG00000186583	0.009523809523809525
ENSG00000186635	0.009523809523809525
ENSG00000186714	0.009523809523809525
ENSG00000186806	0.009523809523809525
ENSG00000186881	0.009523809523809525
ENSG00000186951	0.009523809523809525
ENSG00000186952	0.009523809523809525
ENSG00000186976	0.01904761904761905
ENSG00000186994	0.009523809523809525
ENSG00000187054	0.009523809523809525
ENSG00000187079	0.009523809523809525
ENSG00000187122	0.009523809523809525
ENSG00000187123	0.009523809523809525
ENSG00000187135	0.009523809523809525
ENSG00000187140	0.009523809523809525
ENSG00000187164	0.009523809523809525
ENSG00000187166	0.009523809523809525
ENSG00000187189	0.009523809523809525
ENSG00000187231	0.009523809523809525
ENSG00000187239	0.009523809523809525
ENSG00000187240	0.009523809523809525
ENSG00000187323	0.009523809523809525
ENSG00000187391	0.009523809523809525
ENSG00000187398	0.009523809523809525
ENSG00000187492	0.009523809523809525
ENSG00000187498	0.01904761904761905
ENSG00000187522	0.009523809523809525
ENSG00000187537	0.009523809523809525
ENSG00000187554	0.009523809523809525
ENSG00000187555	0.009523809523809525
ENSG00000187609	0.009523809523809525
ENSG00000187627	0.009523809523809525
ENSG00000187650	0.009523809523809525
ENSG00000187664	0.009523809523809525
ENSG00000187676	0.009523809523809525
ENSG00000187690	0.02857142857142857
ENSG00000187714	0.01904761904761905
ENSG00000187730	0.009523809523809525
ENSG00000187747	0.009523809523809525
ENSG00000187754	0.01904761904761905
ENSG00000187775	0.02857142857142857
ENSG00000187790	0.01904761904761905
ENSG00000187823	0.009523809523809525
ENSG00000187862	0.01904761904761905
ENSG00000187867	0.009523809523809525
ENSG00000187908	0.009523809523809525
ENSG00000187912	0.009523809523809525
ENSG00000187950	0.009523809523809525
ENSG00000188037	0.009523809523809525
ENSG00000188070	0.009523809523809525
ENSG00000188107	0.009523809523809525
ENSG00000188112	0.009523809523809525
ENSG00000188133	0.009523809523809525
ENSG00000188157	0.009523809523809525
ENSG00000188162	0.009523809523809525
ENSG00000188177	0.009523809523809525
ENSG00000188227	0.009523809523809525
ENSG00000188408	0.009523809523809525
ENSG00000188522	0.009523809523809525
ENSG00000188582	0.009523809523809525
ENSG00000188596	0.009523809523809525
ENSG00000188603	0.009523809523809525
ENSG00000188687	0.009523809523809525
ENSG00000188730	0.009523809523809525
ENSG00000188738	0.02857142857142857
ENSG00000188763	0.009523809523809525
ENSG00000188779	0.009523809523809525
ENSG00000188800	0.009523809523809525
ENSG00000188869	0.01904761904761905
ENSG00000188878	0.009523809523809525
ENSG00000188886	0.009523809523809525
ENSG00000188937	0.009523809523809525
ENSG00000188994	0.009523809523809525
ENSG00000189001	0.009523809523809525
ENSG00000189037	0.009523809523809525
ENSG00000189051	0.009523809523809525
ENSG00000189057	0.009523809523809525
ENSG00000189079	0.009523809523809525
ENSG00000189108	0.009523809523809525
ENSG00000189129	0.009523809523809525
ENSG00000189167	0.009523809523809525
ENSG00000189184	0.009523809523809525
ENSG00000189186	0.009523809523809525
ENSG00000189195	0.009523809523809525
ENSG00000189241	0.009523809523809525
ENSG00000189334	0.009523809523809525
ENSG00000189350	0.009523809523809525
ENSG00000189376	0.009523809523809525
ENSG00000189401	0.01904761904761905
ENSG00000196090	0.009523809523809525
ENSG00000196109	0.009523809523809525
ENSG00000196116	0.009523809523809525
ENSG00000196119	0.009523809523809525
ENSG00000196155	0.009523809523809525
ENSG00000196156	0.009523809523809525
ENSG00000196159	0.05714285714285714
ENSG00000196169	0.009523809523809525
ENSG00000196172	0.009523809523809525
ENSG00000196182	0.009523809523809525
ENSG00000196187	0.009523809523809525
ENSG00000196189	0.009523809523809525
ENSG00000196199	0.009523809523809525
ENSG00000196208	0.009523809523809525
ENSG00000196218	0.01904761904761905
ENSG00000196235	0.009523809523809525
ENSG00000196248	0.009523809523809525
ENSG00000196263	0.01904761904761905
ENSG00000196313	0.009523809523809525
ENSG00000196350	0.009523809523809525
ENSG00000196365	0.009523809523809525
ENSG00000196381	0.009523809523809525
ENSG00000196422	0.01904761904761905
ENSG00000196433	0.009523809523809525
ENSG00000196437	0.009523809523809525
ENSG00000196440	0.009523809523809525
ENSG00000196456	0.009523809523809525
ENSG00000196458	0.009523809523809525
ENSG00000196460	0.009523809523809525
ENSG00000196476	0.009523809523809525
ENSG00000196504	0.009523809523809525
ENSG00000196549	0.009523809523809525
ENSG00000196557	0.047619047619047616
ENSG00000196569	0.02857142857142857
ENSG00000196576	0.0380952380952381
ENSG00000196578	0.009523809523809525
ENSG00000196581	0.01904761904761905
ENSG00000196642	0.009523809523809525
ENSG00000196700	0.009523809523809525
ENSG00000196730	0.009523809523809525
ENSG00000196757	0.009523809523809525
ENSG00000196821	0.009523809523809525
ENSG00000196834	0.009523809523809525
ENSG00000196839	0.009523809523809525
ENSG00000196862	0.009523809523809525
ENSG00000196924	0.009523809523809525
ENSG00000196932	0.009523809523809525
ENSG00000196950	0.01904761904761905
ENSG00000196981	0.009523809523809525
ENSG00000196990	0.009523809523809525
ENSG00000196998	0.009523809523809525
ENSG00000197046	0.009523809523809525
ENSG00000197054	0.009523809523809525
ENSG00000197106	0.009523809523809525
ENSG00000197123	0.009523809523809525
ENSG00000197136	0.01904761904761905
ENSG00000197140	0.009523809523809525
ENSG00000197142	0.009523809523809525
ENSG00000197162	0.009523809523809525
ENSG00000197208	0.009523809523809525
ENSG00000197226	0.009523809523809525
ENSG00000197283	0.009523809523809525
ENSG00000197324	0.009523809523809525
ENSG00000197343	0.009523809523809525
ENSG00000197360	0.009523809523809525
ENSG00000197408	0.009523809523809525
ENSG00000197410	0.0380952380952381
ENSG00000197444	0.009523809523809525
ENSG00000197467	0.01904761904761905
ENSG00000197497	0.009523809523809525
ENSG00000197562	0.009523809523809525
ENSG00000197586	0.009523809523809525
ENSG00000197599	0.009523809523809525
ENSG00000197603	0.009523809523809525
ENSG00000197616	0.01904761904761905
ENSG00000197647	0.009523809523809525
ENSG00000197651	0.009523809523809525
ENSG00000197653	0.009523809523809525
ENSG00000197658	0.009523809523809525
ENSG00000197674	0.009523809523809525
ENSG00000197694	0.01904761904761905
ENSG00000197724	0.009523809523809525
ENSG00000197753	0.009523809523809525
ENSG00000197790	0.009523809523809525
ENSG00000197826	0.009523809523809525
ENSG00000197837	0.009523809523809525
ENSG00000197841	0.009523809523809525
ENSG00000197859	0.009523809523809525
ENSG00000197863	0.009523809523809525
ENSG00000197891	0.009523809523809525
ENSG00000197892	0.009523809523809525
ENSG00000197901	0.009523809523809525
ENSG00000197915	0.02857142857142857
ENSG00000197919	0.009523809523809525
ENSG00000197935	0.009523809523809525
ENSG00000197938	0.009523809523809525
ENSG00000197969	0.009523809523809525
ENSG00000197976	0.009523809523809525
ENSG00000197991	0.009523809523809525
ENSG00000198010	0.009523809523809525
ENSG00000198028	0.009523809523809525
ENSG00000198033	0.009523809523809525
ENSG00000198046	0.009523809523809525
ENSG00000198049	0.009523809523809525
ENSG00000198104	0.009523809523809525
ENSG00000198113	0.009523809523809525
ENSG00000198131	0.01904761904761905
ENSG00000198133	0.009523809523809525
ENSG00000198173	0.009523809523809525
ENSG00000198176	0.009523809523809525
ENSG00000198185	0.009523809523809525
ENSG00000198189	0.009523809523809525
ENSG00000198198	0.009523809523809525
ENSG00000198216	0.02857142857142857
ENSG00000198223	0.009523809523809525
ENSG00000198286	0.009523809523809525
ENSG00000198298	0.009523809523809525
ENSG00000198300	0.01904761904761905
ENSG00000198354	0.01904761904761905
ENSG00000198393	0.009523809523809525
ENSG00000198400	0.009523809523809525
ENSG00000198408	0.009523809523809525
ENSG00000198445	0.01904761904761905
ENSG00000198483	0.009523809523809525
ENSG00000198535	0.009523809523809525
ENSG00000198538	0.009523809523809525
ENSG00000198542	0.009523809523809525
ENSG00000198547	0.009523809523809525
ENSG00000198551	0.009523809523809525
ENSG00000198561	0.009523809523809525
ENSG00000198589	0.009523809523809525
ENSG00000198597	0.01904761904761905
ENSG00000198598	0.009523809523809525
ENSG00000198601	0.01904761904761905
ENSG00000198610	0.009523809523809525
ENSG00000198626	0.06666666666666667
ENSG00000198642	0.009523809523809525
ENSG00000198646	0.01904761904761905
ENSG00000198668	0.009523809523809525
ENSG00000198691	0.01904761904761905
ENSG00000198718	0.009523809523809525
ENSG00000198720	0.009523809523809525
ENSG00000198721	0.009523809523809525
ENSG00000198732	0.009523809523809525
ENSG00000198753	0.009523809523809525
ENSG00000198758	0.01904761904761905
ENSG00000198765	0.009523809523809525
ENSG00000198768	0.009523809523809525
ENSG00000198771	0.009523809523809525
ENSG00000198793	0.009523809523809525
ENSG00000198795	0.009523809523809525
ENSG00000198812	0.009523809523809525
ENSG00000198822	0.009523809523809525
ENSG00000198824	0.009523809523809525
ENSG00000198825	0.009523809523809525
ENSG00000198826	0.009523809523809525
ENSG00000198837	0.009523809523809525
ENSG00000198838	0.0380952380952381
ENSG00000198844	0.009523809523809525
ENSG00000198862	0.01904761904761905
ENSG00000198901	0.009523809523809525
ENSG00000198910	0.01904761904761905
ENSG00000198915	0.009523809523809525
ENSG00000198929	0.009523809523809525
ENSG00000198934	0.01904761904761905
ENSG00000198959	0.01904761904761905
ENSG00000198965	0.009523809523809525
ENSG00000203326	0.009523809523809525
ENSG00000203485	0.009523809523809525
ENSG00000203663	0.009523809523809525
ENSG00000203772	0.009523809523809525
ENSG00000203791	0.009523809523809525
ENSG00000203797	0.009523809523809525
ENSG00000203909	0.009523809523809525
ENSG00000204019	0.009523809523809525
ENSG00000204033	0.009523809523809525
ENSG00000204099	0.009523809523809525
ENSG00000204104	0.009523809523809525
ENSG00000204120	0.009523809523809525
ENSG00000204176	0.009523809523809525
ENSG00000204227	0.009523809523809525
ENSG00000204246	0.009523809523809525
ENSG00000204248	0.01904761904761905
ENSG00000204252	0.009523809523809525
ENSG00000204290	0.009523809523809525
ENSG00000204291	0.009523809523809525
ENSG00000204371	0.009523809523809525
ENSG00000204381	0.009523809523809525
ENSG00000204394	0.009523809523809525
ENSG00000204396	0.009523809523809525
ENSG00000204403	0.009523809523809525
ENSG00000204410	0.01904761904761905
ENSG00000204469	0.01904761904761905
ENSG00000204478	0.01904761904761905
ENSG00000204498	0.01904761904761905
ENSG00000204516	0.009523809523809525
ENSG00000204519	0.009523809523809525
ENSG00000204520	0.009523809523809525
ENSG00000204525	0.009523809523809525
ENSG00000204542	0.009523809523809525
ENSG00000204560	0.009523809523809525
ENSG00000204569	0.009523809523809525
ENSG00000204624	0.009523809523809525
ENSG00000204628	0.009523809523809525
ENSG00000204640	0.009523809523809525
ENSG00000204655	0.009523809523809525
ENSG00000204687	0.009523809523809525
ENSG00000204695	0.009523809523809525
ENSG00000204701	0.009523809523809525
ENSG00000204703	0.009523809523809525
ENSG00000204704	0.009523809523809525
ENSG00000204740	0.009523809523809525
ENSG00000204779	0.009523809523809525
ENSG00000204930	0.009523809523809525
ENSG00000204947	0.009523809523809525
ENSG00000204956	0.01904761904761905
ENSG00000204961	0.009523809523809525
ENSG00000204962	0.009523809523809525
ENSG00000204963	0.02857142857142857
ENSG00000204965	0.01904761904761905
ENSG00000204983	0.009523809523809525
ENSG00000205030	0.009523809523809525
ENSG00000205038	0.009523809523809525
ENSG00000205076	0.009523809523809525
ENSG00000205143	0.009523809523809525
ENSG00000205221	0.009523809523809525
ENSG00000205268	0.009523809523809525
ENSG00000205277	0.009523809523809525
ENSG00000205359	0.0380952380952381
ENSG00000205420	0.009523809523809525
ENSG00000205456	0.009523809523809525
ENSG00000205495	0.009523809523809525
ENSG00000205832	0.01904761904761905
ENSG00000206190	0.01904761904761905
ENSG00000206203	0.009523809523809525
ENSG00000206384	0.009523809523809525
ENSG00000206422	0.009523809523809525
ENSG00000206432	0.009523809523809525
ENSG00000206557	0.01904761904761905
ENSG00000206559	0.009523809523809525
ENSG00000206579	0.009523809523809525
ENSG00000211455	0.009523809523809525
ENSG00000211626	0.009523809523809525
ENSG00000211654	0.009523809523809525
ENSG00000211658	0.009523809523809525
ENSG00000211734	0.009523809523809525
ENSG00000211797	0.009523809523809525
ENSG00000211800	0.009523809523809525
ENSG00000211899	0.009523809523809525
ENSG00000212122	0.02857142857142857
ENSG00000212126	0.009523809523809525
ENSG00000212710	0.009523809523809525
ENSG00000212747	0.009523809523809525
ENSG00000213024	0.009523809523809525
ENSG00000213171	0.009523809523809525
ENSG00000213186	0.009523809523809525
ENSG00000213203	0.009523809523809525
ENSG00000213204	0.009523809523809525
ENSG00000213265	0.009523809523809525
ENSG00000213316	0.009523809523809525
ENSG00000213401	0.009523809523809525
ENSG00000213417	0.009523809523809525
ENSG00000213672	0.01904761904761905
ENSG00000213809	0.009523809523809525
ENSG00000213859	0.009523809523809525
ENSG00000213903	0.009523809523809525
ENSG00000213930	0.009523809523809525
ENSG00000213949	0.009523809523809525
ENSG00000213988	0.009523809523809525
ENSG00000214046	0.009523809523809525
ENSG00000214078	0.009523809523809525
ENSG00000214107	0.01904761904761905
ENSG00000214285	0.009523809523809525
ENSG00000214300	0.009523809523809525
ENSG00000214336	0.009523809523809525
ENSG00000214595	0.009523809523809525
ENSG00000214717	0.009523809523809525
ENSG00000214929	0.009523809523809525
ENSG00000214944	0.009523809523809525
ENSG00000215009	0.01904761904761905
ENSG00000215182	0.01904761904761905
ENSG00000215218	0.009523809523809525
ENSG00000215252	0.009523809523809525
ENSG00000215421	0.01904761904761905
ENSG00000215440	0.009523809523809525
ENSG00000215474	0.009523809523809525
ENSG00000215595	0.009523809523809525
ENSG00000215612	0.01904761904761905
ENSG00000215644	0.009523809523809525
ENSG00000215788	0.009523809523809525
ENSG00000218336	0.009523809523809525
ENSG00000218819	0.01904761904761905
ENSG00000218823	0.009523809523809525
ENSG00000221866	0.01904761904761905
ENSG00000221890	0.009523809523809525
ENSG00000221900	0.05714285714285714
ENSG00000221944	0.009523809523809525
ENSG00000224420	0.009523809523809525
ENSG00000224940	0.009523809523809525
ENSG00000224960	0.009523809523809525
ENSG00000225556	0.009523809523809525
ENSG00000225614	0.0380952380952381
ENSG00000225830	0.01904761904761905
ENSG00000226174	0.009523809523809525
ENSG00000226288	0.009523809523809525
ENSG00000226321	0.01904761904761905
ENSG00000226660	0.009523809523809525
ENSG00000226807	0.009523809523809525
ENSG00000227057	0.009523809523809525
ENSG00000227124	0.009523809523809525
ENSG00000230626	0.009523809523809525
ENSG00000231192	0.009523809523809525
ENSG00000231925	0.009523809523809525
ENSG00000232030	0.009523809523809525
ENSG00000232040	0.01904761904761905
ENSG00000232388	0.009523809523809525
ENSG00000234409	0.009523809523809525
ENSG00000234560	0.009523809523809525
ENSG00000234616	0.009523809523809525
ENSG00000234776	0.009523809523809525
ENSG00000235711	0.009523809523809525
ENSG00000235718	0.009523809523809525
ENSG00000236125	0.009523809523809525
ENSG00000236980	0.009523809523809525
ENSG00000236981	0.009523809523809525
ENSG00000237289	0.009523809523809525
ENSG00000237649	0.009523809523809525
ENSG00000239305	0.02857142857142857
ENSG00000239389	0.009523809523809525
ENSG00000240303	0.009523809523809525
ENSG00000240382	0.009523809523809525
ENSG00000240682	0.009523809523809525
ENSG00000240764	0.009523809523809525
ENSG00000240871	0.009523809523809525
ENSG00000241839	0.009523809523809525
ENSG00000242019	0.0380952380952381
ENSG00000242580	0.009523809523809525
ENSG00000242866	0.009523809523809525
ENSG00000242950	0.009523809523809525
ENSG00000243137	0.009523809523809525
ENSG00000243509	0.009523809523809525
ENSG00000243649	0.009523809523809525
ENSG00000243710	0.009523809523809525
ENSG00000244038	0.009523809523809525
ENSG00000244219	0.009523809523809525
ENSG00000244486	0.009523809523809525
ENSG00000247746	0.009523809523809525
ENSG00000248098	0.009523809523809525
ENSG00000248383	0.009523809523809525
ENSG00000248385	0.009523809523809525
ENSG00000248713	0.009523809523809525
ENSG00000248746	0.009523809523809525
ENSG00000249437	0.009523809523809525
ENSG00000249693	0.009523809523809525
ENSG00000249715	0.009523809523809525
ENSG00000250423	0.009523809523809525
ENSG00000250799	0.009523809523809525
ENSG00000253159	0.01904761904761905
ENSG00000253485	0.009523809523809525
ENSG00000253729	0.009523809523809525
ENSG00000253731	0.01904761904761905
ENSG00000253953	0.009523809523809525
ENSG00000254245	0.009523809523809525
ENSG00000254415	0.009523809523809525
ENSG00000254585	0.01904761904761905
ENSG00000254598	0.01904761904761905
ENSG00000254726	0.009523809523809525
ENSG00000255012	0.009523809523809525
ENSG00000255346	0.009523809523809525
ENSG00000255408	0.01904761904761905
ENSG00000256394	0.009523809523809525
ENSG00000256463	0.009523809523809525
ENSG00000256812	0.009523809523809525
ENSG00000256870	0.009523809523809525
ENSG00000257335	0.009523809523809525
ENSG00000257704	0.009523809523809525
ENSG00000257743	0.02857142857142857
ENSG00000258555	0.009523809523809525
ENSG00000258992	0.009523809523809525
ENSG00000259571	0.009523809523809525
ENSG00000260314	0.01904761904761905
ENSG00000260903	0.009523809523809525
ENSG00000261150	0.009523809523809525
ENSG00000261308	0.009523809523809525
ENSG00000262209	0.009523809523809525
ENSG00000262576	0.01904761904761905
ENSG00000263761	0.009523809523809525
ENSG00000265972	0.009523809523809525
ENSG00000266074	0.01904761904761905
ENSG00000266200	0.009523809523809525
ENSG00000266524	0.009523809523809525
ENSG00000267467	0.009523809523809525
ENSG00000267680	0.009523809523809525
ENSG00000268089	0.01904761904761905
ENSG00000268964	0.009523809523809525
ENSG00000270601	0.009523809523809525
ENSG00000270765	0.009523809523809525
ENSG00000270885	0.009523809523809525
ENSG00000271425	0.009523809523809525
ENSG00000272031	0.009523809523809525
ENSG00000272333	0.009523809523809525
ENSG00000272674	0.009523809523809525
ENSG00000273514	0.009523809523809525
ENSG00000273540	0.009523809523809525
ENSG00000273559	0.009523809523809525
ENSG00000273802	0.009523809523809525
ENSG00000274808	0.009523809523809525
ENSG00000275342	0.009523809523809525
ENSG00000275379	0.009523809523809525
ENSG00000275395	0.009523809523809525
ENSG00000275489	0.009523809523809525
ENSG00000275591	0.01904761904761905
ENSG00000275835	0.009523809523809525
ENSG00000276043	0.009523809523809525
ENSG00000276231	0.01904761904761905
ENSG00000276234	0.009523809523809525
ENSG00000277157	0.009523809523809525
ENSG00000277161	0.009523809523809525
ENSG00000277322	0.009523809523809525
ENSG00000277363	0.01904761904761905
ENSG00000277399	0.009523809523809525
ENSG00000277481	0.009523809523809525
ENSG00000277865	0.009523809523809525
ENSG00000278318	0.009523809523809525
ENSG00000278540	0.01904761904761905
ENSG00000279012	0.009523809523809525
ENSG00000279263	0.009523809523809525
ENSG00000279395	0.009523809523809525
ENSG00000279961	0.009523809523809525
ENSG00000280789	0.009523809523809525
ENSG00000283787	0.009523809523809525
ENSG00000284609	0.009523809523809525
ENSG00000284680	0.009523809523809525
ENSG00000284770	0.009523809523809525
ENSG00000284862	0.01904761904761905
